patient_id,integrated_risk_score,integrated_risk_class,original_risk_class,integration_confidence,evidence_status,observed_modalities,missing_modalities,ml_prediction,dl_prediction,nlp_urgency,model_agreement,safety_flag,safety_reason,entity_count,gene_mutations,drugs,adverse_events,reasoning_summary
BENCH_PAT_001,0.0733,LOW,LOW,0.9259,FULL_MULTIMODAL,"['ML', 'DL', 'NLP']",[],LOW,LOW,HIGH,DISAGREEMENT,True,Severe cross-modal discordance: acute clinical note signals HIGH urgency while baseline ML or DL imaging indicates LOW risk.,35,[],[],[],"Patient BENCH_PAT_001 evaluated under evidence level [FULL_MULTIMODAL]. Synthesized integrated score is 0.0733 yielding raw risk class [LOW]. Contributions (ML: 0.0000 risk weight, DL: 0.0140 risk weight, NLP: 0.0592 risk weight). Cross-modal concordance: [DISAGREEMENT]. Safety Net Override: Severe cross-modal discordance: acute clinical note signals HIGH urgency while baseline ML or DL imaging indicates LOW risk. Final assigned risk is [LOW]."
BENCH_PAT_002,0.0839,LOW,LOW,0.9074,FULL_MULTIMODAL,"['ML', 'DL', 'NLP']",[],MODERATE,MODERATE,HIGH,PARTIAL_AGREEMENT,False,No active safety alerts.,38,[],[],[],"Patient BENCH_PAT_002 evaluated under evidence level [FULL_MULTIMODAL]. Synthesized integrated score is 0.0839 yielding raw risk class [LOW]. Contributions (ML: 0.0008 risk weight, DL: 0.0420 risk weight, NLP: 0.0411 risk weight). Cross-modal concordance: [PARTIAL_AGREEMENT]. No active safety escalations triggered. Final assigned risk is [LOW]."
BENCH_PAT_003,0.0516,LOW,LOW,0.9092,FULL_MULTIMODAL,"['ML', 'DL', 'NLP']",[],MODERATE,MODERATE,MODERATE,FULL_AGREEMENT,False,No active safety alerts.,35,[],[],[],"Patient BENCH_PAT_003 evaluated under evidence level [FULL_MULTIMODAL]. Synthesized integrated score is 0.0516 yielding raw risk class [LOW]. Contributions (ML: 0.0008 risk weight, DL: 0.0420 risk weight, NLP: 0.0087 risk weight). Cross-modal concordance: [FULL_AGREEMENT]. No active safety escalations triggered. Final assigned risk is [LOW]."
BENCH_PAT_004,0.1993,MODERATE,LOW,0.9099,FULL_MULTIMODAL,"['ML', 'DL', 'NLP']",[],MODERATE,MODERATE,HIGH,PARTIAL_AGREEMENT,True,Acute clinical text probability P(HIGH)=0.5212 >= 0.3; escalated LOW to MODERATE.,32,[],[],[],"Patient BENCH_PAT_004 evaluated under evidence level [FULL_MULTIMODAL]. Synthesized integrated score is 0.1993 yielding raw risk class [LOW]. Contributions (ML: 0.0009 risk weight, DL: 0.0420 risk weight, NLP: 0.1564 risk weight). Cross-modal concordance: [PARTIAL_AGREEMENT]. Safety Net Override: Acute clinical text probability P(HIGH)=0.5212 >= 0.3; escalated LOW to MODERATE. Final assigned risk is [MODERATE]."
BENCH_PAT_005,0.1347,MODERATE,LOW,0.9084,FULL_MULTIMODAL,"['ML', 'DL', 'NLP']",[],MODERATE,MODERATE,HIGH,PARTIAL_AGREEMENT,True,Acute clinical text probability P(HIGH)=0.306 >= 0.3; escalated LOW to MODERATE.,34,[],[],[],"Patient BENCH_PAT_005 evaluated under evidence level [FULL_MULTIMODAL]. Synthesized integrated score is 0.1347 yielding raw risk class [LOW]. Contributions (ML: 0.0009 risk weight, DL: 0.0420 risk weight, NLP: 0.0918 risk weight). Cross-modal concordance: [PARTIAL_AGREEMENT]. Safety Net Override: Acute clinical text probability P(HIGH)=0.306 >= 0.3; escalated LOW to MODERATE. Final assigned risk is [MODERATE]."
BENCH_PAT_006,0.0496,LOW,LOW,0.9051,FULL_MULTIMODAL,"['ML', 'DL', 'NLP']",[],MODERATE,MODERATE,MODERATE,FULL_AGREEMENT,False,No active safety alerts.,34,[],[],[],"Patient BENCH_PAT_006 evaluated under evidence level [FULL_MULTIMODAL]. Synthesized integrated score is 0.0496 yielding raw risk class [LOW]. Contributions (ML: 0.0009 risk weight, DL: 0.0420 risk weight, NLP: 0.0067 risk weight). Cross-modal concordance: [FULL_AGREEMENT]. No active safety escalations triggered. Final assigned risk is [LOW]."
BENCH_PAT_007,0.7639,HIGH,HIGH,0.9115,FULL_MULTIMODAL,"['ML', 'DL', 'NLP']",[],HIGH,HIGH,HIGH,FULL_AGREEMENT,False,No active safety alerts.,33,[],[],[],"Patient BENCH_PAT_007 evaluated under evidence level [FULL_MULTIMODAL]. Synthesized integrated score is 0.7639 yielding raw risk class [HIGH]. Contributions (ML: 0.3458 risk weight, DL: 0.2730 risk weight, NLP: 0.1451 risk weight). Cross-modal concordance: [FULL_AGREEMENT]. No active safety escalations triggered. Final assigned risk is [HIGH]."
BENCH_PAT_008,0.0515,LOW,LOW,0.9309,FULL_MULTIMODAL,"['ML', 'DL', 'NLP']",[],LOW,LOW,HIGH,DISAGREEMENT,True,Severe cross-modal discordance: acute clinical note signals HIGH urgency while baseline ML or DL imaging indicates LOW risk.,37,[],[],[],"Patient BENCH_PAT_008 evaluated under evidence level [FULL_MULTIMODAL]. Synthesized integrated score is 0.0515 yielding raw risk class [LOW]. Contributions (ML: 0.0000 risk weight, DL: 0.0140 risk weight, NLP: 0.0375 risk weight). Cross-modal concordance: [DISAGREEMENT]. Safety Net Override: Severe cross-modal discordance: acute clinical note signals HIGH urgency while baseline ML or DL imaging indicates LOW risk. Final assigned risk is [LOW]."
BENCH_PAT_009,0.1072,MODERATE,LOW,0.9328,FULL_MULTIMODAL,"['ML', 'DL', 'NLP']",[],LOW,LOW,HIGH,DISAGREEMENT,True,Acute clinical text probability P(HIGH)=0.3108 >= 0.3; escalated LOW to MODERATE.; Severe cross-modal discordance: acute clinical note signals HIGH urgency while baseline ML or DL imaging indicates LOW risk.,31,[],[],[],"Patient BENCH_PAT_009 evaluated under evidence level [FULL_MULTIMODAL]. Synthesized integrated score is 0.1072 yielding raw risk class [LOW]. Contributions (ML: 0.0000 risk weight, DL: 0.0140 risk weight, NLP: 0.0932 risk weight). Cross-modal concordance: [DISAGREEMENT]. Safety Net Override: Acute clinical text probability P(HIGH)=0.3108 >= 0.3; escalated LOW to MODERATE.; Severe cross-modal discordance: acute clinical note signals HIGH urgency while baseline ML or DL imaging indicates LOW risk. Final assigned risk is [MODERATE]."
BENCH_PAT_010,0.077,LOW,LOW,0.9296,FULL_MULTIMODAL,"['ML', 'DL', 'NLP']",[],LOW,LOW,HIGH,DISAGREEMENT,True,Severe cross-modal discordance: acute clinical note signals HIGH urgency while baseline ML or DL imaging indicates LOW risk.,35,[],[],[],"Patient BENCH_PAT_010 evaluated under evidence level [FULL_MULTIMODAL]. Synthesized integrated score is 0.0770 yielding raw risk class [LOW]. Contributions (ML: 0.0000 risk weight, DL: 0.0140 risk weight, NLP: 0.0629 risk weight). Cross-modal concordance: [DISAGREEMENT]. Safety Net Override: Severe cross-modal discordance: acute clinical note signals HIGH urgency while baseline ML or DL imaging indicates LOW risk. Final assigned risk is [LOW]."
BENCH_PAT_011,0.1077,LOW,LOW,0.8993,FULL_MULTIMODAL,"['ML', 'DL', 'NLP']",[],MODERATE,MODERATE,HIGH,PARTIAL_AGREEMENT,False,No active safety alerts.,32,[],[],[],"Patient BENCH_PAT_011 evaluated under evidence level [FULL_MULTIMODAL]. Synthesized integrated score is 0.1077 yielding raw risk class [LOW]. Contributions (ML: 0.0028 risk weight, DL: 0.0420 risk weight, NLP: 0.0629 risk weight). Cross-modal concordance: [PARTIAL_AGREEMENT]. No active safety escalations triggered. Final assigned risk is [LOW]."
BENCH_PAT_012,0.1876,MODERATE,LOW,0.9082,FULL_MULTIMODAL,"['ML', 'DL', 'NLP']",[],MODERATE,MODERATE,HIGH,PARTIAL_AGREEMENT,True,Acute clinical text probability P(HIGH)=0.4829 >= 0.3; escalated LOW to MODERATE.,31,[],[],[],"Patient BENCH_PAT_012 evaluated under evidence level [FULL_MULTIMODAL]. Synthesized integrated score is 0.1876 yielding raw risk class [LOW]. Contributions (ML: 0.0007 risk weight, DL: 0.0420 risk weight, NLP: 0.1449 risk weight). Cross-modal concordance: [PARTIAL_AGREEMENT]. Safety Net Override: Acute clinical text probability P(HIGH)=0.4829 >= 0.3; escalated LOW to MODERATE. Final assigned risk is [MODERATE]."
BENCH_PAT_013,0.678,HIGH,HIGH,0.8944,FULL_MULTIMODAL,"['ML', 'DL', 'NLP']",[],HIGH,HIGH,HIGH,FULL_AGREEMENT,False,No active safety alerts.,34,[],[],[],"Patient BENCH_PAT_013 evaluated under evidence level [FULL_MULTIMODAL]. Synthesized integrated score is 0.6780 yielding raw risk class [HIGH]. Contributions (ML: 0.3251 risk weight, DL: 0.2730 risk weight, NLP: 0.0799 risk weight). Cross-modal concordance: [FULL_AGREEMENT]. No active safety escalations triggered. Final assigned risk is [HIGH]."
BENCH_PAT_014,0.1029,LOW,LOW,0.9307,FULL_MULTIMODAL,"['ML', 'DL', 'NLP']",[],LOW,LOW,HIGH,DISAGREEMENT,True,Severe cross-modal discordance: acute clinical note signals HIGH urgency while baseline ML or DL imaging indicates LOW risk.,40,[],[],[],"Patient BENCH_PAT_014 evaluated under evidence level [FULL_MULTIMODAL]. Synthesized integrated score is 0.1029 yielding raw risk class [LOW]. Contributions (ML: 0.0000 risk weight, DL: 0.0140 risk weight, NLP: 0.0889 risk weight). Cross-modal concordance: [DISAGREEMENT]. Safety Net Override: Severe cross-modal discordance: acute clinical note signals HIGH urgency while baseline ML or DL imaging indicates LOW risk. Final assigned risk is [LOW]."
BENCH_PAT_015,0.1637,MODERATE,LOW,0.9078,FULL_MULTIMODAL,"['ML', 'DL', 'NLP']",[],MODERATE,MODERATE,HIGH,PARTIAL_AGREEMENT,True,Acute clinical text probability P(HIGH)=0.3974 >= 0.3; escalated LOW to MODERATE.,36,[],[],[],"Patient BENCH_PAT_015 evaluated under evidence level [FULL_MULTIMODAL]. Synthesized integrated score is 0.1637 yielding raw risk class [LOW]. Contributions (ML: 0.0025 risk weight, DL: 0.0420 risk weight, NLP: 0.1192 risk weight). Cross-modal concordance: [PARTIAL_AGREEMENT]. Safety Net Override: Acute clinical text probability P(HIGH)=0.3974 >= 0.3; escalated LOW to MODERATE. Final assigned risk is [MODERATE]."
BENCH_PAT_016,0.1344,MODERATE,LOW,0.9101,FULL_MULTIMODAL,"['ML', 'DL', 'NLP']",[],MODERATE,MODERATE,HIGH,PARTIAL_AGREEMENT,True,Acute clinical text probability P(HIGH)=0.3021 >= 0.3; escalated LOW to MODERATE.,37,[],[],[],"Patient BENCH_PAT_016 evaluated under evidence level [FULL_MULTIMODAL]. Synthesized integrated score is 0.1344 yielding raw risk class [LOW]. Contributions (ML: 0.0017 risk weight, DL: 0.0420 risk weight, NLP: 0.0906 risk weight). Cross-modal concordance: [PARTIAL_AGREEMENT]. Safety Net Override: Acute clinical text probability P(HIGH)=0.3021 >= 0.3; escalated LOW to MODERATE. Final assigned risk is [MODERATE]."
BENCH_PAT_017,0.0929,LOW,LOW,0.9308,FULL_MULTIMODAL,"['ML', 'DL', 'NLP']",[],LOW,LOW,HIGH,DISAGREEMENT,True,Severe cross-modal discordance: acute clinical note signals HIGH urgency while baseline ML or DL imaging indicates LOW risk.,36,[],[],[],"Patient BENCH_PAT_017 evaluated under evidence level [FULL_MULTIMODAL]. Synthesized integrated score is 0.0929 yielding raw risk class [LOW]. Contributions (ML: 0.0000 risk weight, DL: 0.0140 risk weight, NLP: 0.0789 risk weight). Cross-modal concordance: [DISAGREEMENT]. Safety Net Override: Severe cross-modal discordance: acute clinical note signals HIGH urgency while baseline ML or DL imaging indicates LOW risk. Final assigned risk is [LOW]."
BENCH_PAT_018,0.1082,LOW,LOW,0.908,FULL_MULTIMODAL,"['ML', 'DL', 'NLP']",[],MODERATE,MODERATE,HIGH,PARTIAL_AGREEMENT,False,No active safety alerts.,36,[],[],[],"Patient BENCH_PAT_018 evaluated under evidence level [FULL_MULTIMODAL]. Synthesized integrated score is 0.1082 yielding raw risk class [LOW]. Contributions (ML: 0.0006 risk weight, DL: 0.0420 risk weight, NLP: 0.0656 risk weight). Cross-modal concordance: [PARTIAL_AGREEMENT]. No active safety escalations triggered. Final assigned risk is [LOW]."
BENCH_PAT_019,0.1078,LOW,LOW,0.9112,FULL_MULTIMODAL,"['ML', 'DL', 'NLP']",[],MODERATE,MODERATE,HIGH,PARTIAL_AGREEMENT,False,No active safety alerts.,35,[],[],[],"Patient BENCH_PAT_019 evaluated under evidence level [FULL_MULTIMODAL]. Synthesized integrated score is 0.1078 yielding raw risk class [LOW]. Contributions (ML: 0.0006 risk weight, DL: 0.0420 risk weight, NLP: 0.0652 risk weight). Cross-modal concordance: [PARTIAL_AGREEMENT]. No active safety escalations triggered. Final assigned risk is [LOW]."
BENCH_PAT_020,0.0749,LOW,LOW,0.9305,FULL_MULTIMODAL,"['ML', 'DL', 'NLP']",[],LOW,LOW,HIGH,DISAGREEMENT,True,Severe cross-modal discordance: acute clinical note signals HIGH urgency while baseline ML or DL imaging indicates LOW risk.,31,[],[],[],"Patient BENCH_PAT_020 evaluated under evidence level [FULL_MULTIMODAL]. Synthesized integrated score is 0.0749 yielding raw risk class [LOW]. Contributions (ML: 0.0000 risk weight, DL: 0.0140 risk weight, NLP: 0.0609 risk weight). Cross-modal concordance: [DISAGREEMENT]. Safety Net Override: Severe cross-modal discordance: acute clinical note signals HIGH urgency while baseline ML or DL imaging indicates LOW risk. Final assigned risk is [LOW]."
BENCH_PAT_021,0.1621,MODERATE,LOW,0.9041,FULL_MULTIMODAL,"['ML', 'DL', 'NLP']",[],MODERATE,MODERATE,HIGH,PARTIAL_AGREEMENT,True,Acute clinical text probability P(HIGH)=0.3973 >= 0.3; escalated LOW to MODERATE.,31,[],[],[],"Patient BENCH_PAT_021 evaluated under evidence level [FULL_MULTIMODAL]. Synthesized integrated score is 0.1621 yielding raw risk class [LOW]. Contributions (ML: 0.0009 risk weight, DL: 0.0420 risk weight, NLP: 0.1192 risk weight). Cross-modal concordance: [PARTIAL_AGREEMENT]. Safety Net Override: Acute clinical text probability P(HIGH)=0.3973 >= 0.3; escalated LOW to MODERATE. Final assigned risk is [MODERATE]."
BENCH_PAT_022,0.1114,MODERATE,LOW,0.931,FULL_MULTIMODAL,"['ML', 'DL', 'NLP']",[],LOW,LOW,HIGH,DISAGREEMENT,True,Acute clinical text probability P(HIGH)=0.3247 >= 0.3; escalated LOW to MODERATE.; Severe cross-modal discordance: acute clinical note signals HIGH urgency while baseline ML or DL imaging indicates LOW risk.,34,[],[],[],"Patient BENCH_PAT_022 evaluated under evidence level [FULL_MULTIMODAL]. Synthesized integrated score is 0.1114 yielding raw risk class [LOW]. Contributions (ML: 0.0000 risk weight, DL: 0.0140 risk weight, NLP: 0.0974 risk weight). Cross-modal concordance: [DISAGREEMENT]. Safety Net Override: Acute clinical text probability P(HIGH)=0.3247 >= 0.3; escalated LOW to MODERATE.; Severe cross-modal discordance: acute clinical note signals HIGH urgency while baseline ML or DL imaging indicates LOW risk. Final assigned risk is [MODERATE]."
BENCH_PAT_023,0.0827,LOW,LOW,0.9094,FULL_MULTIMODAL,"['ML', 'DL', 'NLP']",[],MODERATE,MODERATE,HIGH,PARTIAL_AGREEMENT,False,No active safety alerts.,34,[],[],[],"Patient BENCH_PAT_023 evaluated under evidence level [FULL_MULTIMODAL]. Synthesized integrated score is 0.0827 yielding raw risk class [LOW]. Contributions (ML: 0.0008 risk weight, DL: 0.0420 risk weight, NLP: 0.0399 risk weight). Cross-modal concordance: [PARTIAL_AGREEMENT]. No active safety escalations triggered. Final assigned risk is [LOW]."
BENCH_PAT_024,0.1872,MODERATE,LOW,0.9106,FULL_MULTIMODAL,"['ML', 'DL', 'NLP']",[],MODERATE,MODERATE,HIGH,PARTIAL_AGREEMENT,True,Acute clinical text probability P(HIGH)=0.4819 >= 0.3; escalated LOW to MODERATE.,33,[],[],[],"Patient BENCH_PAT_024 evaluated under evidence level [FULL_MULTIMODAL]. Synthesized integrated score is 0.1872 yielding raw risk class [LOW]. Contributions (ML: 0.0007 risk weight, DL: 0.0420 risk weight, NLP: 0.1446 risk weight). Cross-modal concordance: [PARTIAL_AGREEMENT]. Safety Net Override: Acute clinical text probability P(HIGH)=0.4819 >= 0.3; escalated LOW to MODERATE. Final assigned risk is [MODERATE]."
TCGA-CU-A72E,0.9997,HIGH,HIGH,0.6498,SINGLE_MODALITY,['ML'],"['DL', 'NLP']",HIGH,,,SINGLE_MODALITY,True,"Elevated risk patient with incomplete modality coverage (Missing: ['DL', 'NLP']). Clinician review recommended.",0,[],[],[],"Patient TCGA-CU-A72E evaluated under evidence level [SINGLE_MODALITY]. Synthesized integrated score is 0.9997 yielding raw risk class [HIGH]. Contributions (ML: 0.9997 risk weight). Cross-modal concordance: [SINGLE_MODALITY]. Safety Net Override: Elevated risk patient with incomplete modality coverage (Missing: ['DL', 'NLP']). Clinician review recommended. Final assigned risk is [HIGH]."
TCGA-61-1899,0.0028,LOW,LOW,0.6447,SINGLE_MODALITY,['ML'],"['DL', 'NLP']",MODERATE,,,SINGLE_MODALITY,False,No active safety alerts.,0,[],[],[],Patient TCGA-61-1899 evaluated under evidence level [SINGLE_MODALITY]. Synthesized integrated score is 0.0028 yielding raw risk class [LOW]. Contributions (ML: 0.0028 risk weight). Cross-modal concordance: [SINGLE_MODALITY]. No active safety escalations triggered. Final assigned risk is [LOW].
TCGA-20-0991,0.0001,LOW,LOW,0.6469,SINGLE_MODALITY,['ML'],"['DL', 'NLP']",LOW,,,SINGLE_MODALITY,False,No active safety alerts.,0,[],[],[],Patient TCGA-20-0991 evaluated under evidence level [SINGLE_MODALITY]. Synthesized integrated score is 0.0001 yielding raw risk class [LOW]. Contributions (ML: 0.0001 risk weight). Cross-modal concordance: [SINGLE_MODALITY]. No active safety escalations triggered. Final assigned risk is [LOW].
TCGA-55-8507,0.0,LOW,LOW,0.6498,SINGLE_MODALITY,['ML'],"['DL', 'NLP']",LOW,,,SINGLE_MODALITY,False,No active safety alerts.,0,[],[],[],Patient TCGA-55-8507 evaluated under evidence level [SINGLE_MODALITY]. Synthesized integrated score is 0.0000 yielding raw risk class [LOW]. Contributions (ML: 0.0000 risk weight). Cross-modal concordance: [SINGLE_MODALITY]. No active safety escalations triggered. Final assigned risk is [LOW].
TCGA-24-1849,0.0005,LOW,LOW,0.5859,SINGLE_MODALITY,['ML'],"['DL', 'NLP']",LOW,,,SINGLE_MODALITY,False,No active safety alerts.,0,[],[],[],Patient TCGA-24-1849 evaluated under evidence level [SINGLE_MODALITY]. Synthesized integrated score is 0.0005 yielding raw risk class [LOW]. Contributions (ML: 0.0005 risk weight). Cross-modal concordance: [SINGLE_MODALITY]. No active safety escalations triggered. Final assigned risk is [LOW].
TCGA-EE-A3AA,0.9995,HIGH,HIGH,0.6497,SINGLE_MODALITY,['ML'],"['DL', 'NLP']",HIGH,,,SINGLE_MODALITY,True,"Elevated risk patient with incomplete modality coverage (Missing: ['DL', 'NLP']). Clinician review recommended.",0,[],[],[],"Patient TCGA-EE-A3AA evaluated under evidence level [SINGLE_MODALITY]. Synthesized integrated score is 0.9995 yielding raw risk class [HIGH]. Contributions (ML: 0.9995 risk weight). Cross-modal concordance: [SINGLE_MODALITY]. Safety Net Override: Elevated risk patient with incomplete modality coverage (Missing: ['DL', 'NLP']). Clinician review recommended. Final assigned risk is [HIGH]."
TCGA-25-1329,0.0026,LOW,LOW,0.6453,SINGLE_MODALITY,['ML'],"['DL', 'NLP']",MODERATE,,,SINGLE_MODALITY,False,No active safety alerts.,0,[],[],[],Patient TCGA-25-1329 evaluated under evidence level [SINGLE_MODALITY]. Synthesized integrated score is 0.0026 yielding raw risk class [LOW]. Contributions (ML: 0.0026 risk weight). Cross-modal concordance: [SINGLE_MODALITY]. No active safety escalations triggered. Final assigned risk is [LOW].
TCGA-AC-A3W5,0.0001,LOW,LOW,0.6462,SINGLE_MODALITY,['ML'],"['DL', 'NLP']",LOW,,,SINGLE_MODALITY,False,No active safety alerts.,0,[],[],[],Patient TCGA-AC-A3W5 evaluated under evidence level [SINGLE_MODALITY]. Synthesized integrated score is 0.0001 yielding raw risk class [LOW]. Contributions (ML: 0.0001 risk weight). Cross-modal concordance: [SINGLE_MODALITY]. No active safety escalations triggered. Final assigned risk is [LOW].
TCGA-F2-A8YN,0.0121,LOW,LOW,0.6402,SINGLE_MODALITY,['ML'],"['DL', 'NLP']",MODERATE,,,SINGLE_MODALITY,False,No active safety alerts.,0,[],[],[],Patient TCGA-F2-A8YN evaluated under evidence level [SINGLE_MODALITY]. Synthesized integrated score is 0.0121 yielding raw risk class [LOW]. Contributions (ML: 0.0121 risk weight). Cross-modal concordance: [SINGLE_MODALITY]. No active safety escalations triggered. Final assigned risk is [LOW].
TCGA-G9-6353,0.0001,LOW,LOW,0.6465,SINGLE_MODALITY,['ML'],"['DL', 'NLP']",LOW,,,SINGLE_MODALITY,False,No active safety alerts.,0,[],[],[],Patient TCGA-G9-6353 evaluated under evidence level [SINGLE_MODALITY]. Synthesized integrated score is 0.0001 yielding raw risk class [LOW]. Contributions (ML: 0.0001 risk weight). Cross-modal concordance: [SINGLE_MODALITY]. No active safety escalations triggered. Final assigned risk is [LOW].
TCGA-BP-5200,0.0001,LOW,LOW,0.6456,SINGLE_MODALITY,['ML'],"['DL', 'NLP']",LOW,,,SINGLE_MODALITY,False,No active safety alerts.,0,[],[],[],Patient TCGA-BP-5200 evaluated under evidence level [SINGLE_MODALITY]. Synthesized integrated score is 0.0001 yielding raw risk class [LOW]. Contributions (ML: 0.0001 risk weight). Cross-modal concordance: [SINGLE_MODALITY]. No active safety escalations triggered. Final assigned risk is [LOW].
TCGA-29-1775,0.0253,LOW,LOW,0.6331,SINGLE_MODALITY,['ML'],"['DL', 'NLP']",MODERATE,,,SINGLE_MODALITY,False,No active safety alerts.,0,[],[],[],Patient TCGA-29-1775 evaluated under evidence level [SINGLE_MODALITY]. Synthesized integrated score is 0.0253 yielding raw risk class [LOW]. Contributions (ML: 0.0253 risk weight). Cross-modal concordance: [SINGLE_MODALITY]. No active safety escalations triggered. Final assigned risk is [LOW].
TCGA-AA-3867,0.9798,HIGH,HIGH,0.6369,SINGLE_MODALITY,['ML'],"['DL', 'NLP']",HIGH,,,SINGLE_MODALITY,True,"Elevated risk patient with incomplete modality coverage (Missing: ['DL', 'NLP']). Clinician review recommended.",0,[],[],[],"Patient TCGA-AA-3867 evaluated under evidence level [SINGLE_MODALITY]. Synthesized integrated score is 0.9798 yielding raw risk class [HIGH]. Contributions (ML: 0.9798 risk weight). Cross-modal concordance: [SINGLE_MODALITY]. Safety Net Override: Elevated risk patient with incomplete modality coverage (Missing: ['DL', 'NLP']). Clinician review recommended. Final assigned risk is [HIGH]."
TCGA-CV-A461,0.0016,LOW,LOW,0.6464,SINGLE_MODALITY,['ML'],"['DL', 'NLP']",MODERATE,,,SINGLE_MODALITY,False,No active safety alerts.,0,[],[],[],Patient TCGA-CV-A461 evaluated under evidence level [SINGLE_MODALITY]. Synthesized integrated score is 0.0016 yielding raw risk class [LOW]. Contributions (ML: 0.0016 risk weight). Cross-modal concordance: [SINGLE_MODALITY]. No active safety escalations triggered. Final assigned risk is [LOW].
TCGA-D3-A1QB,0.9986,HIGH,HIGH,0.6491,SINGLE_MODALITY,['ML'],"['DL', 'NLP']",HIGH,,,SINGLE_MODALITY,True,"Elevated risk patient with incomplete modality coverage (Missing: ['DL', 'NLP']). Clinician review recommended.",0,[],[],[],"Patient TCGA-D3-A1QB evaluated under evidence level [SINGLE_MODALITY]. Synthesized integrated score is 0.9986 yielding raw risk class [HIGH]. Contributions (ML: 0.9986 risk weight). Cross-modal concordance: [SINGLE_MODALITY]. Safety Net Override: Elevated risk patient with incomplete modality coverage (Missing: ['DL', 'NLP']). Clinician review recommended. Final assigned risk is [HIGH]."
TCGA-55-1592,0.0,LOW,LOW,0.6498,SINGLE_MODALITY,['ML'],"['DL', 'NLP']",LOW,,,SINGLE_MODALITY,False,No active safety alerts.,0,[],[],[],Patient TCGA-55-1592 evaluated under evidence level [SINGLE_MODALITY]. Synthesized integrated score is 0.0000 yielding raw risk class [LOW]. Contributions (ML: 0.0000 risk weight). Cross-modal concordance: [SINGLE_MODALITY]. No active safety escalations triggered. Final assigned risk is [LOW].
TCGA-AQ-A04J,0.0006,LOW,LOW,0.6488,SINGLE_MODALITY,['ML'],"['DL', 'NLP']",MODERATE,,,SINGLE_MODALITY,False,No active safety alerts.,0,[],[],[],Patient TCGA-AQ-A04J evaluated under evidence level [SINGLE_MODALITY]. Synthesized integrated score is 0.0006 yielding raw risk class [LOW]. Contributions (ML: 0.0006 risk weight). Cross-modal concordance: [SINGLE_MODALITY]. No active safety escalations triggered. Final assigned risk is [LOW].
TCGA-AF-A56L,0.9996,HIGH,HIGH,0.6497,SINGLE_MODALITY,['ML'],"['DL', 'NLP']",HIGH,,,SINGLE_MODALITY,True,"Elevated risk patient with incomplete modality coverage (Missing: ['DL', 'NLP']). Clinician review recommended.",0,[],[],[],"Patient TCGA-AF-A56L evaluated under evidence level [SINGLE_MODALITY]. Synthesized integrated score is 0.9996 yielding raw risk class [HIGH]. Contributions (ML: 0.9996 risk weight). Cross-modal concordance: [SINGLE_MODALITY]. Safety Net Override: Elevated risk patient with incomplete modality coverage (Missing: ['DL', 'NLP']). Clinician review recommended. Final assigned risk is [HIGH]."
TCGA-OL-A5RU,0.003,LOW,LOW,0.6456,SINGLE_MODALITY,['ML'],"['DL', 'NLP']",MODERATE,,,SINGLE_MODALITY,False,No active safety alerts.,0,[],[],[],Patient TCGA-OL-A5RU evaluated under evidence level [SINGLE_MODALITY]. Synthesized integrated score is 0.0030 yielding raw risk class [LOW]. Contributions (ML: 0.0030 risk weight). Cross-modal concordance: [SINGLE_MODALITY]. No active safety escalations triggered. Final assigned risk is [LOW].
TCGA-A3-3335,0.0699,LOW,LOW,0.6038,SINGLE_MODALITY,['ML'],"['DL', 'NLP']",MODERATE,,,SINGLE_MODALITY,False,No active safety alerts.,0,[],[],[],Patient TCGA-A3-3335 evaluated under evidence level [SINGLE_MODALITY]. Synthesized integrated score is 0.0699 yielding raw risk class [LOW]. Contributions (ML: 0.0699 risk weight). Cross-modal concordance: [SINGLE_MODALITY]. No active safety escalations triggered. Final assigned risk is [LOW].
TCGA-HZ-7926,0.0001,LOW,LOW,0.6473,SINGLE_MODALITY,['ML'],"['DL', 'NLP']",LOW,,,SINGLE_MODALITY,False,No active safety alerts.,0,[],[],[],Patient TCGA-HZ-7926 evaluated under evidence level [SINGLE_MODALITY]. Synthesized integrated score is 0.0001 yielding raw risk class [LOW]. Contributions (ML: 0.0001 risk weight). Cross-modal concordance: [SINGLE_MODALITY]. No active safety escalations triggered. Final assigned risk is [LOW].
TCGA-DD-AAE3,0.0,LOW,LOW,0.6499,SINGLE_MODALITY,['ML'],"['DL', 'NLP']",LOW,,,SINGLE_MODALITY,False,No active safety alerts.,0,[],[],[],Patient TCGA-DD-AAE3 evaluated under evidence level [SINGLE_MODALITY]. Synthesized integrated score is 0.0000 yielding raw risk class [LOW]. Contributions (ML: 0.0000 risk weight). Cross-modal concordance: [SINGLE_MODALITY]. No active safety escalations triggered. Final assigned risk is [LOW].
TCGA-17-Z001,0.0001,LOW,LOW,0.6463,SINGLE_MODALITY,['ML'],"['DL', 'NLP']",LOW,,,SINGLE_MODALITY,False,No active safety alerts.,0,[],[],[],Patient TCGA-17-Z001 evaluated under evidence level [SINGLE_MODALITY]. Synthesized integrated score is 0.0001 yielding raw risk class [LOW]. Contributions (ML: 0.0001 risk weight). Cross-modal concordance: [SINGLE_MODALITY]. No active safety escalations triggered. Final assigned risk is [LOW].
TCGA-FV-A4ZP,0.9556,HIGH,HIGH,0.6211,SINGLE_MODALITY,['ML'],"['DL', 'NLP']",HIGH,,,SINGLE_MODALITY,True,"Elevated risk patient with incomplete modality coverage (Missing: ['DL', 'NLP']). Clinician review recommended.",0,[],[],[],"Patient TCGA-FV-A4ZP evaluated under evidence level [SINGLE_MODALITY]. Synthesized integrated score is 0.9556 yielding raw risk class [HIGH]. Contributions (ML: 0.9556 risk weight). Cross-modal concordance: [SINGLE_MODALITY]. Safety Net Override: Elevated risk patient with incomplete modality coverage (Missing: ['DL', 'NLP']). Clinician review recommended. Final assigned risk is [HIGH]."
TCGA-44-A479,0.0065,LOW,LOW,0.6199,SINGLE_MODALITY,['ML'],"['DL', 'NLP']",MODERATE,,,SINGLE_MODALITY,False,No active safety alerts.,0,[],[],[],Patient TCGA-44-A479 evaluated under evidence level [SINGLE_MODALITY]. Synthesized integrated score is 0.0065 yielding raw risk class [LOW]. Contributions (ML: 0.0065 risk weight). Cross-modal concordance: [SINGLE_MODALITY]. No active safety escalations triggered. Final assigned risk is [LOW].
TCGA-HC-7752,0.0024,LOW,LOW,0.6457,SINGLE_MODALITY,['ML'],"['DL', 'NLP']",MODERATE,,,SINGLE_MODALITY,False,No active safety alerts.,0,[],[],[],Patient TCGA-HC-7752 evaluated under evidence level [SINGLE_MODALITY]. Synthesized integrated score is 0.0024 yielding raw risk class [LOW]. Contributions (ML: 0.0024 risk weight). Cross-modal concordance: [SINGLE_MODALITY]. No active safety escalations triggered. Final assigned risk is [LOW].
TCGA-DD-AAVS,0.0001,LOW,LOW,0.6443,SINGLE_MODALITY,['ML'],"['DL', 'NLP']",LOW,,,SINGLE_MODALITY,False,No active safety alerts.,0,[],[],[],Patient TCGA-DD-AAVS evaluated under evidence level [SINGLE_MODALITY]. Synthesized integrated score is 0.0001 yielding raw risk class [LOW]. Contributions (ML: 0.0001 risk weight). Cross-modal concordance: [SINGLE_MODALITY]. No active safety escalations triggered. Final assigned risk is [LOW].
TCGA-BP-4349,0.0098,LOW,LOW,0.6037,SINGLE_MODALITY,['ML'],"['DL', 'NLP']",MODERATE,,,SINGLE_MODALITY,False,No active safety alerts.,0,[],[],[],Patient TCGA-BP-4349 evaluated under evidence level [SINGLE_MODALITY]. Synthesized integrated score is 0.0098 yielding raw risk class [LOW]. Contributions (ML: 0.0098 risk weight). Cross-modal concordance: [SINGLE_MODALITY]. No active safety escalations triggered. Final assigned risk is [LOW].
TCGA-YL-A8SP,0.0001,LOW,LOW,0.6453,SINGLE_MODALITY,['ML'],"['DL', 'NLP']",LOW,,,SINGLE_MODALITY,False,No active safety alerts.,0,[],[],[],Patient TCGA-YL-A8SP evaluated under evidence level [SINGLE_MODALITY]. Synthesized integrated score is 0.0001 yielding raw risk class [LOW]. Contributions (ML: 0.0001 risk weight). Cross-modal concordance: [SINGLE_MODALITY]. No active safety escalations triggered. Final assigned risk is [LOW].
TCGA-13-1819,0.0001,LOW,LOW,0.647,SINGLE_MODALITY,['ML'],"['DL', 'NLP']",LOW,,,SINGLE_MODALITY,False,No active safety alerts.,0,[],[],[],Patient TCGA-13-1819 evaluated under evidence level [SINGLE_MODALITY]. Synthesized integrated score is 0.0001 yielding raw risk class [LOW]. Contributions (ML: 0.0001 risk weight). Cross-modal concordance: [SINGLE_MODALITY]. No active safety escalations triggered. Final assigned risk is [LOW].
TCGA-BP-4774,0.0131,LOW,LOW,0.6118,SINGLE_MODALITY,['ML'],"['DL', 'NLP']",MODERATE,,,SINGLE_MODALITY,False,No active safety alerts.,0,[],[],[],Patient TCGA-BP-4774 evaluated under evidence level [SINGLE_MODALITY]. Synthesized integrated score is 0.0131 yielding raw risk class [LOW]. Contributions (ML: 0.0131 risk weight). Cross-modal concordance: [SINGLE_MODALITY]. No active safety escalations triggered. Final assigned risk is [LOW].
TCGA-CF-A1HR,0.9996,HIGH,HIGH,0.6497,SINGLE_MODALITY,['ML'],"['DL', 'NLP']",HIGH,,,SINGLE_MODALITY,True,"Elevated risk patient with incomplete modality coverage (Missing: ['DL', 'NLP']). Clinician review recommended.",0,[],[],[],"Patient TCGA-CF-A1HR evaluated under evidence level [SINGLE_MODALITY]. Synthesized integrated score is 0.9996 yielding raw risk class [HIGH]. Contributions (ML: 0.9996 risk weight). Cross-modal concordance: [SINGLE_MODALITY]. Safety Net Override: Elevated risk patient with incomplete modality coverage (Missing: ['DL', 'NLP']). Clinician review recommended. Final assigned risk is [HIGH]."
TCGA-BH-A1EO,0.0001,LOW,LOW,0.6469,SINGLE_MODALITY,['ML'],"['DL', 'NLP']",LOW,,,SINGLE_MODALITY,False,No active safety alerts.,0,[],[],[],Patient TCGA-BH-A1EO evaluated under evidence level [SINGLE_MODALITY]. Synthesized integrated score is 0.0001 yielding raw risk class [LOW]. Contributions (ML: 0.0001 risk weight). Cross-modal concordance: [SINGLE_MODALITY]. No active safety escalations triggered. Final assigned risk is [LOW].
TCGA-A1-A0SH,0.0001,LOW,LOW,0.6462,SINGLE_MODALITY,['ML'],"['DL', 'NLP']",LOW,,,SINGLE_MODALITY,False,No active safety alerts.,0,[],[],[],Patient TCGA-A1-A0SH evaluated under evidence level [SINGLE_MODALITY]. Synthesized integrated score is 0.0001 yielding raw risk class [LOW]. Contributions (ML: 0.0001 risk weight). Cross-modal concordance: [SINGLE_MODALITY]. No active safety escalations triggered. Final assigned risk is [LOW].
TCGA-DK-A1A3,0.9975,HIGH,HIGH,0.6484,SINGLE_MODALITY,['ML'],"['DL', 'NLP']",HIGH,,,SINGLE_MODALITY,True,"Elevated risk patient with incomplete modality coverage (Missing: ['DL', 'NLP']). Clinician review recommended.",0,[],[],[],"Patient TCGA-DK-A1A3 evaluated under evidence level [SINGLE_MODALITY]. Synthesized integrated score is 0.9975 yielding raw risk class [HIGH]. Contributions (ML: 0.9975 risk weight). Cross-modal concordance: [SINGLE_MODALITY]. Safety Net Override: Elevated risk patient with incomplete modality coverage (Missing: ['DL', 'NLP']). Clinician review recommended. Final assigned risk is [HIGH]."
TCGA-A7-A0DB,0.0021,LOW,LOW,0.6443,SINGLE_MODALITY,['ML'],"['DL', 'NLP']",MODERATE,,,SINGLE_MODALITY,False,No active safety alerts.,0,[],[],[],Patient TCGA-A7-A0DB evaluated under evidence level [SINGLE_MODALITY]. Synthesized integrated score is 0.0021 yielding raw risk class [LOW]. Contributions (ML: 0.0021 risk weight). Cross-modal concordance: [SINGLE_MODALITY]. No active safety escalations triggered. Final assigned risk is [LOW].
TCGA-IB-7897,0.0001,LOW,LOW,0.6471,SINGLE_MODALITY,['ML'],"['DL', 'NLP']",LOW,,,SINGLE_MODALITY,False,No active safety alerts.,0,[],[],[],Patient TCGA-IB-7897 evaluated under evidence level [SINGLE_MODALITY]. Synthesized integrated score is 0.0001 yielding raw risk class [LOW]. Contributions (ML: 0.0001 risk weight). Cross-modal concordance: [SINGLE_MODALITY]. No active safety escalations triggered. Final assigned risk is [LOW].
TCGA-24-2261,0.0027,LOW,LOW,0.6464,SINGLE_MODALITY,['ML'],"['DL', 'NLP']",MODERATE,,,SINGLE_MODALITY,False,No active safety alerts.,0,[],[],[],Patient TCGA-24-2261 evaluated under evidence level [SINGLE_MODALITY]. Synthesized integrated score is 0.0027 yielding raw risk class [LOW]. Contributions (ML: 0.0027 risk weight). Cross-modal concordance: [SINGLE_MODALITY]. No active safety escalations triggered. Final assigned risk is [LOW].
TCGA-62-8399,0.996,HIGH,HIGH,0.6474,SINGLE_MODALITY,['ML'],"['DL', 'NLP']",HIGH,,,SINGLE_MODALITY,True,"Elevated risk patient with incomplete modality coverage (Missing: ['DL', 'NLP']). Clinician review recommended.",0,[],[],[],"Patient TCGA-62-8399 evaluated under evidence level [SINGLE_MODALITY]. Synthesized integrated score is 0.9960 yielding raw risk class [HIGH]. Contributions (ML: 0.9960 risk weight). Cross-modal concordance: [SINGLE_MODALITY]. Safety Net Override: Elevated risk patient with incomplete modality coverage (Missing: ['DL', 'NLP']). Clinician review recommended. Final assigned risk is [HIGH]."
TCGA-GM-A2DL,0.0029,LOW,LOW,0.6394,SINGLE_MODALITY,['ML'],"['DL', 'NLP']",MODERATE,,,SINGLE_MODALITY,False,No active safety alerts.,0,[],[],[],Patient TCGA-GM-A2DL evaluated under evidence level [SINGLE_MODALITY]. Synthesized integrated score is 0.0029 yielding raw risk class [LOW]. Contributions (ML: 0.0029 risk weight). Cross-modal concordance: [SINGLE_MODALITY]. No active safety escalations triggered. Final assigned risk is [LOW].
TCGA-DQ-7588,0.0029,LOW,LOW,0.6456,SINGLE_MODALITY,['ML'],"['DL', 'NLP']",MODERATE,,,SINGLE_MODALITY,False,No active safety alerts.,0,[],[],[],Patient TCGA-DQ-7588 evaluated under evidence level [SINGLE_MODALITY]. Synthesized integrated score is 0.0029 yielding raw risk class [LOW]. Contributions (ML: 0.0029 risk weight). Cross-modal concordance: [SINGLE_MODALITY]. No active safety escalations triggered. Final assigned risk is [LOW].
TCGA-CV-7435,0.9989,HIGH,HIGH,0.6493,SINGLE_MODALITY,['ML'],"['DL', 'NLP']",HIGH,,,SINGLE_MODALITY,True,"Elevated risk patient with incomplete modality coverage (Missing: ['DL', 'NLP']). Clinician review recommended.",0,[],[],[],"Patient TCGA-CV-7435 evaluated under evidence level [SINGLE_MODALITY]. Synthesized integrated score is 0.9989 yielding raw risk class [HIGH]. Contributions (ML: 0.9989 risk weight). Cross-modal concordance: [SINGLE_MODALITY]. Safety Net Override: Elevated risk patient with incomplete modality coverage (Missing: ['DL', 'NLP']). Clinician review recommended. Final assigned risk is [HIGH]."
TCGA-F7-A61V,0.9201,HIGH,HIGH,0.5981,SINGLE_MODALITY,['ML'],"['DL', 'NLP']",HIGH,,,SINGLE_MODALITY,True,"Elevated risk patient with incomplete modality coverage (Missing: ['DL', 'NLP']). Clinician review recommended.",0,[],[],[],"Patient TCGA-F7-A61V evaluated under evidence level [SINGLE_MODALITY]. Synthesized integrated score is 0.9201 yielding raw risk class [HIGH]. Contributions (ML: 0.9201 risk weight). Cross-modal concordance: [SINGLE_MODALITY]. Safety Net Override: Elevated risk patient with incomplete modality coverage (Missing: ['DL', 'NLP']). Clinician review recommended. Final assigned risk is [HIGH]."
TCGA-FD-A3SP,0.9977,HIGH,HIGH,0.6485,SINGLE_MODALITY,['ML'],"['DL', 'NLP']",HIGH,,,SINGLE_MODALITY,True,"Elevated risk patient with incomplete modality coverage (Missing: ['DL', 'NLP']). Clinician review recommended.",0,[],[],[],"Patient TCGA-FD-A3SP evaluated under evidence level [SINGLE_MODALITY]. Synthesized integrated score is 0.9977 yielding raw risk class [HIGH]. Contributions (ML: 0.9977 risk weight). Cross-modal concordance: [SINGLE_MODALITY]. Safety Net Override: Elevated risk patient with incomplete modality coverage (Missing: ['DL', 'NLP']). Clinician review recommended. Final assigned risk is [HIGH]."
TCGA-YL-A9WH,0.0138,LOW,LOW,0.6407,SINGLE_MODALITY,['ML'],"['DL', 'NLP']",MODERATE,,,SINGLE_MODALITY,False,No active safety alerts.,0,[],[],[],Patient TCGA-YL-A9WH evaluated under evidence level [SINGLE_MODALITY]. Synthesized integrated score is 0.0138 yielding raw risk class [LOW]. Contributions (ML: 0.0138 risk weight). Cross-modal concordance: [SINGLE_MODALITY]. No active safety escalations triggered. Final assigned risk is [LOW].
TCGA-97-A4M3,0.0001,LOW,LOW,0.6431,SINGLE_MODALITY,['ML'],"['DL', 'NLP']",LOW,,,SINGLE_MODALITY,False,No active safety alerts.,0,[],[],[],Patient TCGA-97-A4M3 evaluated under evidence level [SINGLE_MODALITY]. Synthesized integrated score is 0.0001 yielding raw risk class [LOW]. Contributions (ML: 0.0001 risk weight). Cross-modal concordance: [SINGLE_MODALITY]. No active safety escalations triggered. Final assigned risk is [LOW].
TCGA-13-0905,0.0027,LOW,LOW,0.6445,SINGLE_MODALITY,['ML'],"['DL', 'NLP']",MODERATE,,,SINGLE_MODALITY,False,No active safety alerts.,0,[],[],[],Patient TCGA-13-0905 evaluated under evidence level [SINGLE_MODALITY]. Synthesized integrated score is 0.0027 yielding raw risk class [LOW]. Contributions (ML: 0.0027 risk weight). Cross-modal concordance: [SINGLE_MODALITY]. No active safety escalations triggered. Final assigned risk is [LOW].
TCGA-22-1012,0.0014,LOW,LOW,0.6425,SINGLE_MODALITY,['ML'],"['DL', 'NLP']",MODERATE,,,SINGLE_MODALITY,False,No active safety alerts.,0,[],[],[],Patient TCGA-22-1012 evaluated under evidence level [SINGLE_MODALITY]. Synthesized integrated score is 0.0014 yielding raw risk class [LOW]. Contributions (ML: 0.0014 risk weight). Cross-modal concordance: [SINGLE_MODALITY]. No active safety escalations triggered. Final assigned risk is [LOW].
TCGA-A8-A08H,0.0,LOW,LOW,0.6466,SINGLE_MODALITY,['ML'],"['DL', 'NLP']",LOW,,,SINGLE_MODALITY,False,No active safety alerts.,0,[],[],[],Patient TCGA-A8-A08H evaluated under evidence level [SINGLE_MODALITY]. Synthesized integrated score is 0.0000 yielding raw risk class [LOW]. Contributions (ML: 0.0000 risk weight). Cross-modal concordance: [SINGLE_MODALITY]. No active safety escalations triggered. Final assigned risk is [LOW].
TCGA-61-1895,0.0034,LOW,LOW,0.6435,SINGLE_MODALITY,['ML'],"['DL', 'NLP']",MODERATE,,,SINGLE_MODALITY,False,No active safety alerts.,0,[],[],[],Patient TCGA-61-1895 evaluated under evidence level [SINGLE_MODALITY]. Synthesized integrated score is 0.0034 yielding raw risk class [LOW]. Contributions (ML: 0.0034 risk weight). Cross-modal concordance: [SINGLE_MODALITY]. No active safety escalations triggered. Final assigned risk is [LOW].
TCGA-CN-6017,0.9985,HIGH,HIGH,0.649,SINGLE_MODALITY,['ML'],"['DL', 'NLP']",HIGH,,,SINGLE_MODALITY,True,"Elevated risk patient with incomplete modality coverage (Missing: ['DL', 'NLP']). Clinician review recommended.",0,[],[],[],"Patient TCGA-CN-6017 evaluated under evidence level [SINGLE_MODALITY]. Synthesized integrated score is 0.9985 yielding raw risk class [HIGH]. Contributions (ML: 0.9985 risk weight). Cross-modal concordance: [SINGLE_MODALITY]. Safety Net Override: Elevated risk patient with incomplete modality coverage (Missing: ['DL', 'NLP']). Clinician review recommended. Final assigned risk is [HIGH]."
TCGA-FR-A3YO,0.9714,HIGH,HIGH,0.6314,SINGLE_MODALITY,['ML'],"['DL', 'NLP']",HIGH,,,SINGLE_MODALITY,True,"Elevated risk patient with incomplete modality coverage (Missing: ['DL', 'NLP']). Clinician review recommended.",0,[],[],[],"Patient TCGA-FR-A3YO evaluated under evidence level [SINGLE_MODALITY]. Synthesized integrated score is 0.9714 yielding raw risk class [HIGH]. Contributions (ML: 0.9714 risk weight). Cross-modal concordance: [SINGLE_MODALITY]. Safety Net Override: Elevated risk patient with incomplete modality coverage (Missing: ['DL', 'NLP']). Clinician review recommended. Final assigned risk is [HIGH]."
TCGA-A8-A07S,0.0001,LOW,LOW,0.6427,SINGLE_MODALITY,['ML'],"['DL', 'NLP']",LOW,,,SINGLE_MODALITY,False,No active safety alerts.,0,[],[],[],Patient TCGA-A8-A07S evaluated under evidence level [SINGLE_MODALITY]. Synthesized integrated score is 0.0001 yielding raw risk class [LOW]. Contributions (ML: 0.0001 risk weight). Cross-modal concordance: [SINGLE_MODALITY]. No active safety escalations triggered. Final assigned risk is [LOW].
TCGA-XC-AA0X,0.0,LOW,LOW,0.6497,SINGLE_MODALITY,['ML'],"['DL', 'NLP']",LOW,,,SINGLE_MODALITY,False,No active safety alerts.,0,[],[],[],Patient TCGA-XC-AA0X evaluated under evidence level [SINGLE_MODALITY]. Synthesized integrated score is 0.0000 yielding raw risk class [LOW]. Contributions (ML: 0.0000 risk weight). Cross-modal concordance: [SINGLE_MODALITY]. No active safety escalations triggered. Final assigned risk is [LOW].
TCGA-ZP-A9D4,0.0045,LOW,LOW,0.6399,SINGLE_MODALITY,['ML'],"['DL', 'NLP']",MODERATE,,,SINGLE_MODALITY,False,No active safety alerts.,0,[],[],[],Patient TCGA-ZP-A9D4 evaluated under evidence level [SINGLE_MODALITY]. Synthesized integrated score is 0.0045 yielding raw risk class [LOW]. Contributions (ML: 0.0045 risk weight). Cross-modal concordance: [SINGLE_MODALITY]. No active safety escalations triggered. Final assigned risk is [LOW].
TCGA-XJ-A9DK,0.0019,LOW,LOW,0.6447,SINGLE_MODALITY,['ML'],"['DL', 'NLP']",MODERATE,,,SINGLE_MODALITY,False,No active safety alerts.,0,[],[],[],Patient TCGA-XJ-A9DK evaluated under evidence level [SINGLE_MODALITY]. Synthesized integrated score is 0.0019 yielding raw risk class [LOW]. Contributions (ML: 0.0019 risk weight). Cross-modal concordance: [SINGLE_MODALITY]. No active safety escalations triggered. Final assigned risk is [LOW].
TCGA-DC-6155,0.9998,HIGH,HIGH,0.6499,SINGLE_MODALITY,['ML'],"['DL', 'NLP']",HIGH,,,SINGLE_MODALITY,True,"Elevated risk patient with incomplete modality coverage (Missing: ['DL', 'NLP']). Clinician review recommended.",0,[],[],[],"Patient TCGA-DC-6155 evaluated under evidence level [SINGLE_MODALITY]. Synthesized integrated score is 0.9998 yielding raw risk class [HIGH]. Contributions (ML: 0.9998 risk weight). Cross-modal concordance: [SINGLE_MODALITY]. Safety Net Override: Elevated risk patient with incomplete modality coverage (Missing: ['DL', 'NLP']). Clinician review recommended. Final assigned risk is [HIGH]."
TCGA-CV-5441,0.9997,HIGH,HIGH,0.6498,SINGLE_MODALITY,['ML'],"['DL', 'NLP']",HIGH,,,SINGLE_MODALITY,True,"Elevated risk patient with incomplete modality coverage (Missing: ['DL', 'NLP']). Clinician review recommended.",0,[],[],[],"Patient TCGA-CV-5441 evaluated under evidence level [SINGLE_MODALITY]. Synthesized integrated score is 0.9997 yielding raw risk class [HIGH]. Contributions (ML: 0.9997 risk weight). Cross-modal concordance: [SINGLE_MODALITY]. Safety Net Override: Elevated risk patient with incomplete modality coverage (Missing: ['DL', 'NLP']). Clinician review recommended. Final assigned risk is [HIGH]."
TCGA-49-4512,0.0533,LOW,LOW,0.6095,SINGLE_MODALITY,['ML'],"['DL', 'NLP']",MODERATE,,,SINGLE_MODALITY,False,No active safety alerts.,0,[],[],[],Patient TCGA-49-4512 evaluated under evidence level [SINGLE_MODALITY]. Synthesized integrated score is 0.0533 yielding raw risk class [LOW]. Contributions (ML: 0.0533 risk weight). Cross-modal concordance: [SINGLE_MODALITY]. No active safety escalations triggered. Final assigned risk is [LOW].
TCGA-60-2711,0.0206,LOW,LOW,0.6311,SINGLE_MODALITY,['ML'],"['DL', 'NLP']",MODERATE,,,SINGLE_MODALITY,False,No active safety alerts.,0,[],[],[],Patient TCGA-60-2711 evaluated under evidence level [SINGLE_MODALITY]. Synthesized integrated score is 0.0206 yielding raw risk class [LOW]. Contributions (ML: 0.0206 risk weight). Cross-modal concordance: [SINGLE_MODALITY]. No active safety escalations triggered. Final assigned risk is [LOW].
TCGA-4Z-AA83,0.0085,LOW,LOW,0.6442,SINGLE_MODALITY,['ML'],"['DL', 'NLP']",MODERATE,,,SINGLE_MODALITY,False,No active safety alerts.,0,[],[],[],Patient TCGA-4Z-AA83 evaluated under evidence level [SINGLE_MODALITY]. Synthesized integrated score is 0.0085 yielding raw risk class [LOW]. Contributions (ML: 0.0085 risk weight). Cross-modal concordance: [SINGLE_MODALITY]. No active safety escalations triggered. Final assigned risk is [LOW].
TCGA-LL-A73Z,0.9965,HIGH,HIGH,0.6477,SINGLE_MODALITY,['ML'],"['DL', 'NLP']",HIGH,,,SINGLE_MODALITY,True,"Elevated risk patient with incomplete modality coverage (Missing: ['DL', 'NLP']). Clinician review recommended.",0,[],[],[],"Patient TCGA-LL-A73Z evaluated under evidence level [SINGLE_MODALITY]. Synthesized integrated score is 0.9965 yielding raw risk class [HIGH]. Contributions (ML: 0.9965 risk weight). Cross-modal concordance: [SINGLE_MODALITY]. Safety Net Override: Elevated risk patient with incomplete modality coverage (Missing: ['DL', 'NLP']). Clinician review recommended. Final assigned risk is [HIGH]."
TCGA-98-A539,0.0005,LOW,LOW,0.6482,SINGLE_MODALITY,['ML'],"['DL', 'NLP']",MODERATE,,,SINGLE_MODALITY,False,No active safety alerts.,0,[],[],[],Patient TCGA-98-A539 evaluated under evidence level [SINGLE_MODALITY]. Synthesized integrated score is 0.0005 yielding raw risk class [LOW]. Contributions (ML: 0.0005 risk weight). Cross-modal concordance: [SINGLE_MODALITY]. No active safety escalations triggered. Final assigned risk is [LOW].
TCGA-EE-A29B,0.0016,LOW,LOW,0.6464,SINGLE_MODALITY,['ML'],"['DL', 'NLP']",MODERATE,,,SINGLE_MODALITY,False,No active safety alerts.,0,[],[],[],Patient TCGA-EE-A29B evaluated under evidence level [SINGLE_MODALITY]. Synthesized integrated score is 0.0016 yielding raw risk class [LOW]. Contributions (ML: 0.0016 risk weight). Cross-modal concordance: [SINGLE_MODALITY]. No active safety escalations triggered. Final assigned risk is [LOW].
TCGA-D3-A3MR,0.9872,HIGH,HIGH,0.6417,SINGLE_MODALITY,['ML'],"['DL', 'NLP']",HIGH,,,SINGLE_MODALITY,True,"Elevated risk patient with incomplete modality coverage (Missing: ['DL', 'NLP']). Clinician review recommended.",0,[],[],[],"Patient TCGA-D3-A3MR evaluated under evidence level [SINGLE_MODALITY]. Synthesized integrated score is 0.9872 yielding raw risk class [HIGH]. Contributions (ML: 0.9872 risk weight). Cross-modal concordance: [SINGLE_MODALITY]. Safety Net Override: Elevated risk patient with incomplete modality coverage (Missing: ['DL', 'NLP']). Clinician review recommended. Final assigned risk is [HIGH]."
TCGA-24-2027,0.0012,LOW,LOW,0.643,SINGLE_MODALITY,['ML'],"['DL', 'NLP']",MODERATE,,,SINGLE_MODALITY,False,No active safety alerts.,0,[],[],[],Patient TCGA-24-2027 evaluated under evidence level [SINGLE_MODALITY]. Synthesized integrated score is 0.0012 yielding raw risk class [LOW]. Contributions (ML: 0.0012 risk weight). Cross-modal concordance: [SINGLE_MODALITY]. No active safety escalations triggered. Final assigned risk is [LOW].
TCGA-A7-A4SD,0.0056,LOW,LOW,0.6461,SINGLE_MODALITY,['ML'],"['DL', 'NLP']",MODERATE,,,SINGLE_MODALITY,False,No active safety alerts.,0,[],[],[],Patient TCGA-A7-A4SD evaluated under evidence level [SINGLE_MODALITY]. Synthesized integrated score is 0.0056 yielding raw risk class [LOW]. Contributions (ML: 0.0056 risk weight). Cross-modal concordance: [SINGLE_MODALITY]. No active safety escalations triggered. Final assigned risk is [LOW].
TCGA-BT-A20P,0.9984,HIGH,HIGH,0.649,SINGLE_MODALITY,['ML'],"['DL', 'NLP']",HIGH,,,SINGLE_MODALITY,True,"Elevated risk patient with incomplete modality coverage (Missing: ['DL', 'NLP']). Clinician review recommended.",0,[],[],[],"Patient TCGA-BT-A20P evaluated under evidence level [SINGLE_MODALITY]. Synthesized integrated score is 0.9984 yielding raw risk class [HIGH]. Contributions (ML: 0.9984 risk weight). Cross-modal concordance: [SINGLE_MODALITY]. Safety Net Override: Elevated risk patient with incomplete modality coverage (Missing: ['DL', 'NLP']). Clinician review recommended. Final assigned risk is [HIGH]."
TCGA-D3-A1Q1,0.9896,HIGH,HIGH,0.6432,SINGLE_MODALITY,['ML'],"['DL', 'NLP']",HIGH,,,SINGLE_MODALITY,True,"Elevated risk patient with incomplete modality coverage (Missing: ['DL', 'NLP']). Clinician review recommended.",0,[],[],[],"Patient TCGA-D3-A1Q1 evaluated under evidence level [SINGLE_MODALITY]. Synthesized integrated score is 0.9896 yielding raw risk class [HIGH]. Contributions (ML: 0.9896 risk weight). Cross-modal concordance: [SINGLE_MODALITY]. Safety Net Override: Elevated risk patient with incomplete modality coverage (Missing: ['DL', 'NLP']). Clinician review recommended. Final assigned risk is [HIGH]."
TCGA-G3-A5SK,0.0,LOW,LOW,0.6498,SINGLE_MODALITY,['ML'],"['DL', 'NLP']",LOW,,,SINGLE_MODALITY,False,No active safety alerts.,0,[],[],[],Patient TCGA-G3-A5SK evaluated under evidence level [SINGLE_MODALITY]. Synthesized integrated score is 0.0000 yielding raw risk class [LOW]. Contributions (ML: 0.0000 risk weight). Cross-modal concordance: [SINGLE_MODALITY]. No active safety escalations triggered. Final assigned risk is [LOW].
TCGA-P3-A6SW,0.9989,HIGH,HIGH,0.6493,SINGLE_MODALITY,['ML'],"['DL', 'NLP']",HIGH,,,SINGLE_MODALITY,True,"Elevated risk patient with incomplete modality coverage (Missing: ['DL', 'NLP']). Clinician review recommended.",0,[],[],[],"Patient TCGA-P3-A6SW evaluated under evidence level [SINGLE_MODALITY]. Synthesized integrated score is 0.9989 yielding raw risk class [HIGH]. Contributions (ML: 0.9989 risk weight). Cross-modal concordance: [SINGLE_MODALITY]. Safety Net Override: Elevated risk patient with incomplete modality coverage (Missing: ['DL', 'NLP']). Clinician review recommended. Final assigned risk is [HIGH]."
TCGA-BH-AB28,0.9946,HIGH,HIGH,0.6465,SINGLE_MODALITY,['ML'],"['DL', 'NLP']",HIGH,,,SINGLE_MODALITY,True,"Elevated risk patient with incomplete modality coverage (Missing: ['DL', 'NLP']). Clinician review recommended.",0,[],[],[],"Patient TCGA-BH-AB28 evaluated under evidence level [SINGLE_MODALITY]. Synthesized integrated score is 0.9946 yielding raw risk class [HIGH]. Contributions (ML: 0.9946 risk weight). Cross-modal concordance: [SINGLE_MODALITY]. Safety Net Override: Elevated risk patient with incomplete modality coverage (Missing: ['DL', 'NLP']). Clinician review recommended. Final assigned risk is [HIGH]."
TCGA-B6-A0RG,0.0,LOW,LOW,0.6452,SINGLE_MODALITY,['ML'],"['DL', 'NLP']",LOW,,,SINGLE_MODALITY,False,No active safety alerts.,0,[],[],[],Patient TCGA-B6-A0RG evaluated under evidence level [SINGLE_MODALITY]. Synthesized integrated score is 0.0000 yielding raw risk class [LOW]. Contributions (ML: 0.0000 risk weight). Cross-modal concordance: [SINGLE_MODALITY]. No active safety escalations triggered. Final assigned risk is [LOW].
TCGA-39-5039,0.0007,LOW,LOW,0.6479,SINGLE_MODALITY,['ML'],"['DL', 'NLP']",MODERATE,,,SINGLE_MODALITY,False,No active safety alerts.,0,[],[],[],Patient TCGA-39-5039 evaluated under evidence level [SINGLE_MODALITY]. Synthesized integrated score is 0.0007 yielding raw risk class [LOW]. Contributions (ML: 0.0007 risk weight). Cross-modal concordance: [SINGLE_MODALITY]. No active safety escalations triggered. Final assigned risk is [LOW].
TCGA-F5-6571,0.0001,LOW,LOW,0.6475,SINGLE_MODALITY,['ML'],"['DL', 'NLP']",LOW,,,SINGLE_MODALITY,False,No active safety alerts.,0,[],[],[],Patient TCGA-F5-6571 evaluated under evidence level [SINGLE_MODALITY]. Synthesized integrated score is 0.0001 yielding raw risk class [LOW]. Contributions (ML: 0.0001 risk weight). Cross-modal concordance: [SINGLE_MODALITY]. No active safety escalations triggered. Final assigned risk is [LOW].
TCGA-IB-7649,0.0001,LOW,LOW,0.6471,SINGLE_MODALITY,['ML'],"['DL', 'NLP']",LOW,,,SINGLE_MODALITY,False,No active safety alerts.,0,[],[],[],Patient TCGA-IB-7649 evaluated under evidence level [SINGLE_MODALITY]. Synthesized integrated score is 0.0001 yielding raw risk class [LOW]. Contributions (ML: 0.0001 risk weight). Cross-modal concordance: [SINGLE_MODALITY]. No active safety escalations triggered. Final assigned risk is [LOW].
TCGA-AK-3445,0.9995,HIGH,HIGH,0.6497,SINGLE_MODALITY,['ML'],"['DL', 'NLP']",HIGH,,,SINGLE_MODALITY,True,"Elevated risk patient with incomplete modality coverage (Missing: ['DL', 'NLP']). Clinician review recommended.",0,[],[],[],"Patient TCGA-AK-3445 evaluated under evidence level [SINGLE_MODALITY]. Synthesized integrated score is 0.9995 yielding raw risk class [HIGH]. Contributions (ML: 0.9995 risk weight). Cross-modal concordance: [SINGLE_MODALITY]. Safety Net Override: Elevated risk patient with incomplete modality coverage (Missing: ['DL', 'NLP']). Clinician review recommended. Final assigned risk is [HIGH]."
TCGA-94-7557,0.0002,LOW,LOW,0.6419,SINGLE_MODALITY,['ML'],"['DL', 'NLP']",LOW,,,SINGLE_MODALITY,False,No active safety alerts.,0,[],[],[],Patient TCGA-94-7557 evaluated under evidence level [SINGLE_MODALITY]. Synthesized integrated score is 0.0002 yielding raw risk class [LOW]. Contributions (ML: 0.0002 risk weight). Cross-modal concordance: [SINGLE_MODALITY]. No active safety escalations triggered. Final assigned risk is [LOW].
TCGA-XF-AAMY,0.0798,LOW,LOW,0.5847,SINGLE_MODALITY,['ML'],"['DL', 'NLP']",MODERATE,,,SINGLE_MODALITY,False,No active safety alerts.,0,[],[],[],Patient TCGA-XF-AAMY evaluated under evidence level [SINGLE_MODALITY]. Synthesized integrated score is 0.0798 yielding raw risk class [LOW]. Contributions (ML: 0.0798 risk weight). Cross-modal concordance: [SINGLE_MODALITY]. No active safety escalations triggered. Final assigned risk is [LOW].
TCGA-BH-A0B9,0.0009,LOW,LOW,0.6339,SINGLE_MODALITY,['ML'],"['DL', 'NLP']",LOW,,,SINGLE_MODALITY,False,No active safety alerts.,0,[],[],[],Patient TCGA-BH-A0B9 evaluated under evidence level [SINGLE_MODALITY]. Synthesized integrated score is 0.0009 yielding raw risk class [LOW]. Contributions (ML: 0.0009 risk weight). Cross-modal concordance: [SINGLE_MODALITY]. No active safety escalations triggered. Final assigned risk is [LOW].
TCGA-UB-A7MA,0.0031,LOW,LOW,0.6434,SINGLE_MODALITY,['ML'],"['DL', 'NLP']",MODERATE,,,SINGLE_MODALITY,False,No active safety alerts.,0,[],[],[],Patient TCGA-UB-A7MA evaluated under evidence level [SINGLE_MODALITY]. Synthesized integrated score is 0.0031 yielding raw risk class [LOW]. Contributions (ML: 0.0031 risk weight). Cross-modal concordance: [SINGLE_MODALITY]. No active safety escalations triggered. Final assigned risk is [LOW].
TCGA-23-1029,0.011,LOW,LOW,0.6427,SINGLE_MODALITY,['ML'],"['DL', 'NLP']",MODERATE,,,SINGLE_MODALITY,False,No active safety alerts.,0,[],[],[],Patient TCGA-23-1029 evaluated under evidence level [SINGLE_MODALITY]. Synthesized integrated score is 0.0110 yielding raw risk class [LOW]. Contributions (ML: 0.0110 risk weight). Cross-modal concordance: [SINGLE_MODALITY]. No active safety escalations triggered. Final assigned risk is [LOW].
TCGA-34-2608,0.0001,LOW,LOW,0.6442,SINGLE_MODALITY,['ML'],"['DL', 'NLP']",LOW,,,SINGLE_MODALITY,False,No active safety alerts.,0,[],[],[],Patient TCGA-34-2608 evaluated under evidence level [SINGLE_MODALITY]. Synthesized integrated score is 0.0001 yielding raw risk class [LOW]. Contributions (ML: 0.0001 risk weight). Cross-modal concordance: [SINGLE_MODALITY]. No active safety escalations triggered. Final assigned risk is [LOW].
TCGA-56-8503,0.9785,HIGH,HIGH,0.636,SINGLE_MODALITY,['ML'],"['DL', 'NLP']",HIGH,,,SINGLE_MODALITY,True,"Elevated risk patient with incomplete modality coverage (Missing: ['DL', 'NLP']). Clinician review recommended.",0,[],[],[],"Patient TCGA-56-8503 evaluated under evidence level [SINGLE_MODALITY]. Synthesized integrated score is 0.9785 yielding raw risk class [HIGH]. Contributions (ML: 0.9785 risk weight). Cross-modal concordance: [SINGLE_MODALITY]. Safety Net Override: Elevated risk patient with incomplete modality coverage (Missing: ['DL', 'NLP']). Clinician review recommended. Final assigned risk is [HIGH]."
TCGA-E7-A677,0.9992,HIGH,HIGH,0.6495,SINGLE_MODALITY,['ML'],"['DL', 'NLP']",HIGH,,,SINGLE_MODALITY,True,"Elevated risk patient with incomplete modality coverage (Missing: ['DL', 'NLP']). Clinician review recommended.",0,[],[],[],"Patient TCGA-E7-A677 evaluated under evidence level [SINGLE_MODALITY]. Synthesized integrated score is 0.9992 yielding raw risk class [HIGH]. Contributions (ML: 0.9992 risk weight). Cross-modal concordance: [SINGLE_MODALITY]. Safety Net Override: Elevated risk patient with incomplete modality coverage (Missing: ['DL', 'NLP']). Clinician review recommended. Final assigned risk is [HIGH]."
TCGA-44-2656,0.0001,LOW,LOW,0.6443,SINGLE_MODALITY,['ML'],"['DL', 'NLP']",LOW,,,SINGLE_MODALITY,False,No active safety alerts.,0,[],[],[],Patient TCGA-44-2656 evaluated under evidence level [SINGLE_MODALITY]. Synthesized integrated score is 0.0001 yielding raw risk class [LOW]. Contributions (ML: 0.0001 risk weight). Cross-modal concordance: [SINGLE_MODALITY]. No active safety escalations triggered. Final assigned risk is [LOW].
TCGA-4Z-AA7M,0.0289,LOW,LOW,0.6202,SINGLE_MODALITY,['ML'],"['DL', 'NLP']",MODERATE,,,SINGLE_MODALITY,False,No active safety alerts.,0,[],[],[],Patient TCGA-4Z-AA7M evaluated under evidence level [SINGLE_MODALITY]. Synthesized integrated score is 0.0289 yielding raw risk class [LOW]. Contributions (ML: 0.0289 risk weight). Cross-modal concordance: [SINGLE_MODALITY]. No active safety escalations triggered. Final assigned risk is [LOW].
TCGA-C4-A0F7,0.9988,HIGH,HIGH,0.6492,SINGLE_MODALITY,['ML'],"['DL', 'NLP']",HIGH,,,SINGLE_MODALITY,True,"Elevated risk patient with incomplete modality coverage (Missing: ['DL', 'NLP']). Clinician review recommended.",0,[],[],[],"Patient TCGA-C4-A0F7 evaluated under evidence level [SINGLE_MODALITY]. Synthesized integrated score is 0.9988 yielding raw risk class [HIGH]. Contributions (ML: 0.9988 risk weight). Cross-modal concordance: [SINGLE_MODALITY]. Safety Net Override: Elevated risk patient with incomplete modality coverage (Missing: ['DL', 'NLP']). Clinician review recommended. Final assigned risk is [HIGH]."
TCGA-XF-A9T6,0.997,HIGH,HIGH,0.6481,SINGLE_MODALITY,['ML'],"['DL', 'NLP']",HIGH,,,SINGLE_MODALITY,True,"Elevated risk patient with incomplete modality coverage (Missing: ['DL', 'NLP']). Clinician review recommended.",0,[],[],[],"Patient TCGA-XF-A9T6 evaluated under evidence level [SINGLE_MODALITY]. Synthesized integrated score is 0.9970 yielding raw risk class [HIGH]. Contributions (ML: 0.9970 risk weight). Cross-modal concordance: [SINGLE_MODALITY]. Safety Net Override: Elevated risk patient with incomplete modality coverage (Missing: ['DL', 'NLP']). Clinician review recommended. Final assigned risk is [HIGH]."
TCGA-AN-A0FT,0.0031,LOW,LOW,0.644,SINGLE_MODALITY,['ML'],"['DL', 'NLP']",MODERATE,,,SINGLE_MODALITY,False,No active safety alerts.,0,[],[],[],Patient TCGA-AN-A0FT evaluated under evidence level [SINGLE_MODALITY]. Synthesized integrated score is 0.0031 yielding raw risk class [LOW]. Contributions (ML: 0.0031 risk weight). Cross-modal concordance: [SINGLE_MODALITY]. No active safety escalations triggered. Final assigned risk is [LOW].
TCGA-43-7656,0.003,LOW,LOW,0.6403,SINGLE_MODALITY,['ML'],"['DL', 'NLP']",MODERATE,,,SINGLE_MODALITY,False,No active safety alerts.,0,[],[],[],Patient TCGA-43-7656 evaluated under evidence level [SINGLE_MODALITY]. Synthesized integrated score is 0.0030 yielding raw risk class [LOW]. Contributions (ML: 0.0030 risk weight). Cross-modal concordance: [SINGLE_MODALITY]. No active safety escalations triggered. Final assigned risk is [LOW].
TCGA-CQ-6225,0.9992,HIGH,HIGH,0.6495,SINGLE_MODALITY,['ML'],"['DL', 'NLP']",HIGH,,,SINGLE_MODALITY,True,"Elevated risk patient with incomplete modality coverage (Missing: ['DL', 'NLP']). Clinician review recommended.",0,[],[],[],"Patient TCGA-CQ-6225 evaluated under evidence level [SINGLE_MODALITY]. Synthesized integrated score is 0.9992 yielding raw risk class [HIGH]. Contributions (ML: 0.9992 risk weight). Cross-modal concordance: [SINGLE_MODALITY]. Safety Net Override: Elevated risk patient with incomplete modality coverage (Missing: ['DL', 'NLP']). Clinician review recommended. Final assigned risk is [HIGH]."
TCGA-DA-A3F5,0.0002,LOW,LOW,0.6371,SINGLE_MODALITY,['ML'],"['DL', 'NLP']",LOW,,,SINGLE_MODALITY,False,No active safety alerts.,0,[],[],[],Patient TCGA-DA-A3F5 evaluated under evidence level [SINGLE_MODALITY]. Synthesized integrated score is 0.0002 yielding raw risk class [LOW]. Contributions (ML: 0.0002 risk weight). Cross-modal concordance: [SINGLE_MODALITY]. No active safety escalations triggered. Final assigned risk is [LOW].
TCGA-57-1582,0.0019,LOW,LOW,0.6463,SINGLE_MODALITY,['ML'],"['DL', 'NLP']",MODERATE,,,SINGLE_MODALITY,False,No active safety alerts.,0,[],[],[],Patient TCGA-57-1582 evaluated under evidence level [SINGLE_MODALITY]. Synthesized integrated score is 0.0019 yielding raw risk class [LOW]. Contributions (ML: 0.0019 risk weight). Cross-modal concordance: [SINGLE_MODALITY]. No active safety escalations triggered. Final assigned risk is [LOW].
TCGA-CC-A7II,0.9984,HIGH,HIGH,0.649,SINGLE_MODALITY,['ML'],"['DL', 'NLP']",HIGH,,,SINGLE_MODALITY,True,"Elevated risk patient with incomplete modality coverage (Missing: ['DL', 'NLP']). Clinician review recommended.",0,[],[],[],"Patient TCGA-CC-A7II evaluated under evidence level [SINGLE_MODALITY]. Synthesized integrated score is 0.9984 yielding raw risk class [HIGH]. Contributions (ML: 0.9984 risk weight). Cross-modal concordance: [SINGLE_MODALITY]. Safety Net Override: Elevated risk patient with incomplete modality coverage (Missing: ['DL', 'NLP']). Clinician review recommended. Final assigned risk is [HIGH]."
TCGA-CC-A5UC,0.9918,HIGH,HIGH,0.6447,SINGLE_MODALITY,['ML'],"['DL', 'NLP']",HIGH,,,SINGLE_MODALITY,True,"Elevated risk patient with incomplete modality coverage (Missing: ['DL', 'NLP']). Clinician review recommended.",0,[],[],[],"Patient TCGA-CC-A5UC evaluated under evidence level [SINGLE_MODALITY]. Synthesized integrated score is 0.9918 yielding raw risk class [HIGH]. Contributions (ML: 0.9918 risk weight). Cross-modal concordance: [SINGLE_MODALITY]. Safety Net Override: Elevated risk patient with incomplete modality coverage (Missing: ['DL', 'NLP']). Clinician review recommended. Final assigned risk is [HIGH]."
TCGA-DM-A0X9,0.0038,LOW,LOW,0.6474,SINGLE_MODALITY,['ML'],"['DL', 'NLP']",MODERATE,,,SINGLE_MODALITY,False,No active safety alerts.,0,[],[],[],Patient TCGA-DM-A0X9 evaluated under evidence level [SINGLE_MODALITY]. Synthesized integrated score is 0.0038 yielding raw risk class [LOW]. Contributions (ML: 0.0038 risk weight). Cross-modal concordance: [SINGLE_MODALITY]. No active safety escalations triggered. Final assigned risk is [LOW].
TCGA-IB-AAUW,0.0194,LOW,LOW,0.637,SINGLE_MODALITY,['ML'],"['DL', 'NLP']",MODERATE,,,SINGLE_MODALITY,False,No active safety alerts.,0,[],[],[],Patient TCGA-IB-AAUW evaluated under evidence level [SINGLE_MODALITY]. Synthesized integrated score is 0.0194 yielding raw risk class [LOW]. Contributions (ML: 0.0194 risk weight). Cross-modal concordance: [SINGLE_MODALITY]. No active safety escalations triggered. Final assigned risk is [LOW].
TCGA-CR-6484,0.9997,HIGH,HIGH,0.6498,SINGLE_MODALITY,['ML'],"['DL', 'NLP']",HIGH,,,SINGLE_MODALITY,True,"Elevated risk patient with incomplete modality coverage (Missing: ['DL', 'NLP']). Clinician review recommended.",0,[],[],[],"Patient TCGA-CR-6484 evaluated under evidence level [SINGLE_MODALITY]. Synthesized integrated score is 0.9997 yielding raw risk class [HIGH]. Contributions (ML: 0.9997 risk weight). Cross-modal concordance: [SINGLE_MODALITY]. Safety Net Override: Elevated risk patient with incomplete modality coverage (Missing: ['DL', 'NLP']). Clinician review recommended. Final assigned risk is [HIGH]."
TCGA-MI-A75E,0.9964,HIGH,HIGH,0.6477,SINGLE_MODALITY,['ML'],"['DL', 'NLP']",HIGH,,,SINGLE_MODALITY,True,"Elevated risk patient with incomplete modality coverage (Missing: ['DL', 'NLP']). Clinician review recommended.",0,[],[],[],"Patient TCGA-MI-A75E evaluated under evidence level [SINGLE_MODALITY]. Synthesized integrated score is 0.9964 yielding raw risk class [HIGH]. Contributions (ML: 0.9964 risk weight). Cross-modal concordance: [SINGLE_MODALITY]. Safety Net Override: Elevated risk patient with incomplete modality coverage (Missing: ['DL', 'NLP']). Clinician review recommended. Final assigned risk is [HIGH]."
TCGA-AA-3552,0.041,LOW,LOW,0.6161,SINGLE_MODALITY,['ML'],"['DL', 'NLP']",MODERATE,,,SINGLE_MODALITY,False,No active safety alerts.,0,[],[],[],Patient TCGA-AA-3552 evaluated under evidence level [SINGLE_MODALITY]. Synthesized integrated score is 0.0410 yielding raw risk class [LOW]. Contributions (ML: 0.0410 risk weight). Cross-modal concordance: [SINGLE_MODALITY]. No active safety escalations triggered. Final assigned risk is [LOW].
TCGA-KC-A7F6,0.0001,LOW,LOW,0.646,SINGLE_MODALITY,['ML'],"['DL', 'NLP']",LOW,,,SINGLE_MODALITY,False,No active safety alerts.,0,[],[],[],Patient TCGA-KC-A7F6 evaluated under evidence level [SINGLE_MODALITY]. Synthesized integrated score is 0.0001 yielding raw risk class [LOW]. Contributions (ML: 0.0001 risk weight). Cross-modal concordance: [SINGLE_MODALITY]. No active safety escalations triggered. Final assigned risk is [LOW].
TCGA-24-1562,0.0133,LOW,LOW,0.6408,SINGLE_MODALITY,['ML'],"['DL', 'NLP']",MODERATE,,,SINGLE_MODALITY,False,No active safety alerts.,0,[],[],[],Patient TCGA-24-1562 evaluated under evidence level [SINGLE_MODALITY]. Synthesized integrated score is 0.0133 yielding raw risk class [LOW]. Contributions (ML: 0.0133 risk weight). Cross-modal concordance: [SINGLE_MODALITY]. No active safety escalations triggered. Final assigned risk is [LOW].
TCGA-DD-AADS,0.0,LOW,LOW,0.6499,SINGLE_MODALITY,['ML'],"['DL', 'NLP']",LOW,,,SINGLE_MODALITY,False,No active safety alerts.,0,[],[],[],Patient TCGA-DD-AADS evaluated under evidence level [SINGLE_MODALITY]. Synthesized integrated score is 0.0000 yielding raw risk class [LOW]. Contributions (ML: 0.0000 risk weight). Cross-modal concordance: [SINGLE_MODALITY]. No active safety escalations triggered. Final assigned risk is [LOW].
TCGA-BP-5185,0.0,LOW,LOW,0.6497,SINGLE_MODALITY,['ML'],"['DL', 'NLP']",LOW,,,SINGLE_MODALITY,False,No active safety alerts.,0,[],[],[],Patient TCGA-BP-5185 evaluated under evidence level [SINGLE_MODALITY]. Synthesized integrated score is 0.0000 yielding raw risk class [LOW]. Contributions (ML: 0.0000 risk weight). Cross-modal concordance: [SINGLE_MODALITY]. No active safety escalations triggered. Final assigned risk is [LOW].
TCGA-AK-3427,0.0001,LOW,LOW,0.641,SINGLE_MODALITY,['ML'],"['DL', 'NLP']",LOW,,,SINGLE_MODALITY,False,No active safety alerts.,0,[],[],[],Patient TCGA-AK-3427 evaluated under evidence level [SINGLE_MODALITY]. Synthesized integrated score is 0.0001 yielding raw risk class [LOW]. Contributions (ML: 0.0001 risk weight). Cross-modal concordance: [SINGLE_MODALITY]. No active safety escalations triggered. Final assigned risk is [LOW].
TCGA-B0-5703,0.0,LOW,LOW,0.6498,SINGLE_MODALITY,['ML'],"['DL', 'NLP']",LOW,,,SINGLE_MODALITY,False,No active safety alerts.,0,[],[],[],Patient TCGA-B0-5703 evaluated under evidence level [SINGLE_MODALITY]. Synthesized integrated score is 0.0000 yielding raw risk class [LOW]. Contributions (ML: 0.0000 risk weight). Cross-modal concordance: [SINGLE_MODALITY]. No active safety escalations triggered. Final assigned risk is [LOW].
TCGA-DK-AA77,0.0131,LOW,LOW,0.6412,SINGLE_MODALITY,['ML'],"['DL', 'NLP']",MODERATE,,,SINGLE_MODALITY,False,No active safety alerts.,0,[],[],[],Patient TCGA-DK-AA77 evaluated under evidence level [SINGLE_MODALITY]. Synthesized integrated score is 0.0131 yielding raw risk class [LOW]. Contributions (ML: 0.0131 risk weight). Cross-modal concordance: [SINGLE_MODALITY]. No active safety escalations triggered. Final assigned risk is [LOW].
TCGA-A8-A06O,0.0002,LOW,LOW,0.6383,SINGLE_MODALITY,['ML'],"['DL', 'NLP']",LOW,,,SINGLE_MODALITY,False,No active safety alerts.,0,[],[],[],Patient TCGA-A8-A06O evaluated under evidence level [SINGLE_MODALITY]. Synthesized integrated score is 0.0002 yielding raw risk class [LOW]. Contributions (ML: 0.0002 risk weight). Cross-modal concordance: [SINGLE_MODALITY]. No active safety escalations triggered. Final assigned risk is [LOW].
TCGA-AR-A24T,0.9918,HIGH,HIGH,0.6447,SINGLE_MODALITY,['ML'],"['DL', 'NLP']",HIGH,,,SINGLE_MODALITY,True,"Elevated risk patient with incomplete modality coverage (Missing: ['DL', 'NLP']). Clinician review recommended.",0,[],[],[],"Patient TCGA-AR-A24T evaluated under evidence level [SINGLE_MODALITY]. Synthesized integrated score is 0.9918 yielding raw risk class [HIGH]. Contributions (ML: 0.9918 risk weight). Cross-modal concordance: [SINGLE_MODALITY]. Safety Net Override: Elevated risk patient with incomplete modality coverage (Missing: ['DL', 'NLP']). Clinician review recommended. Final assigned risk is [HIGH]."
TCGA-CJ-4872,0.0,LOW,LOW,0.6497,SINGLE_MODALITY,['ML'],"['DL', 'NLP']",LOW,,,SINGLE_MODALITY,False,No active safety alerts.,0,[],[],[],Patient TCGA-CJ-4872 evaluated under evidence level [SINGLE_MODALITY]. Synthesized integrated score is 0.0000 yielding raw risk class [LOW]. Contributions (ML: 0.0000 risk weight). Cross-modal concordance: [SINGLE_MODALITY]. No active safety escalations triggered. Final assigned risk is [LOW].
TCGA-AY-6196,0.9885,HIGH,HIGH,0.6425,SINGLE_MODALITY,['ML'],"['DL', 'NLP']",HIGH,,,SINGLE_MODALITY,True,"Elevated risk patient with incomplete modality coverage (Missing: ['DL', 'NLP']). Clinician review recommended.",0,[],[],[],"Patient TCGA-AY-6196 evaluated under evidence level [SINGLE_MODALITY]. Synthesized integrated score is 0.9885 yielding raw risk class [HIGH]. Contributions (ML: 0.9885 risk weight). Cross-modal concordance: [SINGLE_MODALITY]. Safety Net Override: Elevated risk patient with incomplete modality coverage (Missing: ['DL', 'NLP']). Clinician review recommended. Final assigned risk is [HIGH]."
TCGA-D9-A6EC,0.9981,HIGH,HIGH,0.6488,SINGLE_MODALITY,['ML'],"['DL', 'NLP']",HIGH,,,SINGLE_MODALITY,True,"Elevated risk patient with incomplete modality coverage (Missing: ['DL', 'NLP']). Clinician review recommended.",0,[],[],[],"Patient TCGA-D9-A6EC evaluated under evidence level [SINGLE_MODALITY]. Synthesized integrated score is 0.9981 yielding raw risk class [HIGH]. Contributions (ML: 0.9981 risk weight). Cross-modal concordance: [SINGLE_MODALITY]. Safety Net Override: Elevated risk patient with incomplete modality coverage (Missing: ['DL', 'NLP']). Clinician review recommended. Final assigned risk is [HIGH]."
TCGA-AU-3779,0.9502,HIGH,HIGH,0.6176,SINGLE_MODALITY,['ML'],"['DL', 'NLP']",HIGH,,,SINGLE_MODALITY,True,"Elevated risk patient with incomplete modality coverage (Missing: ['DL', 'NLP']). Clinician review recommended.",0,[],[],[],"Patient TCGA-AU-3779 evaluated under evidence level [SINGLE_MODALITY]. Synthesized integrated score is 0.9502 yielding raw risk class [HIGH]. Contributions (ML: 0.9502 risk weight). Cross-modal concordance: [SINGLE_MODALITY]. Safety Net Override: Elevated risk patient with incomplete modality coverage (Missing: ['DL', 'NLP']). Clinician review recommended. Final assigned risk is [HIGH]."
TCGA-DM-A28M,0.9457,HIGH,HIGH,0.6147,SINGLE_MODALITY,['ML'],"['DL', 'NLP']",HIGH,,,SINGLE_MODALITY,True,"Elevated risk patient with incomplete modality coverage (Missing: ['DL', 'NLP']). Clinician review recommended.",0,[],[],[],"Patient TCGA-DM-A28M evaluated under evidence level [SINGLE_MODALITY]. Synthesized integrated score is 0.9457 yielding raw risk class [HIGH]. Contributions (ML: 0.9457 risk weight). Cross-modal concordance: [SINGLE_MODALITY]. Safety Net Override: Elevated risk patient with incomplete modality coverage (Missing: ['DL', 'NLP']). Clinician review recommended. Final assigned risk is [HIGH]."
TCGA-E2-A109,0.012,LOW,LOW,0.6419,SINGLE_MODALITY,['ML'],"['DL', 'NLP']",MODERATE,,,SINGLE_MODALITY,False,No active safety alerts.,0,[],[],[],Patient TCGA-E2-A109 evaluated under evidence level [SINGLE_MODALITY]. Synthesized integrated score is 0.0120 yielding raw risk class [LOW]. Contributions (ML: 0.0120 risk weight). Cross-modal concordance: [SINGLE_MODALITY]. No active safety escalations triggered. Final assigned risk is [LOW].
TCGA-BH-A1FG,0.0001,LOW,LOW,0.6424,SINGLE_MODALITY,['ML'],"['DL', 'NLP']",LOW,,,SINGLE_MODALITY,False,No active safety alerts.,0,[],[],[],Patient TCGA-BH-A1FG evaluated under evidence level [SINGLE_MODALITY]. Synthesized integrated score is 0.0001 yielding raw risk class [LOW]. Contributions (ML: 0.0001 risk weight). Cross-modal concordance: [SINGLE_MODALITY]. No active safety escalations triggered. Final assigned risk is [LOW].
TCGA-BA-5152,0.9989,HIGH,HIGH,0.6493,SINGLE_MODALITY,['ML'],"['DL', 'NLP']",HIGH,,,SINGLE_MODALITY,True,"Elevated risk patient with incomplete modality coverage (Missing: ['DL', 'NLP']). Clinician review recommended.",0,[],[],[],"Patient TCGA-BA-5152 evaluated under evidence level [SINGLE_MODALITY]. Synthesized integrated score is 0.9989 yielding raw risk class [HIGH]. Contributions (ML: 0.9989 risk weight). Cross-modal concordance: [SINGLE_MODALITY]. Safety Net Override: Elevated risk patient with incomplete modality coverage (Missing: ['DL', 'NLP']). Clinician review recommended. Final assigned risk is [HIGH]."
TCGA-E2-A1BD,0.0022,LOW,LOW,0.6443,SINGLE_MODALITY,['ML'],"['DL', 'NLP']",MODERATE,,,SINGLE_MODALITY,False,No active safety alerts.,0,[],[],[],Patient TCGA-E2-A1BD evaluated under evidence level [SINGLE_MODALITY]. Synthesized integrated score is 0.0022 yielding raw risk class [LOW]. Contributions (ML: 0.0022 risk weight). Cross-modal concordance: [SINGLE_MODALITY]. No active safety escalations triggered. Final assigned risk is [LOW].
TCGA-KK-A8ID,0.0018,LOW,LOW,0.6449,SINGLE_MODALITY,['ML'],"['DL', 'NLP']",MODERATE,,,SINGLE_MODALITY,False,No active safety alerts.,0,[],[],[],Patient TCGA-KK-A8ID evaluated under evidence level [SINGLE_MODALITY]. Synthesized integrated score is 0.0018 yielding raw risk class [LOW]. Contributions (ML: 0.0018 risk weight). Cross-modal concordance: [SINGLE_MODALITY]. No active safety escalations triggered. Final assigned risk is [LOW].
TCGA-WJ-A86L,0.0001,LOW,LOW,0.6295,SINGLE_MODALITY,['ML'],"['DL', 'NLP']",LOW,,,SINGLE_MODALITY,False,No active safety alerts.,0,[],[],[],Patient TCGA-WJ-A86L evaluated under evidence level [SINGLE_MODALITY]. Synthesized integrated score is 0.0001 yielding raw risk class [LOW]. Contributions (ML: 0.0001 risk weight). Cross-modal concordance: [SINGLE_MODALITY]. No active safety escalations triggered. Final assigned risk is [LOW].
TCGA-CQ-6224,0.9985,HIGH,HIGH,0.649,SINGLE_MODALITY,['ML'],"['DL', 'NLP']",HIGH,,,SINGLE_MODALITY,True,"Elevated risk patient with incomplete modality coverage (Missing: ['DL', 'NLP']). Clinician review recommended.",0,[],[],[],"Patient TCGA-CQ-6224 evaluated under evidence level [SINGLE_MODALITY]. Synthesized integrated score is 0.9985 yielding raw risk class [HIGH]. Contributions (ML: 0.9985 risk weight). Cross-modal concordance: [SINGLE_MODALITY]. Safety Net Override: Elevated risk patient with incomplete modality coverage (Missing: ['DL', 'NLP']). Clinician review recommended. Final assigned risk is [HIGH]."
TCGA-B0-5697,0.0047,LOW,LOW,0.584,SINGLE_MODALITY,['ML'],"['DL', 'NLP']",MODERATE,,,SINGLE_MODALITY,False,No active safety alerts.,0,[],[],[],Patient TCGA-B0-5697 evaluated under evidence level [SINGLE_MODALITY]. Synthesized integrated score is 0.0047 yielding raw risk class [LOW]. Contributions (ML: 0.0047 risk weight). Cross-modal concordance: [SINGLE_MODALITY]. No active safety escalations triggered. Final assigned risk is [LOW].
TCGA-44-6778,0.0002,LOW,LOW,0.6402,SINGLE_MODALITY,['ML'],"['DL', 'NLP']",LOW,,,SINGLE_MODALITY,False,No active safety alerts.,0,[],[],[],Patient TCGA-44-6778 evaluated under evidence level [SINGLE_MODALITY]. Synthesized integrated score is 0.0002 yielding raw risk class [LOW]. Contributions (ML: 0.0002 risk weight). Cross-modal concordance: [SINGLE_MODALITY]. No active safety escalations triggered. Final assigned risk is [LOW].
TCGA-GN-A8LK,0.0056,LOW,LOW,0.6331,SINGLE_MODALITY,['ML'],"['DL', 'NLP']",MODERATE,,,SINGLE_MODALITY,False,No active safety alerts.,0,[],[],[],Patient TCGA-GN-A8LK evaluated under evidence level [SINGLE_MODALITY]. Synthesized integrated score is 0.0056 yielding raw risk class [LOW]. Contributions (ML: 0.0056 risk weight). Cross-modal concordance: [SINGLE_MODALITY]. No active safety escalations triggered. Final assigned risk is [LOW].
TCGA-BH-A0DE,0.0001,LOW,LOW,0.6467,SINGLE_MODALITY,['ML'],"['DL', 'NLP']",LOW,,,SINGLE_MODALITY,False,No active safety alerts.,0,[],[],[],Patient TCGA-BH-A0DE evaluated under evidence level [SINGLE_MODALITY]. Synthesized integrated score is 0.0001 yielding raw risk class [LOW]. Contributions (ML: 0.0001 risk weight). Cross-modal concordance: [SINGLE_MODALITY]. No active safety escalations triggered. Final assigned risk is [LOW].
TCGA-FR-A729,0.0,LOW,LOW,0.6498,SINGLE_MODALITY,['ML'],"['DL', 'NLP']",LOW,,,SINGLE_MODALITY,False,No active safety alerts.,0,[],[],[],Patient TCGA-FR-A729 evaluated under evidence level [SINGLE_MODALITY]. Synthesized integrated score is 0.0000 yielding raw risk class [LOW]. Contributions (ML: 0.0000 risk weight). Cross-modal concordance: [SINGLE_MODALITY]. No active safety escalations triggered. Final assigned risk is [LOW].
TCGA-B2-A4SR,0.0001,LOW,LOW,0.6467,SINGLE_MODALITY,['ML'],"['DL', 'NLP']",LOW,,,SINGLE_MODALITY,False,No active safety alerts.,0,[],[],[],Patient TCGA-B2-A4SR evaluated under evidence level [SINGLE_MODALITY]. Synthesized integrated score is 0.0001 yielding raw risk class [LOW]. Contributions (ML: 0.0001 risk weight). Cross-modal concordance: [SINGLE_MODALITY]. No active safety escalations triggered. Final assigned risk is [LOW].
TCGA-E7-A8O7,0.0001,LOW,LOW,0.6469,SINGLE_MODALITY,['ML'],"['DL', 'NLP']",LOW,,,SINGLE_MODALITY,False,No active safety alerts.,0,[],[],[],Patient TCGA-E7-A8O7 evaluated under evidence level [SINGLE_MODALITY]. Synthesized integrated score is 0.0001 yielding raw risk class [LOW]. Contributions (ML: 0.0001 risk weight). Cross-modal concordance: [SINGLE_MODALITY]. No active safety escalations triggered. Final assigned risk is [LOW].
TCGA-EB-A431,0.0012,LOW,LOW,0.6475,SINGLE_MODALITY,['ML'],"['DL', 'NLP']",MODERATE,,,SINGLE_MODALITY,False,No active safety alerts.,0,[],[],[],Patient TCGA-EB-A431 evaluated under evidence level [SINGLE_MODALITY]. Synthesized integrated score is 0.0012 yielding raw risk class [LOW]. Contributions (ML: 0.0012 risk weight). Cross-modal concordance: [SINGLE_MODALITY]. No active safety escalations triggered. Final assigned risk is [LOW].
TCGA-25-2042,0.0262,LOW,LOW,0.6324,SINGLE_MODALITY,['ML'],"['DL', 'NLP']",MODERATE,,,SINGLE_MODALITY,False,No active safety alerts.,0,[],[],[],Patient TCGA-25-2042 evaluated under evidence level [SINGLE_MODALITY]. Synthesized integrated score is 0.0262 yielding raw risk class [LOW]. Contributions (ML: 0.0262 risk weight). Cross-modal concordance: [SINGLE_MODALITY]. No active safety escalations triggered. Final assigned risk is [LOW].
TCGA-61-1904,0.0042,LOW,LOW,0.6432,SINGLE_MODALITY,['ML'],"['DL', 'NLP']",MODERATE,,,SINGLE_MODALITY,False,No active safety alerts.,0,[],[],[],Patient TCGA-61-1904 evaluated under evidence level [SINGLE_MODALITY]. Synthesized integrated score is 0.0042 yielding raw risk class [LOW]. Contributions (ML: 0.0042 risk weight). Cross-modal concordance: [SINGLE_MODALITY]. No active safety escalations triggered. Final assigned risk is [LOW].
TCGA-UF-A7JD,0.9989,HIGH,HIGH,0.6493,SINGLE_MODALITY,['ML'],"['DL', 'NLP']",HIGH,,,SINGLE_MODALITY,True,"Elevated risk patient with incomplete modality coverage (Missing: ['DL', 'NLP']). Clinician review recommended.",0,[],[],[],"Patient TCGA-UF-A7JD evaluated under evidence level [SINGLE_MODALITY]. Synthesized integrated score is 0.9989 yielding raw risk class [HIGH]. Contributions (ML: 0.9989 risk weight). Cross-modal concordance: [SINGLE_MODALITY]. Safety Net Override: Elevated risk patient with incomplete modality coverage (Missing: ['DL', 'NLP']). Clinician review recommended. Final assigned risk is [HIGH]."
TCGA-QK-A6IH,0.9993,HIGH,HIGH,0.6495,SINGLE_MODALITY,['ML'],"['DL', 'NLP']",HIGH,,,SINGLE_MODALITY,True,"Elevated risk patient with incomplete modality coverage (Missing: ['DL', 'NLP']). Clinician review recommended.",0,[],[],[],"Patient TCGA-QK-A6IH evaluated under evidence level [SINGLE_MODALITY]. Synthesized integrated score is 0.9993 yielding raw risk class [HIGH]. Contributions (ML: 0.9993 risk weight). Cross-modal concordance: [SINGLE_MODALITY]. Safety Net Override: Elevated risk patient with incomplete modality coverage (Missing: ['DL', 'NLP']). Clinician review recommended. Final assigned risk is [HIGH]."
TCGA-DD-AADO,0.0001,LOW,LOW,0.644,SINGLE_MODALITY,['ML'],"['DL', 'NLP']",LOW,,,SINGLE_MODALITY,False,No active safety alerts.,0,[],[],[],Patient TCGA-DD-AADO evaluated under evidence level [SINGLE_MODALITY]. Synthesized integrated score is 0.0001 yielding raw risk class [LOW]. Contributions (ML: 0.0001 risk weight). Cross-modal concordance: [SINGLE_MODALITY]. No active safety escalations triggered. Final assigned risk is [LOW].
TCGA-D5-6928,0.0024,LOW,LOW,0.6428,SINGLE_MODALITY,['ML'],"['DL', 'NLP']",MODERATE,,,SINGLE_MODALITY,False,No active safety alerts.,0,[],[],[],Patient TCGA-D5-6928 evaluated under evidence level [SINGLE_MODALITY]. Synthesized integrated score is 0.0024 yielding raw risk class [LOW]. Contributions (ML: 0.0024 risk weight). Cross-modal concordance: [SINGLE_MODALITY]. No active safety escalations triggered. Final assigned risk is [LOW].
TCGA-E2-A14S,0.0001,LOW,LOW,0.6291,SINGLE_MODALITY,['ML'],"['DL', 'NLP']",LOW,,,SINGLE_MODALITY,False,No active safety alerts.,0,[],[],[],Patient TCGA-E2-A14S evaluated under evidence level [SINGLE_MODALITY]. Synthesized integrated score is 0.0001 yielding raw risk class [LOW]. Contributions (ML: 0.0001 risk weight). Cross-modal concordance: [SINGLE_MODALITY]. No active safety escalations triggered. Final assigned risk is [LOW].
TCGA-CU-A0YN,0.9987,HIGH,HIGH,0.6492,SINGLE_MODALITY,['ML'],"['DL', 'NLP']",HIGH,,,SINGLE_MODALITY,True,"Elevated risk patient with incomplete modality coverage (Missing: ['DL', 'NLP']). Clinician review recommended.",0,[],[],[],"Patient TCGA-CU-A0YN evaluated under evidence level [SINGLE_MODALITY]. Synthesized integrated score is 0.9987 yielding raw risk class [HIGH]. Contributions (ML: 0.9987 risk weight). Cross-modal concordance: [SINGLE_MODALITY]. Safety Net Override: Elevated risk patient with incomplete modality coverage (Missing: ['DL', 'NLP']). Clinician review recommended. Final assigned risk is [HIGH]."
TCGA-BP-4798,0.0361,LOW,LOW,0.6178,SINGLE_MODALITY,['ML'],"['DL', 'NLP']",MODERATE,,,SINGLE_MODALITY,False,No active safety alerts.,0,[],[],[],Patient TCGA-BP-4798 evaluated under evidence level [SINGLE_MODALITY]. Synthesized integrated score is 0.0361 yielding raw risk class [LOW]. Contributions (ML: 0.0361 risk weight). Cross-modal concordance: [SINGLE_MODALITY]. No active safety escalations triggered. Final assigned risk is [LOW].
TCGA-BC-A10T,0.0001,LOW,LOW,0.6426,SINGLE_MODALITY,['ML'],"['DL', 'NLP']",LOW,,,SINGLE_MODALITY,False,No active safety alerts.,0,[],[],[],Patient TCGA-BC-A10T evaluated under evidence level [SINGLE_MODALITY]. Synthesized integrated score is 0.0001 yielding raw risk class [LOW]. Contributions (ML: 0.0001 risk weight). Cross-modal concordance: [SINGLE_MODALITY]. No active safety escalations triggered. Final assigned risk is [LOW].
TCGA-BH-A0EI,0.0119,LOW,LOW,0.6405,SINGLE_MODALITY,['ML'],"['DL', 'NLP']",MODERATE,,,SINGLE_MODALITY,False,No active safety alerts.,0,[],[],[],Patient TCGA-BH-A0EI evaluated under evidence level [SINGLE_MODALITY]. Synthesized integrated score is 0.0119 yielding raw risk class [LOW]. Contributions (ML: 0.0119 risk weight). Cross-modal concordance: [SINGLE_MODALITY]. No active safety escalations triggered. Final assigned risk is [LOW].
TCGA-A2-A1G6,0.0228,LOW,LOW,0.6271,SINGLE_MODALITY,['ML'],"['DL', 'NLP']",MODERATE,,,SINGLE_MODALITY,False,No active safety alerts.,0,[],[],[],Patient TCGA-A2-A1G6 evaluated under evidence level [SINGLE_MODALITY]. Synthesized integrated score is 0.0228 yielding raw risk class [LOW]. Contributions (ML: 0.0228 risk weight). Cross-modal concordance: [SINGLE_MODALITY]. No active safety escalations triggered. Final assigned risk is [LOW].
TCGA-FD-A3SS,0.9992,HIGH,HIGH,0.6495,SINGLE_MODALITY,['ML'],"['DL', 'NLP']",HIGH,,,SINGLE_MODALITY,True,"Elevated risk patient with incomplete modality coverage (Missing: ['DL', 'NLP']). Clinician review recommended.",0,[],[],[],"Patient TCGA-FD-A3SS evaluated under evidence level [SINGLE_MODALITY]. Synthesized integrated score is 0.9992 yielding raw risk class [HIGH]. Contributions (ML: 0.9992 risk weight). Cross-modal concordance: [SINGLE_MODALITY]. Safety Net Override: Elevated risk patient with incomplete modality coverage (Missing: ['DL', 'NLP']). Clinician review recommended. Final assigned risk is [HIGH]."
TCGA-DD-AAVU,0.0001,LOW,LOW,0.6464,SINGLE_MODALITY,['ML'],"['DL', 'NLP']",LOW,,,SINGLE_MODALITY,False,No active safety alerts.,0,[],[],[],Patient TCGA-DD-AAVU evaluated under evidence level [SINGLE_MODALITY]. Synthesized integrated score is 0.0001 yielding raw risk class [LOW]. Contributions (ML: 0.0001 risk weight). Cross-modal concordance: [SINGLE_MODALITY]. No active safety escalations triggered. Final assigned risk is [LOW].
TCGA-24-1847,0.0022,LOW,LOW,0.6465,SINGLE_MODALITY,['ML'],"['DL', 'NLP']",MODERATE,,,SINGLE_MODALITY,False,No active safety alerts.,0,[],[],[],Patient TCGA-24-1847 evaluated under evidence level [SINGLE_MODALITY]. Synthesized integrated score is 0.0022 yielding raw risk class [LOW]. Contributions (ML: 0.0022 risk weight). Cross-modal concordance: [SINGLE_MODALITY]. No active safety escalations triggered. Final assigned risk is [LOW].
TCGA-AC-A2FM,0.0001,LOW,LOW,0.6414,SINGLE_MODALITY,['ML'],"['DL', 'NLP']",LOW,,,SINGLE_MODALITY,False,No active safety alerts.,0,[],[],[],Patient TCGA-AC-A2FM evaluated under evidence level [SINGLE_MODALITY]. Synthesized integrated score is 0.0001 yielding raw risk class [LOW]. Contributions (ML: 0.0001 risk weight). Cross-modal concordance: [SINGLE_MODALITY]. No active safety escalations triggered. Final assigned risk is [LOW].
TCGA-AK-3429,0.8325,HIGH,HIGH,0.5411,SINGLE_MODALITY,['ML'],"['DL', 'NLP']",HIGH,,,SINGLE_MODALITY,True,"Elevated risk patient with incomplete modality coverage (Missing: ['DL', 'NLP']). Clinician review recommended.",0,[],[],[],"Patient TCGA-AK-3429 evaluated under evidence level [SINGLE_MODALITY]. Synthesized integrated score is 0.8325 yielding raw risk class [HIGH]. Contributions (ML: 0.8325 risk weight). Cross-modal concordance: [SINGLE_MODALITY]. Safety Net Override: Elevated risk patient with incomplete modality coverage (Missing: ['DL', 'NLP']). Clinician review recommended. Final assigned risk is [HIGH]."
TCGA-D8-A1JF,0.9996,HIGH,HIGH,0.6497,SINGLE_MODALITY,['ML'],"['DL', 'NLP']",HIGH,,,SINGLE_MODALITY,True,"Elevated risk patient with incomplete modality coverage (Missing: ['DL', 'NLP']). Clinician review recommended.",0,[],[],[],"Patient TCGA-D8-A1JF evaluated under evidence level [SINGLE_MODALITY]. Synthesized integrated score is 0.9996 yielding raw risk class [HIGH]. Contributions (ML: 0.9996 risk weight). Cross-modal concordance: [SINGLE_MODALITY]. Safety Net Override: Elevated risk patient with incomplete modality coverage (Missing: ['DL', 'NLP']). Clinician review recommended. Final assigned risk is [HIGH]."
TCGA-67-6216,0.0002,LOW,LOW,0.6421,SINGLE_MODALITY,['ML'],"['DL', 'NLP']",LOW,,,SINGLE_MODALITY,False,No active safety alerts.,0,[],[],[],Patient TCGA-67-6216 evaluated under evidence level [SINGLE_MODALITY]. Synthesized integrated score is 0.0002 yielding raw risk class [LOW]. Contributions (ML: 0.0002 risk weight). Cross-modal concordance: [SINGLE_MODALITY]. No active safety escalations triggered. Final assigned risk is [LOW].
TCGA-DD-AACZ,0.0002,LOW,LOW,0.6437,SINGLE_MODALITY,['ML'],"['DL', 'NLP']",LOW,,,SINGLE_MODALITY,False,No active safety alerts.,0,[],[],[],Patient TCGA-DD-AACZ evaluated under evidence level [SINGLE_MODALITY]. Synthesized integrated score is 0.0002 yielding raw risk class [LOW]. Contributions (ML: 0.0002 risk weight). Cross-modal concordance: [SINGLE_MODALITY]. No active safety escalations triggered. Final assigned risk is [LOW].
TCGA-E7-A97P,0.0079,LOW,LOW,0.6447,SINGLE_MODALITY,['ML'],"['DL', 'NLP']",MODERATE,,,SINGLE_MODALITY,False,No active safety alerts.,0,[],[],[],Patient TCGA-E7-A97P evaluated under evidence level [SINGLE_MODALITY]. Synthesized integrated score is 0.0079 yielding raw risk class [LOW]. Contributions (ML: 0.0079 risk weight). Cross-modal concordance: [SINGLE_MODALITY]. No active safety escalations triggered. Final assigned risk is [LOW].
TCGA-BH-A0B1,0.0001,LOW,LOW,0.6453,SINGLE_MODALITY,['ML'],"['DL', 'NLP']",LOW,,,SINGLE_MODALITY,False,No active safety alerts.,0,[],[],[],Patient TCGA-BH-A0B1 evaluated under evidence level [SINGLE_MODALITY]. Synthesized integrated score is 0.0001 yielding raw risk class [LOW]. Contributions (ML: 0.0001 risk weight). Cross-modal concordance: [SINGLE_MODALITY]. No active safety escalations triggered. Final assigned risk is [LOW].
TCGA-B0-4696,0.9995,HIGH,HIGH,0.6497,SINGLE_MODALITY,['ML'],"['DL', 'NLP']",HIGH,,,SINGLE_MODALITY,True,"Elevated risk patient with incomplete modality coverage (Missing: ['DL', 'NLP']). Clinician review recommended.",0,[],[],[],"Patient TCGA-B0-4696 evaluated under evidence level [SINGLE_MODALITY]. Synthesized integrated score is 0.9995 yielding raw risk class [HIGH]. Contributions (ML: 0.9995 risk weight). Cross-modal concordance: [SINGLE_MODALITY]. Safety Net Override: Elevated risk patient with incomplete modality coverage (Missing: ['DL', 'NLP']). Clinician review recommended. Final assigned risk is [HIGH]."
TCGA-B6-A0X4,0.0022,LOW,LOW,0.6447,SINGLE_MODALITY,['ML'],"['DL', 'NLP']",MODERATE,,,SINGLE_MODALITY,False,No active safety alerts.,0,[],[],[],Patient TCGA-B6-A0X4 evaluated under evidence level [SINGLE_MODALITY]. Synthesized integrated score is 0.0022 yielding raw risk class [LOW]. Contributions (ML: 0.0022 risk weight). Cross-modal concordance: [SINGLE_MODALITY]. No active safety escalations triggered. Final assigned risk is [LOW].
TCGA-XF-A9SG,0.0001,LOW,LOW,0.646,SINGLE_MODALITY,['ML'],"['DL', 'NLP']",LOW,,,SINGLE_MODALITY,False,No active safety alerts.,0,[],[],[],Patient TCGA-XF-A9SG evaluated under evidence level [SINGLE_MODALITY]. Synthesized integrated score is 0.0001 yielding raw risk class [LOW]. Contributions (ML: 0.0001 risk weight). Cross-modal concordance: [SINGLE_MODALITY]. No active safety escalations triggered. Final assigned risk is [LOW].
TCGA-24-1423,0.0048,LOW,LOW,0.6466,SINGLE_MODALITY,['ML'],"['DL', 'NLP']",MODERATE,,,SINGLE_MODALITY,False,No active safety alerts.,0,[],[],[],Patient TCGA-24-1423 evaluated under evidence level [SINGLE_MODALITY]. Synthesized integrated score is 0.0048 yielding raw risk class [LOW]. Contributions (ML: 0.0048 risk weight). Cross-modal concordance: [SINGLE_MODALITY]. No active safety escalations triggered. Final assigned risk is [LOW].
TCGA-D3-A51H,0.9931,HIGH,HIGH,0.6455,SINGLE_MODALITY,['ML'],"['DL', 'NLP']",HIGH,,,SINGLE_MODALITY,True,"Elevated risk patient with incomplete modality coverage (Missing: ['DL', 'NLP']). Clinician review recommended.",0,[],[],[],"Patient TCGA-D3-A51H evaluated under evidence level [SINGLE_MODALITY]. Synthesized integrated score is 0.9931 yielding raw risk class [HIGH]. Contributions (ML: 0.9931 risk weight). Cross-modal concordance: [SINGLE_MODALITY]. Safety Net Override: Elevated risk patient with incomplete modality coverage (Missing: ['DL', 'NLP']). Clinician review recommended. Final assigned risk is [HIGH]."
TCGA-AR-A1AN,0.0001,LOW,LOW,0.6468,SINGLE_MODALITY,['ML'],"['DL', 'NLP']",LOW,,,SINGLE_MODALITY,False,No active safety alerts.,0,[],[],[],Patient TCGA-AR-A1AN evaluated under evidence level [SINGLE_MODALITY]. Synthesized integrated score is 0.0001 yielding raw risk class [LOW]. Contributions (ML: 0.0001 risk weight). Cross-modal concordance: [SINGLE_MODALITY]. No active safety escalations triggered. Final assigned risk is [LOW].
TCGA-A1-A0SO,0.0001,LOW,LOW,0.6459,SINGLE_MODALITY,['ML'],"['DL', 'NLP']",LOW,,,SINGLE_MODALITY,False,No active safety alerts.,0,[],[],[],Patient TCGA-A1-A0SO evaluated under evidence level [SINGLE_MODALITY]. Synthesized integrated score is 0.0001 yielding raw risk class [LOW]. Contributions (ML: 0.0001 risk weight). Cross-modal concordance: [SINGLE_MODALITY]. No active safety escalations triggered. Final assigned risk is [LOW].
TCGA-CZ-4862,0.0,LOW,LOW,0.6497,SINGLE_MODALITY,['ML'],"['DL', 'NLP']",LOW,,,SINGLE_MODALITY,False,No active safety alerts.,0,[],[],[],Patient TCGA-CZ-4862 evaluated under evidence level [SINGLE_MODALITY]. Synthesized integrated score is 0.0000 yielding raw risk class [LOW]. Contributions (ML: 0.0000 risk weight). Cross-modal concordance: [SINGLE_MODALITY]. No active safety escalations triggered. Final assigned risk is [LOW].
TCGA-YG-AA3O,0.0046,LOW,LOW,0.6468,SINGLE_MODALITY,['ML'],"['DL', 'NLP']",MODERATE,,,SINGLE_MODALITY,False,No active safety alerts.,0,[],[],[],Patient TCGA-YG-AA3O evaluated under evidence level [SINGLE_MODALITY]. Synthesized integrated score is 0.0046 yielding raw risk class [LOW]. Contributions (ML: 0.0046 risk weight). Cross-modal concordance: [SINGLE_MODALITY]. No active safety escalations triggered. Final assigned risk is [LOW].
TCGA-HD-A6I0,0.9988,HIGH,HIGH,0.6492,SINGLE_MODALITY,['ML'],"['DL', 'NLP']",HIGH,,,SINGLE_MODALITY,True,"Elevated risk patient with incomplete modality coverage (Missing: ['DL', 'NLP']). Clinician review recommended.",0,[],[],[],"Patient TCGA-HD-A6I0 evaluated under evidence level [SINGLE_MODALITY]. Synthesized integrated score is 0.9988 yielding raw risk class [HIGH]. Contributions (ML: 0.9988 risk weight). Cross-modal concordance: [SINGLE_MODALITY]. Safety Net Override: Elevated risk patient with incomplete modality coverage (Missing: ['DL', 'NLP']). Clinician review recommended. Final assigned risk is [HIGH]."
TCGA-NJ-A4YP,0.0,LOW,LOW,0.6498,SINGLE_MODALITY,['ML'],"['DL', 'NLP']",LOW,,,SINGLE_MODALITY,False,No active safety alerts.,0,[],[],[],Patient TCGA-NJ-A4YP evaluated under evidence level [SINGLE_MODALITY]. Synthesized integrated score is 0.0000 yielding raw risk class [LOW]. Contributions (ML: 0.0000 risk weight). Cross-modal concordance: [SINGLE_MODALITY]. No active safety escalations triggered. Final assigned risk is [LOW].
TCGA-GU-AATP,0.9995,HIGH,HIGH,0.6497,SINGLE_MODALITY,['ML'],"['DL', 'NLP']",HIGH,,,SINGLE_MODALITY,True,"Elevated risk patient with incomplete modality coverage (Missing: ['DL', 'NLP']). Clinician review recommended.",0,[],[],[],"Patient TCGA-GU-AATP evaluated under evidence level [SINGLE_MODALITY]. Synthesized integrated score is 0.9995 yielding raw risk class [HIGH]. Contributions (ML: 0.9995 risk weight). Cross-modal concordance: [SINGLE_MODALITY]. Safety Net Override: Elevated risk patient with incomplete modality coverage (Missing: ['DL', 'NLP']). Clinician review recommended. Final assigned risk is [HIGH]."
TCGA-61-2111,0.0039,LOW,LOW,0.6426,SINGLE_MODALITY,['ML'],"['DL', 'NLP']",MODERATE,,,SINGLE_MODALITY,False,No active safety alerts.,0,[],[],[],Patient TCGA-61-2111 evaluated under evidence level [SINGLE_MODALITY]. Synthesized integrated score is 0.0039 yielding raw risk class [LOW]. Contributions (ML: 0.0039 risk weight). Cross-modal concordance: [SINGLE_MODALITY]. No active safety escalations triggered. Final assigned risk is [LOW].
TCGA-AA-A01X,0.9997,HIGH,HIGH,0.6498,SINGLE_MODALITY,['ML'],"['DL', 'NLP']",HIGH,,,SINGLE_MODALITY,True,"Elevated risk patient with incomplete modality coverage (Missing: ['DL', 'NLP']). Clinician review recommended.",0,[],[],[],"Patient TCGA-AA-A01X evaluated under evidence level [SINGLE_MODALITY]. Synthesized integrated score is 0.9997 yielding raw risk class [HIGH]. Contributions (ML: 0.9997 risk weight). Cross-modal concordance: [SINGLE_MODALITY]. Safety Net Override: Elevated risk patient with incomplete modality coverage (Missing: ['DL', 'NLP']). Clinician review recommended. Final assigned risk is [HIGH]."
TCGA-29-1774,0.0024,LOW,LOW,0.6445,SINGLE_MODALITY,['ML'],"['DL', 'NLP']",MODERATE,,,SINGLE_MODALITY,False,No active safety alerts.,0,[],[],[],Patient TCGA-29-1774 evaluated under evidence level [SINGLE_MODALITY]. Synthesized integrated score is 0.0024 yielding raw risk class [LOW]. Contributions (ML: 0.0024 risk weight). Cross-modal concordance: [SINGLE_MODALITY]. No active safety escalations triggered. Final assigned risk is [LOW].
TCGA-DD-A4NB,0.0,LOW,LOW,0.6499,SINGLE_MODALITY,['ML'],"['DL', 'NLP']",LOW,,,SINGLE_MODALITY,False,No active safety alerts.,0,[],[],[],Patient TCGA-DD-A4NB evaluated under evidence level [SINGLE_MODALITY]. Synthesized integrated score is 0.0000 yielding raw risk class [LOW]. Contributions (ML: 0.0000 risk weight). Cross-modal concordance: [SINGLE_MODALITY]. No active safety escalations triggered. Final assigned risk is [LOW].
TCGA-DD-A118,0.0022,LOW,LOW,0.6441,SINGLE_MODALITY,['ML'],"['DL', 'NLP']",MODERATE,,,SINGLE_MODALITY,False,No active safety alerts.,0,[],[],[],Patient TCGA-DD-A118 evaluated under evidence level [SINGLE_MODALITY]. Synthesized integrated score is 0.0022 yielding raw risk class [LOW]. Contributions (ML: 0.0022 risk weight). Cross-modal concordance: [SINGLE_MODALITY]. No active safety escalations triggered. Final assigned risk is [LOW].
TCGA-BH-A18V,0.0011,LOW,LOW,0.6438,SINGLE_MODALITY,['ML'],"['DL', 'NLP']",MODERATE,,,SINGLE_MODALITY,False,No active safety alerts.,0,[],[],[],Patient TCGA-BH-A18V evaluated under evidence level [SINGLE_MODALITY]. Synthesized integrated score is 0.0011 yielding raw risk class [LOW]. Contributions (ML: 0.0011 risk weight). Cross-modal concordance: [SINGLE_MODALITY]. No active safety escalations triggered. Final assigned risk is [LOW].
TCGA-J9-A8CK,0.0001,LOW,LOW,0.6449,SINGLE_MODALITY,['ML'],"['DL', 'NLP']",LOW,,,SINGLE_MODALITY,False,No active safety alerts.,0,[],[],[],Patient TCGA-J9-A8CK evaluated under evidence level [SINGLE_MODALITY]. Synthesized integrated score is 0.0001 yielding raw risk class [LOW]. Contributions (ML: 0.0001 risk weight). Cross-modal concordance: [SINGLE_MODALITY]. No active safety escalations triggered. Final assigned risk is [LOW].
TCGA-56-A5DS,0.0001,LOW,LOW,0.6423,SINGLE_MODALITY,['ML'],"['DL', 'NLP']",LOW,,,SINGLE_MODALITY,False,No active safety alerts.,0,[],[],[],Patient TCGA-56-A5DS evaluated under evidence level [SINGLE_MODALITY]. Synthesized integrated score is 0.0001 yielding raw risk class [LOW]. Contributions (ML: 0.0001 risk weight). Cross-modal concordance: [SINGLE_MODALITY]. No active safety escalations triggered. Final assigned risk is [LOW].
TCGA-B4-5377,0.9997,HIGH,HIGH,0.6498,SINGLE_MODALITY,['ML'],"['DL', 'NLP']",HIGH,,,SINGLE_MODALITY,True,"Elevated risk patient with incomplete modality coverage (Missing: ['DL', 'NLP']). Clinician review recommended.",0,[],[],[],"Patient TCGA-B4-5377 evaluated under evidence level [SINGLE_MODALITY]. Synthesized integrated score is 0.9997 yielding raw risk class [HIGH]. Contributions (ML: 0.9997 risk weight). Cross-modal concordance: [SINGLE_MODALITY]. Safety Net Override: Elevated risk patient with incomplete modality coverage (Missing: ['DL', 'NLP']). Clinician review recommended. Final assigned risk is [HIGH]."
TCGA-24-0968,0.0015,LOW,LOW,0.6468,SINGLE_MODALITY,['ML'],"['DL', 'NLP']",MODERATE,,,SINGLE_MODALITY,False,No active safety alerts.,0,[],[],[],Patient TCGA-24-0968 evaluated under evidence level [SINGLE_MODALITY]. Synthesized integrated score is 0.0015 yielding raw risk class [LOW]. Contributions (ML: 0.0015 risk weight). Cross-modal concordance: [SINGLE_MODALITY]. No active safety escalations triggered. Final assigned risk is [LOW].
TCGA-85-8049,0.0004,LOW,LOW,0.5529,SINGLE_MODALITY,['ML'],"['DL', 'NLP']",LOW,,,SINGLE_MODALITY,False,No active safety alerts.,0,[],[],[],Patient TCGA-85-8049 evaluated under evidence level [SINGLE_MODALITY]. Synthesized integrated score is 0.0004 yielding raw risk class [LOW]. Contributions (ML: 0.0004 risk weight). Cross-modal concordance: [SINGLE_MODALITY]. No active safety escalations triggered. Final assigned risk is [LOW].
TCGA-EI-6917,0.9985,HIGH,HIGH,0.649,SINGLE_MODALITY,['ML'],"['DL', 'NLP']",HIGH,,,SINGLE_MODALITY,True,"Elevated risk patient with incomplete modality coverage (Missing: ['DL', 'NLP']). Clinician review recommended.",0,[],[],[],"Patient TCGA-EI-6917 evaluated under evidence level [SINGLE_MODALITY]. Synthesized integrated score is 0.9985 yielding raw risk class [HIGH]. Contributions (ML: 0.9985 risk weight). Cross-modal concordance: [SINGLE_MODALITY]. Safety Net Override: Elevated risk patient with incomplete modality coverage (Missing: ['DL', 'NLP']). Clinician review recommended. Final assigned risk is [HIGH]."
TCGA-G3-A3CH,0.9942,HIGH,HIGH,0.6462,SINGLE_MODALITY,['ML'],"['DL', 'NLP']",HIGH,,,SINGLE_MODALITY,True,"Elevated risk patient with incomplete modality coverage (Missing: ['DL', 'NLP']). Clinician review recommended.",0,[],[],[],"Patient TCGA-G3-A3CH evaluated under evidence level [SINGLE_MODALITY]. Synthesized integrated score is 0.9942 yielding raw risk class [HIGH]. Contributions (ML: 0.9942 risk weight). Cross-modal concordance: [SINGLE_MODALITY]. Safety Net Override: Elevated risk patient with incomplete modality coverage (Missing: ['DL', 'NLP']). Clinician review recommended. Final assigned risk is [HIGH]."
TCGA-A1-A0SG,0.0001,LOW,LOW,0.6468,SINGLE_MODALITY,['ML'],"['DL', 'NLP']",LOW,,,SINGLE_MODALITY,False,No active safety alerts.,0,[],[],[],Patient TCGA-A1-A0SG evaluated under evidence level [SINGLE_MODALITY]. Synthesized integrated score is 0.0001 yielding raw risk class [LOW]. Contributions (ML: 0.0001 risk weight). Cross-modal concordance: [SINGLE_MODALITY]. No active safety escalations triggered. Final assigned risk is [LOW].
TCGA-XR-A8TE,0.993,HIGH,HIGH,0.6454,SINGLE_MODALITY,['ML'],"['DL', 'NLP']",HIGH,,,SINGLE_MODALITY,True,"Elevated risk patient with incomplete modality coverage (Missing: ['DL', 'NLP']). Clinician review recommended.",0,[],[],[],"Patient TCGA-XR-A8TE evaluated under evidence level [SINGLE_MODALITY]. Synthesized integrated score is 0.9930 yielding raw risk class [HIGH]. Contributions (ML: 0.9930 risk weight). Cross-modal concordance: [SINGLE_MODALITY]. Safety Net Override: Elevated risk patient with incomplete modality coverage (Missing: ['DL', 'NLP']). Clinician review recommended. Final assigned risk is [HIGH]."
TCGA-2Y-A9GY,0.0181,LOW,LOW,0.6379,SINGLE_MODALITY,['ML'],"['DL', 'NLP']",MODERATE,,,SINGLE_MODALITY,False,No active safety alerts.,0,[],[],[],Patient TCGA-2Y-A9GY evaluated under evidence level [SINGLE_MODALITY]. Synthesized integrated score is 0.0181 yielding raw risk class [LOW]. Contributions (ML: 0.0181 risk weight). Cross-modal concordance: [SINGLE_MODALITY]. No active safety escalations triggered. Final assigned risk is [LOW].
TCGA-58-8391,0.9986,HIGH,HIGH,0.6491,SINGLE_MODALITY,['ML'],"['DL', 'NLP']",HIGH,,,SINGLE_MODALITY,True,"Elevated risk patient with incomplete modality coverage (Missing: ['DL', 'NLP']). Clinician review recommended.",0,[],[],[],"Patient TCGA-58-8391 evaluated under evidence level [SINGLE_MODALITY]. Synthesized integrated score is 0.9986 yielding raw risk class [HIGH]. Contributions (ML: 0.9986 risk weight). Cross-modal concordance: [SINGLE_MODALITY]. Safety Net Override: Elevated risk patient with incomplete modality coverage (Missing: ['DL', 'NLP']). Clinician review recommended. Final assigned risk is [HIGH]."
TCGA-A2-A0T7,0.002,LOW,LOW,0.6451,SINGLE_MODALITY,['ML'],"['DL', 'NLP']",MODERATE,,,SINGLE_MODALITY,False,No active safety alerts.,0,[],[],[],Patient TCGA-A2-A0T7 evaluated under evidence level [SINGLE_MODALITY]. Synthesized integrated score is 0.0020 yielding raw risk class [LOW]. Contributions (ML: 0.0020 risk weight). Cross-modal concordance: [SINGLE_MODALITY]. No active safety escalations triggered. Final assigned risk is [LOW].
TCGA-A8-A0A1,0.1687,LOW,LOW,0.5402,SINGLE_MODALITY,['ML'],"['DL', 'NLP']",MODERATE,,,SINGLE_MODALITY,False,No active safety alerts.,0,[],[],[],Patient TCGA-A8-A0A1 evaluated under evidence level [SINGLE_MODALITY]. Synthesized integrated score is 0.1687 yielding raw risk class [LOW]. Contributions (ML: 0.1687 risk weight). Cross-modal concordance: [SINGLE_MODALITY]. No active safety escalations triggered. Final assigned risk is [LOW].
TCGA-E2-A15A,0.9474,HIGH,HIGH,0.6158,SINGLE_MODALITY,['ML'],"['DL', 'NLP']",HIGH,,,SINGLE_MODALITY,True,"Elevated risk patient with incomplete modality coverage (Missing: ['DL', 'NLP']). Clinician review recommended.",0,[],[],[],"Patient TCGA-E2-A15A evaluated under evidence level [SINGLE_MODALITY]. Synthesized integrated score is 0.9474 yielding raw risk class [HIGH]. Contributions (ML: 0.9474 risk weight). Cross-modal concordance: [SINGLE_MODALITY]. Safety Net Override: Elevated risk patient with incomplete modality coverage (Missing: ['DL', 'NLP']). Clinician review recommended. Final assigned risk is [HIGH]."
TCGA-EE-A180,0.9927,HIGH,HIGH,0.6453,SINGLE_MODALITY,['ML'],"['DL', 'NLP']",HIGH,,,SINGLE_MODALITY,True,"Elevated risk patient with incomplete modality coverage (Missing: ['DL', 'NLP']). Clinician review recommended.",0,[],[],[],"Patient TCGA-EE-A180 evaluated under evidence level [SINGLE_MODALITY]. Synthesized integrated score is 0.9927 yielding raw risk class [HIGH]. Contributions (ML: 0.9927 risk weight). Cross-modal concordance: [SINGLE_MODALITY]. Safety Net Override: Elevated risk patient with incomplete modality coverage (Missing: ['DL', 'NLP']). Clinician review recommended. Final assigned risk is [HIGH]."
TCGA-DD-AACC,0.0001,LOW,LOW,0.6339,SINGLE_MODALITY,['ML'],"['DL', 'NLP']",LOW,,,SINGLE_MODALITY,False,No active safety alerts.,0,[],[],[],Patient TCGA-DD-AACC evaluated under evidence level [SINGLE_MODALITY]. Synthesized integrated score is 0.0001 yielding raw risk class [LOW]. Contributions (ML: 0.0001 risk weight). Cross-modal concordance: [SINGLE_MODALITY]. No active safety escalations triggered. Final assigned risk is [LOW].
TCGA-BH-A0BT,0.0001,LOW,LOW,0.6464,SINGLE_MODALITY,['ML'],"['DL', 'NLP']",LOW,,,SINGLE_MODALITY,False,No active safety alerts.,0,[],[],[],Patient TCGA-BH-A0BT evaluated under evidence level [SINGLE_MODALITY]. Synthesized integrated score is 0.0001 yielding raw risk class [LOW]. Contributions (ML: 0.0001 risk weight). Cross-modal concordance: [SINGLE_MODALITY]. No active safety escalations triggered. Final assigned risk is [LOW].
TCGA-E9-A229,0.0001,LOW,LOW,0.6277,SINGLE_MODALITY,['ML'],"['DL', 'NLP']",LOW,,,SINGLE_MODALITY,False,No active safety alerts.,0,[],[],[],Patient TCGA-E9-A229 evaluated under evidence level [SINGLE_MODALITY]. Synthesized integrated score is 0.0001 yielding raw risk class [LOW]. Contributions (ML: 0.0001 risk weight). Cross-modal concordance: [SINGLE_MODALITY]. No active safety escalations triggered. Final assigned risk is [LOW].
TCGA-KK-A8I9,0.0018,LOW,LOW,0.6457,SINGLE_MODALITY,['ML'],"['DL', 'NLP']",MODERATE,,,SINGLE_MODALITY,False,No active safety alerts.,0,[],[],[],Patient TCGA-KK-A8I9 evaluated under evidence level [SINGLE_MODALITY]. Synthesized integrated score is 0.0018 yielding raw risk class [LOW]. Contributions (ML: 0.0018 risk weight). Cross-modal concordance: [SINGLE_MODALITY]. No active safety escalations triggered. Final assigned risk is [LOW].
TCGA-QK-A64Z,0.9984,HIGH,HIGH,0.649,SINGLE_MODALITY,['ML'],"['DL', 'NLP']",HIGH,,,SINGLE_MODALITY,True,"Elevated risk patient with incomplete modality coverage (Missing: ['DL', 'NLP']). Clinician review recommended.",0,[],[],[],"Patient TCGA-QK-A64Z evaluated under evidence level [SINGLE_MODALITY]. Synthesized integrated score is 0.9984 yielding raw risk class [HIGH]. Contributions (ML: 0.9984 risk weight). Cross-modal concordance: [SINGLE_MODALITY]. Safety Net Override: Elevated risk patient with incomplete modality coverage (Missing: ['DL', 'NLP']). Clinician review recommended. Final assigned risk is [HIGH]."
TCGA-56-7730,0.0007,LOW,LOW,0.6477,SINGLE_MODALITY,['ML'],"['DL', 'NLP']",MODERATE,,,SINGLE_MODALITY,False,No active safety alerts.,0,[],[],[],Patient TCGA-56-7730 evaluated under evidence level [SINGLE_MODALITY]. Synthesized integrated score is 0.0007 yielding raw risk class [LOW]. Contributions (ML: 0.0007 risk weight). Cross-modal concordance: [SINGLE_MODALITY]. No active safety escalations triggered. Final assigned risk is [LOW].
TCGA-CR-5243,0.0022,LOW,LOW,0.6457,SINGLE_MODALITY,['ML'],"['DL', 'NLP']",MODERATE,,,SINGLE_MODALITY,False,No active safety alerts.,0,[],[],[],Patient TCGA-CR-5243 evaluated under evidence level [SINGLE_MODALITY]. Synthesized integrated score is 0.0022 yielding raw risk class [LOW]. Contributions (ML: 0.0022 risk weight). Cross-modal concordance: [SINGLE_MODALITY]. No active safety escalations triggered. Final assigned risk is [LOW].
TCGA-HD-7753,0.0001,LOW,LOW,0.6453,SINGLE_MODALITY,['ML'],"['DL', 'NLP']",LOW,,,SINGLE_MODALITY,False,No active safety alerts.,0,[],[],[],Patient TCGA-HD-7753 evaluated under evidence level [SINGLE_MODALITY]. Synthesized integrated score is 0.0001 yielding raw risk class [LOW]. Contributions (ML: 0.0001 risk weight). Cross-modal concordance: [SINGLE_MODALITY]. No active safety escalations triggered. Final assigned risk is [LOW].
TCGA-FS-A1ZR,0.0001,LOW,LOW,0.647,SINGLE_MODALITY,['ML'],"['DL', 'NLP']",LOW,,,SINGLE_MODALITY,False,No active safety alerts.,0,[],[],[],Patient TCGA-FS-A1ZR evaluated under evidence level [SINGLE_MODALITY]. Synthesized integrated score is 0.0001 yielding raw risk class [LOW]. Contributions (ML: 0.0001 risk weight). Cross-modal concordance: [SINGLE_MODALITY]. No active safety escalations triggered. Final assigned risk is [LOW].
TCGA-3A-A9IV,0.0001,LOW,LOW,0.643,SINGLE_MODALITY,['ML'],"['DL', 'NLP']",LOW,,,SINGLE_MODALITY,False,No active safety alerts.,0,[],[],[],Patient TCGA-3A-A9IV evaluated under evidence level [SINGLE_MODALITY]. Synthesized integrated score is 0.0001 yielding raw risk class [LOW]. Contributions (ML: 0.0001 risk weight). Cross-modal concordance: [SINGLE_MODALITY]. No active safety escalations triggered. Final assigned risk is [LOW].
TCGA-E2-A1IL,0.0032,LOW,LOW,0.6429,SINGLE_MODALITY,['ML'],"['DL', 'NLP']",MODERATE,,,SINGLE_MODALITY,False,No active safety alerts.,0,[],[],[],Patient TCGA-E2-A1IL evaluated under evidence level [SINGLE_MODALITY]. Synthesized integrated score is 0.0032 yielding raw risk class [LOW]. Contributions (ML: 0.0032 risk weight). Cross-modal concordance: [SINGLE_MODALITY]. No active safety escalations triggered. Final assigned risk is [LOW].
TCGA-KU-A66S,0.9991,HIGH,HIGH,0.6494,SINGLE_MODALITY,['ML'],"['DL', 'NLP']",HIGH,,,SINGLE_MODALITY,True,"Elevated risk patient with incomplete modality coverage (Missing: ['DL', 'NLP']). Clinician review recommended.",0,[],[],[],"Patient TCGA-KU-A66S evaluated under evidence level [SINGLE_MODALITY]. Synthesized integrated score is 0.9991 yielding raw risk class [HIGH]. Contributions (ML: 0.9991 risk weight). Cross-modal concordance: [SINGLE_MODALITY]. Safety Net Override: Elevated risk patient with incomplete modality coverage (Missing: ['DL', 'NLP']). Clinician review recommended. Final assigned risk is [HIGH]."
TCGA-66-2781,0.0042,LOW,LOW,0.638,SINGLE_MODALITY,['ML'],"['DL', 'NLP']",MODERATE,,,SINGLE_MODALITY,False,No active safety alerts.,0,[],[],[],Patient TCGA-66-2781 evaluated under evidence level [SINGLE_MODALITY]. Synthesized integrated score is 0.0042 yielding raw risk class [LOW]. Contributions (ML: 0.0042 risk weight). Cross-modal concordance: [SINGLE_MODALITY]. No active safety escalations triggered. Final assigned risk is [LOW].
TCGA-CV-A45Z,0.0058,LOW,LOW,0.646,SINGLE_MODALITY,['ML'],"['DL', 'NLP']",MODERATE,,,SINGLE_MODALITY,False,No active safety alerts.,0,[],[],[],Patient TCGA-CV-A45Z evaluated under evidence level [SINGLE_MODALITY]. Synthesized integrated score is 0.0058 yielding raw risk class [LOW]. Contributions (ML: 0.0058 risk weight). Cross-modal concordance: [SINGLE_MODALITY]. No active safety escalations triggered. Final assigned risk is [LOW].
TCGA-77-8008,0.0027,LOW,LOW,0.6394,SINGLE_MODALITY,['ML'],"['DL', 'NLP']",MODERATE,,,SINGLE_MODALITY,False,No active safety alerts.,0,[],[],[],Patient TCGA-77-8008 evaluated under evidence level [SINGLE_MODALITY]. Synthesized integrated score is 0.0027 yielding raw risk class [LOW]. Contributions (ML: 0.0027 risk weight). Cross-modal concordance: [SINGLE_MODALITY]. No active safety escalations triggered. Final assigned risk is [LOW].
TCGA-E2-A2P5,0.0245,LOW,LOW,0.6275,SINGLE_MODALITY,['ML'],"['DL', 'NLP']",MODERATE,,,SINGLE_MODALITY,False,No active safety alerts.,0,[],[],[],Patient TCGA-E2-A2P5 evaluated under evidence level [SINGLE_MODALITY]. Synthesized integrated score is 0.0245 yielding raw risk class [LOW]. Contributions (ML: 0.0245 risk weight). Cross-modal concordance: [SINGLE_MODALITY]. No active safety escalations triggered. Final assigned risk is [LOW].
TCGA-HC-8266,0.0027,LOW,LOW,0.6426,SINGLE_MODALITY,['ML'],"['DL', 'NLP']",MODERATE,,,SINGLE_MODALITY,False,No active safety alerts.,0,[],[],[],Patient TCGA-HC-8266 evaluated under evidence level [SINGLE_MODALITY]. Synthesized integrated score is 0.0027 yielding raw risk class [LOW]. Contributions (ML: 0.0027 risk weight). Cross-modal concordance: [SINGLE_MODALITY]. No active safety escalations triggered. Final assigned risk is [LOW].
TCGA-EJ-7330,0.0024,LOW,LOW,0.6446,SINGLE_MODALITY,['ML'],"['DL', 'NLP']",MODERATE,,,SINGLE_MODALITY,False,No active safety alerts.,0,[],[],[],Patient TCGA-EJ-7330 evaluated under evidence level [SINGLE_MODALITY]. Synthesized integrated score is 0.0024 yielding raw risk class [LOW]. Contributions (ML: 0.0024 risk weight). Cross-modal concordance: [SINGLE_MODALITY]. No active safety escalations triggered. Final assigned risk is [LOW].
TCGA-85-8350,0.0543,LOW,LOW,0.6135,SINGLE_MODALITY,['ML'],"['DL', 'NLP']",MODERATE,,,SINGLE_MODALITY,False,No active safety alerts.,0,[],[],[],Patient TCGA-85-8350 evaluated under evidence level [SINGLE_MODALITY]. Synthesized integrated score is 0.0543 yielding raw risk class [LOW]. Contributions (ML: 0.0543 risk weight). Cross-modal concordance: [SINGLE_MODALITY]. No active safety escalations triggered. Final assigned risk is [LOW].
TCGA-CV-A45X,0.9988,HIGH,HIGH,0.6492,SINGLE_MODALITY,['ML'],"['DL', 'NLP']",HIGH,,,SINGLE_MODALITY,True,"Elevated risk patient with incomplete modality coverage (Missing: ['DL', 'NLP']). Clinician review recommended.",0,[],[],[],"Patient TCGA-CV-A45X evaluated under evidence level [SINGLE_MODALITY]. Synthesized integrated score is 0.9988 yielding raw risk class [HIGH]. Contributions (ML: 0.9988 risk weight). Cross-modal concordance: [SINGLE_MODALITY]. Safety Net Override: Elevated risk patient with incomplete modality coverage (Missing: ['DL', 'NLP']). Clinician review recommended. Final assigned risk is [HIGH]."
TCGA-CJ-4901,0.9998,HIGH,HIGH,0.6499,SINGLE_MODALITY,['ML'],"['DL', 'NLP']",HIGH,,,SINGLE_MODALITY,True,"Elevated risk patient with incomplete modality coverage (Missing: ['DL', 'NLP']). Clinician review recommended.",0,[],[],[],"Patient TCGA-CJ-4901 evaluated under evidence level [SINGLE_MODALITY]. Synthesized integrated score is 0.9998 yielding raw risk class [HIGH]. Contributions (ML: 0.9998 risk weight). Cross-modal concordance: [SINGLE_MODALITY]. Safety Net Override: Elevated risk patient with incomplete modality coverage (Missing: ['DL', 'NLP']). Clinician review recommended. Final assigned risk is [HIGH]."
TCGA-YL-A9WX,0.0536,LOW,LOW,0.6146,SINGLE_MODALITY,['ML'],"['DL', 'NLP']",MODERATE,,,SINGLE_MODALITY,False,No active safety alerts.,0,[],[],[],Patient TCGA-YL-A9WX evaluated under evidence level [SINGLE_MODALITY]. Synthesized integrated score is 0.0536 yielding raw risk class [LOW]. Contributions (ML: 0.0536 risk weight). Cross-modal concordance: [SINGLE_MODALITY]. No active safety escalations triggered. Final assigned risk is [LOW].
TCGA-FR-A2OS,0.0137,LOW,LOW,0.6408,SINGLE_MODALITY,['ML'],"['DL', 'NLP']",MODERATE,,,SINGLE_MODALITY,False,No active safety alerts.,0,[],[],[],Patient TCGA-FR-A2OS evaluated under evidence level [SINGLE_MODALITY]. Synthesized integrated score is 0.0137 yielding raw risk class [LOW]. Contributions (ML: 0.0137 risk weight). Cross-modal concordance: [SINGLE_MODALITY]. No active safety escalations triggered. Final assigned risk is [LOW].
TCGA-55-7725,0.0002,LOW,LOW,0.6398,SINGLE_MODALITY,['ML'],"['DL', 'NLP']",LOW,,,SINGLE_MODALITY,False,No active safety alerts.,0,[],[],[],Patient TCGA-55-7725 evaluated under evidence level [SINGLE_MODALITY]. Synthesized integrated score is 0.0002 yielding raw risk class [LOW]. Contributions (ML: 0.0002 risk weight). Cross-modal concordance: [SINGLE_MODALITY]. No active safety escalations triggered. Final assigned risk is [LOW].
TCGA-D5-5539,0.9891,HIGH,HIGH,0.6429,SINGLE_MODALITY,['ML'],"['DL', 'NLP']",HIGH,,,SINGLE_MODALITY,True,"Elevated risk patient with incomplete modality coverage (Missing: ['DL', 'NLP']). Clinician review recommended.",0,[],[],[],"Patient TCGA-D5-5539 evaluated under evidence level [SINGLE_MODALITY]. Synthesized integrated score is 0.9891 yielding raw risk class [HIGH]. Contributions (ML: 0.9891 risk weight). Cross-modal concordance: [SINGLE_MODALITY]. Safety Net Override: Elevated risk patient with incomplete modality coverage (Missing: ['DL', 'NLP']). Clinician review recommended. Final assigned risk is [HIGH]."
TCGA-VN-A88Q,0.0314,LOW,LOW,0.6288,SINGLE_MODALITY,['ML'],"['DL', 'NLP']",MODERATE,,,SINGLE_MODALITY,False,No active safety alerts.,0,[],[],[],Patient TCGA-VN-A88Q evaluated under evidence level [SINGLE_MODALITY]. Synthesized integrated score is 0.0314 yielding raw risk class [LOW]. Contributions (ML: 0.0314 risk weight). Cross-modal concordance: [SINGLE_MODALITY]. No active safety escalations triggered. Final assigned risk is [LOW].
TCGA-GF-A4EO,0.692,HIGH,HIGH,0.4498,SINGLE_MODALITY,['ML'],"['DL', 'NLP']",HIGH,,,SINGLE_MODALITY,True,"Elevated risk patient with incomplete modality coverage (Missing: ['DL', 'NLP']). Clinician review recommended.",0,[],[],[],"Patient TCGA-GF-A4EO evaluated under evidence level [SINGLE_MODALITY]. Synthesized integrated score is 0.6920 yielding raw risk class [HIGH]. Contributions (ML: 0.6920 risk weight). Cross-modal concordance: [SINGLE_MODALITY]. Safety Net Override: Elevated risk patient with incomplete modality coverage (Missing: ['DL', 'NLP']). Clinician review recommended. Final assigned risk is [HIGH]."
TCGA-CR-7388,0.0011,LOW,LOW,0.6471,SINGLE_MODALITY,['ML'],"['DL', 'NLP']",MODERATE,,,SINGLE_MODALITY,False,No active safety alerts.,0,[],[],[],Patient TCGA-CR-7388 evaluated under evidence level [SINGLE_MODALITY]. Synthesized integrated score is 0.0011 yielding raw risk class [LOW]. Contributions (ML: 0.0011 risk weight). Cross-modal concordance: [SINGLE_MODALITY]. No active safety escalations triggered. Final assigned risk is [LOW].
TCGA-BA-A6DG,0.0024,LOW,LOW,0.6457,SINGLE_MODALITY,['ML'],"['DL', 'NLP']",MODERATE,,,SINGLE_MODALITY,False,No active safety alerts.,0,[],[],[],Patient TCGA-BA-A6DG evaluated under evidence level [SINGLE_MODALITY]. Synthesized integrated score is 0.0024 yielding raw risk class [LOW]. Contributions (ML: 0.0024 risk weight). Cross-modal concordance: [SINGLE_MODALITY]. No active safety escalations triggered. Final assigned risk is [LOW].
TCGA-CZ-5458,0.9998,HIGH,HIGH,0.6499,SINGLE_MODALITY,['ML'],"['DL', 'NLP']",HIGH,,,SINGLE_MODALITY,True,"Elevated risk patient with incomplete modality coverage (Missing: ['DL', 'NLP']). Clinician review recommended.",0,[],[],[],"Patient TCGA-CZ-5458 evaluated under evidence level [SINGLE_MODALITY]. Synthesized integrated score is 0.9998 yielding raw risk class [HIGH]. Contributions (ML: 0.9998 risk weight). Cross-modal concordance: [SINGLE_MODALITY]. Safety Net Override: Elevated risk patient with incomplete modality coverage (Missing: ['DL', 'NLP']). Clinician review recommended. Final assigned risk is [HIGH]."
TCGA-75-5146,0.0,LOW,LOW,0.6498,SINGLE_MODALITY,['ML'],"['DL', 'NLP']",LOW,,,SINGLE_MODALITY,False,No active safety alerts.,0,[],[],[],Patient TCGA-75-5146 evaluated under evidence level [SINGLE_MODALITY]. Synthesized integrated score is 0.0000 yielding raw risk class [LOW]. Contributions (ML: 0.0000 risk weight). Cross-modal concordance: [SINGLE_MODALITY]. No active safety escalations triggered. Final assigned risk is [LOW].
TCGA-69-7979,0.0045,LOW,LOW,0.6363,SINGLE_MODALITY,['ML'],"['DL', 'NLP']",MODERATE,,,SINGLE_MODALITY,False,No active safety alerts.,0,[],[],[],Patient TCGA-69-7979 evaluated under evidence level [SINGLE_MODALITY]. Synthesized integrated score is 0.0045 yielding raw risk class [LOW]. Contributions (ML: 0.0045 risk weight). Cross-modal concordance: [SINGLE_MODALITY]. No active safety escalations triggered. Final assigned risk is [LOW].
TCGA-CR-7374,0.0001,LOW,LOW,0.6442,SINGLE_MODALITY,['ML'],"['DL', 'NLP']",LOW,,,SINGLE_MODALITY,False,No active safety alerts.,0,[],[],[],Patient TCGA-CR-7374 evaluated under evidence level [SINGLE_MODALITY]. Synthesized integrated score is 0.0001 yielding raw risk class [LOW]. Contributions (ML: 0.0001 risk weight). Cross-modal concordance: [SINGLE_MODALITY]. No active safety escalations triggered. Final assigned risk is [LOW].
TCGA-CV-6433,0.0061,LOW,LOW,0.6458,SINGLE_MODALITY,['ML'],"['DL', 'NLP']",MODERATE,,,SINGLE_MODALITY,False,No active safety alerts.,0,[],[],[],Patient TCGA-CV-6433 evaluated under evidence level [SINGLE_MODALITY]. Synthesized integrated score is 0.0061 yielding raw risk class [LOW]. Contributions (ML: 0.0061 risk weight). Cross-modal concordance: [SINGLE_MODALITY]. No active safety escalations triggered. Final assigned risk is [LOW].
TCGA-22-1002,0.0186,LOW,LOW,0.6332,SINGLE_MODALITY,['ML'],"['DL', 'NLP']",MODERATE,,,SINGLE_MODALITY,False,No active safety alerts.,0,[],[],[],Patient TCGA-22-1002 evaluated under evidence level [SINGLE_MODALITY]. Synthesized integrated score is 0.0186 yielding raw risk class [LOW]. Contributions (ML: 0.0186 risk weight). Cross-modal concordance: [SINGLE_MODALITY]. No active safety escalations triggered. Final assigned risk is [LOW].
TCGA-HD-7831,0.9979,HIGH,HIGH,0.6486,SINGLE_MODALITY,['ML'],"['DL', 'NLP']",HIGH,,,SINGLE_MODALITY,True,"Elevated risk patient with incomplete modality coverage (Missing: ['DL', 'NLP']). Clinician review recommended.",0,[],[],[],"Patient TCGA-HD-7831 evaluated under evidence level [SINGLE_MODALITY]. Synthesized integrated score is 0.9979 yielding raw risk class [HIGH]. Contributions (ML: 0.9979 risk weight). Cross-modal concordance: [SINGLE_MODALITY]. Safety Net Override: Elevated risk patient with incomplete modality coverage (Missing: ['DL', 'NLP']). Clinician review recommended. Final assigned risk is [HIGH]."
TCGA-A1-A0SB,0.0,LOW,LOW,0.6497,SINGLE_MODALITY,['ML'],"['DL', 'NLP']",LOW,,,SINGLE_MODALITY,False,No active safety alerts.,0,[],[],[],Patient TCGA-A1-A0SB evaluated under evidence level [SINGLE_MODALITY]. Synthesized integrated score is 0.0000 yielding raw risk class [LOW]. Contributions (ML: 0.0000 risk weight). Cross-modal concordance: [SINGLE_MODALITY]. No active safety escalations triggered. Final assigned risk is [LOW].
TCGA-CV-A6JO,0.9972,HIGH,HIGH,0.6482,SINGLE_MODALITY,['ML'],"['DL', 'NLP']",HIGH,,,SINGLE_MODALITY,True,"Elevated risk patient with incomplete modality coverage (Missing: ['DL', 'NLP']). Clinician review recommended.",0,[],[],[],"Patient TCGA-CV-A6JO evaluated under evidence level [SINGLE_MODALITY]. Synthesized integrated score is 0.9972 yielding raw risk class [HIGH]. Contributions (ML: 0.9972 risk weight). Cross-modal concordance: [SINGLE_MODALITY]. Safety Net Override: Elevated risk patient with incomplete modality coverage (Missing: ['DL', 'NLP']). Clinician review recommended. Final assigned risk is [HIGH]."
TCGA-61-1901,0.0047,LOW,LOW,0.6428,SINGLE_MODALITY,['ML'],"['DL', 'NLP']",MODERATE,,,SINGLE_MODALITY,False,No active safety alerts.,0,[],[],[],Patient TCGA-61-1901 evaluated under evidence level [SINGLE_MODALITY]. Synthesized integrated score is 0.0047 yielding raw risk class [LOW]. Contributions (ML: 0.0047 risk weight). Cross-modal concordance: [SINGLE_MODALITY]. No active safety escalations triggered. Final assigned risk is [LOW].
TCGA-55-7724,0.0023,LOW,LOW,0.6367,SINGLE_MODALITY,['ML'],"['DL', 'NLP']",MODERATE,,,SINGLE_MODALITY,False,No active safety alerts.,0,[],[],[],Patient TCGA-55-7724 evaluated under evidence level [SINGLE_MODALITY]. Synthesized integrated score is 0.0023 yielding raw risk class [LOW]. Contributions (ML: 0.0023 risk weight). Cross-modal concordance: [SINGLE_MODALITY]. No active safety escalations triggered. Final assigned risk is [LOW].
TCGA-BP-4982,0.0002,LOW,LOW,0.6308,SINGLE_MODALITY,['ML'],"['DL', 'NLP']",LOW,,,SINGLE_MODALITY,False,No active safety alerts.,0,[],[],[],Patient TCGA-BP-4982 evaluated under evidence level [SINGLE_MODALITY]. Synthesized integrated score is 0.0002 yielding raw risk class [LOW]. Contributions (ML: 0.0002 risk weight). Cross-modal concordance: [SINGLE_MODALITY]. No active safety escalations triggered. Final assigned risk is [LOW].
TCGA-DY-A1DF,0.9982,HIGH,HIGH,0.6488,SINGLE_MODALITY,['ML'],"['DL', 'NLP']",HIGH,,,SINGLE_MODALITY,True,"Elevated risk patient with incomplete modality coverage (Missing: ['DL', 'NLP']). Clinician review recommended.",0,[],[],[],"Patient TCGA-DY-A1DF evaluated under evidence level [SINGLE_MODALITY]. Synthesized integrated score is 0.9982 yielding raw risk class [HIGH]. Contributions (ML: 0.9982 risk weight). Cross-modal concordance: [SINGLE_MODALITY]. Safety Net Override: Elevated risk patient with incomplete modality coverage (Missing: ['DL', 'NLP']). Clinician review recommended. Final assigned risk is [HIGH]."
TCGA-AA-A03J,0.0104,LOW,LOW,0.4067,SINGLE_MODALITY,['ML'],"['DL', 'NLP']",LOW,,,SINGLE_MODALITY,False,No active safety alerts.,0,[],[],[],Patient TCGA-AA-A03J evaluated under evidence level [SINGLE_MODALITY]. Synthesized integrated score is 0.0104 yielding raw risk class [LOW]. Contributions (ML: 0.0104 risk weight). Cross-modal concordance: [SINGLE_MODALITY]. No active safety escalations triggered. Final assigned risk is [LOW].
TCGA-BP-4771,0.9983,HIGH,HIGH,0.6489,SINGLE_MODALITY,['ML'],"['DL', 'NLP']",HIGH,,,SINGLE_MODALITY,True,"Elevated risk patient with incomplete modality coverage (Missing: ['DL', 'NLP']). Clinician review recommended.",0,[],[],[],"Patient TCGA-BP-4771 evaluated under evidence level [SINGLE_MODALITY]. Synthesized integrated score is 0.9983 yielding raw risk class [HIGH]. Contributions (ML: 0.9983 risk weight). Cross-modal concordance: [SINGLE_MODALITY]. Safety Net Override: Elevated risk patient with incomplete modality coverage (Missing: ['DL', 'NLP']). Clinician review recommended. Final assigned risk is [HIGH]."
TCGA-23-2072,0.0001,LOW,LOW,0.6467,SINGLE_MODALITY,['ML'],"['DL', 'NLP']",LOW,,,SINGLE_MODALITY,False,No active safety alerts.,0,[],[],[],Patient TCGA-23-2072 evaluated under evidence level [SINGLE_MODALITY]. Synthesized integrated score is 0.0001 yielding raw risk class [LOW]. Contributions (ML: 0.0001 risk weight). Cross-modal concordance: [SINGLE_MODALITY]. No active safety escalations triggered. Final assigned risk is [LOW].
TCGA-BA-5151,0.9987,HIGH,HIGH,0.6492,SINGLE_MODALITY,['ML'],"['DL', 'NLP']",HIGH,,,SINGLE_MODALITY,True,"Elevated risk patient with incomplete modality coverage (Missing: ['DL', 'NLP']). Clinician review recommended.",0,[],[],[],"Patient TCGA-BA-5151 evaluated under evidence level [SINGLE_MODALITY]. Synthesized integrated score is 0.9987 yielding raw risk class [HIGH]. Contributions (ML: 0.9987 risk weight). Cross-modal concordance: [SINGLE_MODALITY]. Safety Net Override: Elevated risk patient with incomplete modality coverage (Missing: ['DL', 'NLP']). Clinician review recommended. Final assigned risk is [HIGH]."
TCGA-CN-4725,0.0353,LOW,LOW,0.6267,SINGLE_MODALITY,['ML'],"['DL', 'NLP']",MODERATE,,,SINGLE_MODALITY,False,No active safety alerts.,0,[],[],[],Patient TCGA-CN-4725 evaluated under evidence level [SINGLE_MODALITY]. Synthesized integrated score is 0.0353 yielding raw risk class [LOW]. Contributions (ML: 0.0353 risk weight). Cross-modal concordance: [SINGLE_MODALITY]. No active safety escalations triggered. Final assigned risk is [LOW].
TCGA-F4-6459,0.9883,HIGH,HIGH,0.6424,SINGLE_MODALITY,['ML'],"['DL', 'NLP']",HIGH,,,SINGLE_MODALITY,True,"Elevated risk patient with incomplete modality coverage (Missing: ['DL', 'NLP']). Clinician review recommended.",0,[],[],[],"Patient TCGA-F4-6459 evaluated under evidence level [SINGLE_MODALITY]. Synthesized integrated score is 0.9883 yielding raw risk class [HIGH]. Contributions (ML: 0.9883 risk weight). Cross-modal concordance: [SINGLE_MODALITY]. Safety Net Override: Elevated risk patient with incomplete modality coverage (Missing: ['DL', 'NLP']). Clinician review recommended. Final assigned risk is [HIGH]."
TCGA-AA-A01Z,0.0124,LOW,LOW,0.6417,SINGLE_MODALITY,['ML'],"['DL', 'NLP']",MODERATE,,,SINGLE_MODALITY,False,No active safety alerts.,0,[],[],[],Patient TCGA-AA-A01Z evaluated under evidence level [SINGLE_MODALITY]. Synthesized integrated score is 0.0124 yielding raw risk class [LOW]. Contributions (ML: 0.0124 risk weight). Cross-modal concordance: [SINGLE_MODALITY]. No active safety escalations triggered. Final assigned risk is [LOW].
TCGA-90-7964,0.0001,LOW,LOW,0.6445,SINGLE_MODALITY,['ML'],"['DL', 'NLP']",LOW,,,SINGLE_MODALITY,False,No active safety alerts.,0,[],[],[],Patient TCGA-90-7964 evaluated under evidence level [SINGLE_MODALITY]. Synthesized integrated score is 0.0001 yielding raw risk class [LOW]. Contributions (ML: 0.0001 risk weight). Cross-modal concordance: [SINGLE_MODALITY]. No active safety escalations triggered. Final assigned risk is [LOW].
TCGA-EE-A20B,0.0,LOW,LOW,0.6468,SINGLE_MODALITY,['ML'],"['DL', 'NLP']",LOW,,,SINGLE_MODALITY,False,No active safety alerts.,0,[],[],[],Patient TCGA-EE-A20B evaluated under evidence level [SINGLE_MODALITY]. Synthesized integrated score is 0.0000 yielding raw risk class [LOW]. Contributions (ML: 0.0000 risk weight). Cross-modal concordance: [SINGLE_MODALITY]. No active safety escalations triggered. Final assigned risk is [LOW].
TCGA-DQ-7591,0.0267,LOW,LOW,0.6322,SINGLE_MODALITY,['ML'],"['DL', 'NLP']",MODERATE,,,SINGLE_MODALITY,False,No active safety alerts.,0,[],[],[],Patient TCGA-DQ-7591 evaluated under evidence level [SINGLE_MODALITY]. Synthesized integrated score is 0.0267 yielding raw risk class [LOW]. Contributions (ML: 0.0267 risk weight). Cross-modal concordance: [SINGLE_MODALITY]. No active safety escalations triggered. Final assigned risk is [LOW].
TCGA-AA-3680,0.9988,HIGH,HIGH,0.6492,SINGLE_MODALITY,['ML'],"['DL', 'NLP']",HIGH,,,SINGLE_MODALITY,True,"Elevated risk patient with incomplete modality coverage (Missing: ['DL', 'NLP']). Clinician review recommended.",0,[],[],[],"Patient TCGA-AA-3680 evaluated under evidence level [SINGLE_MODALITY]. Synthesized integrated score is 0.9988 yielding raw risk class [HIGH]. Contributions (ML: 0.9988 risk weight). Cross-modal concordance: [SINGLE_MODALITY]. Safety Net Override: Elevated risk patient with incomplete modality coverage (Missing: ['DL', 'NLP']). Clinician review recommended. Final assigned risk is [HIGH]."
TCGA-MZ-A5BI,0.0015,LOW,LOW,0.6467,SINGLE_MODALITY,['ML'],"['DL', 'NLP']",MODERATE,,,SINGLE_MODALITY,False,No active safety alerts.,0,[],[],[],Patient TCGA-MZ-A5BI evaluated under evidence level [SINGLE_MODALITY]. Synthesized integrated score is 0.0015 yielding raw risk class [LOW]. Contributions (ML: 0.0015 risk weight). Cross-modal concordance: [SINGLE_MODALITY]. No active safety escalations triggered. Final assigned risk is [LOW].
TCGA-49-6742,0.0001,LOW,LOW,0.6453,SINGLE_MODALITY,['ML'],"['DL', 'NLP']",LOW,,,SINGLE_MODALITY,False,No active safety alerts.,0,[],[],[],Patient TCGA-49-6742 evaluated under evidence level [SINGLE_MODALITY]. Synthesized integrated score is 0.0001 yielding raw risk class [LOW]. Contributions (ML: 0.0001 risk weight). Cross-modal concordance: [SINGLE_MODALITY]. No active safety escalations triggered. Final assigned risk is [LOW].
TCGA-43-A56U,0.003,LOW,LOW,0.6369,SINGLE_MODALITY,['ML'],"['DL', 'NLP']",MODERATE,,,SINGLE_MODALITY,False,No active safety alerts.,0,[],[],[],Patient TCGA-43-A56U evaluated under evidence level [SINGLE_MODALITY]. Synthesized integrated score is 0.0030 yielding raw risk class [LOW]. Contributions (ML: 0.0030 risk weight). Cross-modal concordance: [SINGLE_MODALITY]. No active safety escalations triggered. Final assigned risk is [LOW].
TCGA-AA-3854,0.0004,LOW,LOW,0.5829,SINGLE_MODALITY,['ML'],"['DL', 'NLP']",LOW,,,SINGLE_MODALITY,False,No active safety alerts.,0,[],[],[],Patient TCGA-AA-3854 evaluated under evidence level [SINGLE_MODALITY]. Synthesized integrated score is 0.0004 yielding raw risk class [LOW]. Contributions (ML: 0.0004 risk weight). Cross-modal concordance: [SINGLE_MODALITY]. No active safety escalations triggered. Final assigned risk is [LOW].
TCGA-CA-5255,0.0034,LOW,LOW,0.6477,SINGLE_MODALITY,['ML'],"['DL', 'NLP']",MODERATE,,,SINGLE_MODALITY,False,No active safety alerts.,0,[],[],[],Patient TCGA-CA-5255 evaluated under evidence level [SINGLE_MODALITY]. Synthesized integrated score is 0.0034 yielding raw risk class [LOW]. Contributions (ML: 0.0034 risk weight). Cross-modal concordance: [SINGLE_MODALITY]. No active safety escalations triggered. Final assigned risk is [LOW].
TCGA-CZ-5462,0.9995,HIGH,HIGH,0.6497,SINGLE_MODALITY,['ML'],"['DL', 'NLP']",HIGH,,,SINGLE_MODALITY,True,"Elevated risk patient with incomplete modality coverage (Missing: ['DL', 'NLP']). Clinician review recommended.",0,[],[],[],"Patient TCGA-CZ-5462 evaluated under evidence level [SINGLE_MODALITY]. Synthesized integrated score is 0.9995 yielding raw risk class [HIGH]. Contributions (ML: 0.9995 risk weight). Cross-modal concordance: [SINGLE_MODALITY]. Safety Net Override: Elevated risk patient with incomplete modality coverage (Missing: ['DL', 'NLP']). Clinician review recommended. Final assigned risk is [HIGH]."
TCGA-P3-A5Q6,0.9992,HIGH,HIGH,0.6495,SINGLE_MODALITY,['ML'],"['DL', 'NLP']",HIGH,,,SINGLE_MODALITY,True,"Elevated risk patient with incomplete modality coverage (Missing: ['DL', 'NLP']). Clinician review recommended.",0,[],[],[],"Patient TCGA-P3-A5Q6 evaluated under evidence level [SINGLE_MODALITY]. Synthesized integrated score is 0.9992 yielding raw risk class [HIGH]. Contributions (ML: 0.9992 risk weight). Cross-modal concordance: [SINGLE_MODALITY]. Safety Net Override: Elevated risk patient with incomplete modality coverage (Missing: ['DL', 'NLP']). Clinician review recommended. Final assigned risk is [HIGH]."
TCGA-78-8655,0.0001,LOW,LOW,0.6402,SINGLE_MODALITY,['ML'],"['DL', 'NLP']",LOW,,,SINGLE_MODALITY,False,No active safety alerts.,0,[],[],[],Patient TCGA-78-8655 evaluated under evidence level [SINGLE_MODALITY]. Synthesized integrated score is 0.0001 yielding raw risk class [LOW]. Contributions (ML: 0.0001 risk weight). Cross-modal concordance: [SINGLE_MODALITY]. No active safety escalations triggered. Final assigned risk is [LOW].
TCGA-D6-A6EN,0.9986,HIGH,HIGH,0.6491,SINGLE_MODALITY,['ML'],"['DL', 'NLP']",HIGH,,,SINGLE_MODALITY,True,"Elevated risk patient with incomplete modality coverage (Missing: ['DL', 'NLP']). Clinician review recommended.",0,[],[],[],"Patient TCGA-D6-A6EN evaluated under evidence level [SINGLE_MODALITY]. Synthesized integrated score is 0.9986 yielding raw risk class [HIGH]. Contributions (ML: 0.9986 risk weight). Cross-modal concordance: [SINGLE_MODALITY]. Safety Net Override: Elevated risk patient with incomplete modality coverage (Missing: ['DL', 'NLP']). Clinician review recommended. Final assigned risk is [HIGH]."
TCGA-EJ-AB27,0.0,LOW,LOW,0.6462,SINGLE_MODALITY,['ML'],"['DL', 'NLP']",LOW,,,SINGLE_MODALITY,False,No active safety alerts.,0,[],[],[],Patient TCGA-EJ-AB27 evaluated under evidence level [SINGLE_MODALITY]. Synthesized integrated score is 0.0000 yielding raw risk class [LOW]. Contributions (ML: 0.0000 risk weight). Cross-modal concordance: [SINGLE_MODALITY]. No active safety escalations triggered. Final assigned risk is [LOW].
TCGA-44-A4SU,0.0002,LOW,LOW,0.626,SINGLE_MODALITY,['ML'],"['DL', 'NLP']",LOW,,,SINGLE_MODALITY,False,No active safety alerts.,0,[],[],[],Patient TCGA-44-A4SU evaluated under evidence level [SINGLE_MODALITY]. Synthesized integrated score is 0.0002 yielding raw risk class [LOW]. Contributions (ML: 0.0002 risk weight). Cross-modal concordance: [SINGLE_MODALITY]. No active safety escalations triggered. Final assigned risk is [LOW].
TCGA-MT-A51W,0.0001,LOW,LOW,0.6458,SINGLE_MODALITY,['ML'],"['DL', 'NLP']",LOW,,,SINGLE_MODALITY,False,No active safety alerts.,0,[],[],[],Patient TCGA-MT-A51W evaluated under evidence level [SINGLE_MODALITY]. Synthesized integrated score is 0.0001 yielding raw risk class [LOW]. Contributions (ML: 0.0001 risk weight). Cross-modal concordance: [SINGLE_MODALITY]. No active safety escalations triggered. Final assigned risk is [LOW].
TCGA-E7-A7PW,0.9996,HIGH,HIGH,0.6497,SINGLE_MODALITY,['ML'],"['DL', 'NLP']",HIGH,,,SINGLE_MODALITY,True,"Elevated risk patient with incomplete modality coverage (Missing: ['DL', 'NLP']). Clinician review recommended.",0,[],[],[],"Patient TCGA-E7-A7PW evaluated under evidence level [SINGLE_MODALITY]. Synthesized integrated score is 0.9996 yielding raw risk class [HIGH]. Contributions (ML: 0.9996 risk weight). Cross-modal concordance: [SINGLE_MODALITY]. Safety Net Override: Elevated risk patient with incomplete modality coverage (Missing: ['DL', 'NLP']). Clinician review recommended. Final assigned risk is [HIGH]."
TCGA-OL-A6VR,0.0027,LOW,LOW,0.6231,SINGLE_MODALITY,['ML'],"['DL', 'NLP']",MODERATE,,,SINGLE_MODALITY,False,No active safety alerts.,0,[],[],[],Patient TCGA-OL-A6VR evaluated under evidence level [SINGLE_MODALITY]. Synthesized integrated score is 0.0027 yielding raw risk class [LOW]. Contributions (ML: 0.0027 risk weight). Cross-modal concordance: [SINGLE_MODALITY]. No active safety escalations triggered. Final assigned risk is [LOW].
TCGA-AG-3898,0.0001,LOW,LOW,0.6461,SINGLE_MODALITY,['ML'],"['DL', 'NLP']",LOW,,,SINGLE_MODALITY,False,No active safety alerts.,0,[],[],[],Patient TCGA-AG-3898 evaluated under evidence level [SINGLE_MODALITY]. Synthesized integrated score is 0.0001 yielding raw risk class [LOW]. Contributions (ML: 0.0001 risk weight). Cross-modal concordance: [SINGLE_MODALITY]. No active safety escalations triggered. Final assigned risk is [LOW].
TCGA-63-A5MS,0.0026,LOW,LOW,0.641,SINGLE_MODALITY,['ML'],"['DL', 'NLP']",MODERATE,,,SINGLE_MODALITY,False,No active safety alerts.,0,[],[],[],Patient TCGA-63-A5MS evaluated under evidence level [SINGLE_MODALITY]. Synthesized integrated score is 0.0026 yielding raw risk class [LOW]. Contributions (ML: 0.0026 risk weight). Cross-modal concordance: [SINGLE_MODALITY]. No active safety escalations triggered. Final assigned risk is [LOW].
TCGA-AA-A00J,0.996,HIGH,HIGH,0.6474,SINGLE_MODALITY,['ML'],"['DL', 'NLP']",HIGH,,,SINGLE_MODALITY,True,"Elevated risk patient with incomplete modality coverage (Missing: ['DL', 'NLP']). Clinician review recommended.",0,[],[],[],"Patient TCGA-AA-A00J evaluated under evidence level [SINGLE_MODALITY]. Synthesized integrated score is 0.9960 yielding raw risk class [HIGH]. Contributions (ML: 0.9960 risk weight). Cross-modal concordance: [SINGLE_MODALITY]. Safety Net Override: Elevated risk patient with incomplete modality coverage (Missing: ['DL', 'NLP']). Clinician review recommended. Final assigned risk is [HIGH]."
TCGA-AK-3447,0.0007,LOW,LOW,0.6481,SINGLE_MODALITY,['ML'],"['DL', 'NLP']",MODERATE,,,SINGLE_MODALITY,False,No active safety alerts.,0,[],[],[],Patient TCGA-AK-3447 evaluated under evidence level [SINGLE_MODALITY]. Synthesized integrated score is 0.0007 yielding raw risk class [LOW]. Contributions (ML: 0.0007 risk weight). Cross-modal concordance: [SINGLE_MODALITY]. No active safety escalations triggered. Final assigned risk is [LOW].
TCGA-AO-A12G,0.0,LOW,LOW,0.6468,SINGLE_MODALITY,['ML'],"['DL', 'NLP']",LOW,,,SINGLE_MODALITY,False,No active safety alerts.,0,[],[],[],Patient TCGA-AO-A12G evaluated under evidence level [SINGLE_MODALITY]. Synthesized integrated score is 0.0000 yielding raw risk class [LOW]. Contributions (ML: 0.0000 risk weight). Cross-modal concordance: [SINGLE_MODALITY]. No active safety escalations triggered. Final assigned risk is [LOW].
TCGA-E2-A1LL,0.9899,HIGH,HIGH,0.6434,SINGLE_MODALITY,['ML'],"['DL', 'NLP']",HIGH,,,SINGLE_MODALITY,True,"Elevated risk patient with incomplete modality coverage (Missing: ['DL', 'NLP']). Clinician review recommended.",0,[],[],[],"Patient TCGA-E2-A1LL evaluated under evidence level [SINGLE_MODALITY]. Synthesized integrated score is 0.9899 yielding raw risk class [HIGH]. Contributions (ML: 0.9899 risk weight). Cross-modal concordance: [SINGLE_MODALITY]. Safety Net Override: Elevated risk patient with incomplete modality coverage (Missing: ['DL', 'NLP']). Clinician review recommended. Final assigned risk is [HIGH]."
TCGA-3C-AALI,0.1241,LOW,LOW,0.5669,SINGLE_MODALITY,['ML'],"['DL', 'NLP']",MODERATE,,,SINGLE_MODALITY,False,No active safety alerts.,0,[],[],[],Patient TCGA-3C-AALI evaluated under evidence level [SINGLE_MODALITY]. Synthesized integrated score is 0.1241 yielding raw risk class [LOW]. Contributions (ML: 0.1241 risk weight). Cross-modal concordance: [SINGLE_MODALITY]. No active safety escalations triggered. Final assigned risk is [LOW].
TCGA-OL-A97C,0.0008,LOW,LOW,0.6481,SINGLE_MODALITY,['ML'],"['DL', 'NLP']",MODERATE,,,SINGLE_MODALITY,False,No active safety alerts.,0,[],[],[],Patient TCGA-OL-A97C evaluated under evidence level [SINGLE_MODALITY]. Synthesized integrated score is 0.0008 yielding raw risk class [LOW]. Contributions (ML: 0.0008 risk weight). Cross-modal concordance: [SINGLE_MODALITY]. No active safety escalations triggered. Final assigned risk is [LOW].
TCGA-A8-A081,0.0089,LOW,LOW,0.6439,SINGLE_MODALITY,['ML'],"['DL', 'NLP']",MODERATE,,,SINGLE_MODALITY,False,No active safety alerts.,0,[],[],[],Patient TCGA-A8-A081 evaluated under evidence level [SINGLE_MODALITY]. Synthesized integrated score is 0.0089 yielding raw risk class [LOW]. Contributions (ML: 0.0089 risk weight). Cross-modal concordance: [SINGLE_MODALITY]. No active safety escalations triggered. Final assigned risk is [LOW].
TCGA-86-8358,0.0002,LOW,LOW,0.6418,SINGLE_MODALITY,['ML'],"['DL', 'NLP']",LOW,,,SINGLE_MODALITY,False,No active safety alerts.,0,[],[],[],Patient TCGA-86-8358 evaluated under evidence level [SINGLE_MODALITY]. Synthesized integrated score is 0.0002 yielding raw risk class [LOW]. Contributions (ML: 0.0002 risk weight). Cross-modal concordance: [SINGLE_MODALITY]. No active safety escalations triggered. Final assigned risk is [LOW].
TCGA-BW-A5NO,0.9925,HIGH,HIGH,0.6451,SINGLE_MODALITY,['ML'],"['DL', 'NLP']",HIGH,,,SINGLE_MODALITY,True,"Elevated risk patient with incomplete modality coverage (Missing: ['DL', 'NLP']). Clinician review recommended.",0,[],[],[],"Patient TCGA-BW-A5NO evaluated under evidence level [SINGLE_MODALITY]. Synthesized integrated score is 0.9925 yielding raw risk class [HIGH]. Contributions (ML: 0.9925 risk weight). Cross-modal concordance: [SINGLE_MODALITY]. Safety Net Override: Elevated risk patient with incomplete modality coverage (Missing: ['DL', 'NLP']). Clinician review recommended. Final assigned risk is [HIGH]."
TCGA-D8-A1Y3,0.9995,HIGH,HIGH,0.6497,SINGLE_MODALITY,['ML'],"['DL', 'NLP']",HIGH,,,SINGLE_MODALITY,True,"Elevated risk patient with incomplete modality coverage (Missing: ['DL', 'NLP']). Clinician review recommended.",0,[],[],[],"Patient TCGA-D8-A1Y3 evaluated under evidence level [SINGLE_MODALITY]. Synthesized integrated score is 0.9995 yielding raw risk class [HIGH]. Contributions (ML: 0.9995 risk weight). Cross-modal concordance: [SINGLE_MODALITY]. Safety Net Override: Elevated risk patient with incomplete modality coverage (Missing: ['DL', 'NLP']). Clinician review recommended. Final assigned risk is [HIGH]."
TCGA-EE-A2M6,0.0001,LOW,LOW,0.6448,SINGLE_MODALITY,['ML'],"['DL', 'NLP']",LOW,,,SINGLE_MODALITY,False,No active safety alerts.,0,[],[],[],Patient TCGA-EE-A2M6 evaluated under evidence level [SINGLE_MODALITY]. Synthesized integrated score is 0.0001 yielding raw risk class [LOW]. Contributions (ML: 0.0001 risk weight). Cross-modal concordance: [SINGLE_MODALITY]. No active safety escalations triggered. Final assigned risk is [LOW].
TCGA-77-A5G6,0.9981,HIGH,HIGH,0.6488,SINGLE_MODALITY,['ML'],"['DL', 'NLP']",HIGH,,,SINGLE_MODALITY,True,"Elevated risk patient with incomplete modality coverage (Missing: ['DL', 'NLP']). Clinician review recommended.",0,[],[],[],"Patient TCGA-77-A5G6 evaluated under evidence level [SINGLE_MODALITY]. Synthesized integrated score is 0.9981 yielding raw risk class [HIGH]. Contributions (ML: 0.9981 risk weight). Cross-modal concordance: [SINGLE_MODALITY]. Safety Net Override: Elevated risk patient with incomplete modality coverage (Missing: ['DL', 'NLP']). Clinician review recommended. Final assigned risk is [HIGH]."
TCGA-V1-A9ZK,0.0001,LOW,LOW,0.6458,SINGLE_MODALITY,['ML'],"['DL', 'NLP']",LOW,,,SINGLE_MODALITY,False,No active safety alerts.,0,[],[],[],Patient TCGA-V1-A9ZK evaluated under evidence level [SINGLE_MODALITY]. Synthesized integrated score is 0.0001 yielding raw risk class [LOW]. Contributions (ML: 0.0001 risk weight). Cross-modal concordance: [SINGLE_MODALITY]. No active safety escalations triggered. Final assigned risk is [LOW].
TCGA-ZP-A9D0,0.0061,LOW,LOW,0.6395,SINGLE_MODALITY,['ML'],"['DL', 'NLP']",MODERATE,,,SINGLE_MODALITY,False,No active safety alerts.,0,[],[],[],Patient TCGA-ZP-A9D0 evaluated under evidence level [SINGLE_MODALITY]. Synthesized integrated score is 0.0061 yielding raw risk class [LOW]. Contributions (ML: 0.0061 risk weight). Cross-modal concordance: [SINGLE_MODALITY]. No active safety escalations triggered. Final assigned risk is [LOW].
TCGA-FJ-A3Z7,0.9996,HIGH,HIGH,0.6497,SINGLE_MODALITY,['ML'],"['DL', 'NLP']",HIGH,,,SINGLE_MODALITY,True,"Elevated risk patient with incomplete modality coverage (Missing: ['DL', 'NLP']). Clinician review recommended.",0,[],[],[],"Patient TCGA-FJ-A3Z7 evaluated under evidence level [SINGLE_MODALITY]. Synthesized integrated score is 0.9996 yielding raw risk class [HIGH]. Contributions (ML: 0.9996 risk weight). Cross-modal concordance: [SINGLE_MODALITY]. Safety Net Override: Elevated risk patient with incomplete modality coverage (Missing: ['DL', 'NLP']). Clinician review recommended. Final assigned risk is [HIGH]."
TCGA-GV-A3JV,0.991,HIGH,HIGH,0.6442,SINGLE_MODALITY,['ML'],"['DL', 'NLP']",HIGH,,,SINGLE_MODALITY,True,"Elevated risk patient with incomplete modality coverage (Missing: ['DL', 'NLP']). Clinician review recommended.",0,[],[],[],"Patient TCGA-GV-A3JV evaluated under evidence level [SINGLE_MODALITY]. Synthesized integrated score is 0.9910 yielding raw risk class [HIGH]. Contributions (ML: 0.9910 risk weight). Cross-modal concordance: [SINGLE_MODALITY]. Safety Net Override: Elevated risk patient with incomplete modality coverage (Missing: ['DL', 'NLP']). Clinician review recommended. Final assigned risk is [HIGH]."
TCGA-QK-A8Z7,0.997,HIGH,HIGH,0.6481,SINGLE_MODALITY,['ML'],"['DL', 'NLP']",HIGH,,,SINGLE_MODALITY,True,"Elevated risk patient with incomplete modality coverage (Missing: ['DL', 'NLP']). Clinician review recommended.",0,[],[],[],"Patient TCGA-QK-A8Z7 evaluated under evidence level [SINGLE_MODALITY]. Synthesized integrated score is 0.9970 yielding raw risk class [HIGH]. Contributions (ML: 0.9970 risk weight). Cross-modal concordance: [SINGLE_MODALITY]. Safety Net Override: Elevated risk patient with incomplete modality coverage (Missing: ['DL', 'NLP']). Clinician review recommended. Final assigned risk is [HIGH]."
TCGA-IB-7886,0.0002,LOW,LOW,0.6461,SINGLE_MODALITY,['ML'],"['DL', 'NLP']",LOW,,,SINGLE_MODALITY,False,No active safety alerts.,0,[],[],[],Patient TCGA-IB-7886 evaluated under evidence level [SINGLE_MODALITY]. Synthesized integrated score is 0.0002 yielding raw risk class [LOW]. Contributions (ML: 0.0002 risk weight). Cross-modal concordance: [SINGLE_MODALITY]. No active safety escalations triggered. Final assigned risk is [LOW].
TCGA-44-7661,0.0001,LOW,LOW,0.6449,SINGLE_MODALITY,['ML'],"['DL', 'NLP']",LOW,,,SINGLE_MODALITY,False,No active safety alerts.,0,[],[],[],Patient TCGA-44-7661 evaluated under evidence level [SINGLE_MODALITY]. Synthesized integrated score is 0.0001 yielding raw risk class [LOW]. Contributions (ML: 0.0001 risk weight). Cross-modal concordance: [SINGLE_MODALITY]. No active safety escalations triggered. Final assigned risk is [LOW].
TCGA-GM-A3NY,0.0028,LOW,LOW,0.6414,SINGLE_MODALITY,['ML'],"['DL', 'NLP']",MODERATE,,,SINGLE_MODALITY,False,No active safety alerts.,0,[],[],[],Patient TCGA-GM-A3NY evaluated under evidence level [SINGLE_MODALITY]. Synthesized integrated score is 0.0028 yielding raw risk class [LOW]. Contributions (ML: 0.0028 risk weight). Cross-modal concordance: [SINGLE_MODALITY]. No active safety escalations triggered. Final assigned risk is [LOW].
TCGA-A2-A0EP,0.0001,LOW,LOW,0.6421,SINGLE_MODALITY,['ML'],"['DL', 'NLP']",LOW,,,SINGLE_MODALITY,False,No active safety alerts.,0,[],[],[],Patient TCGA-A2-A0EP evaluated under evidence level [SINGLE_MODALITY]. Synthesized integrated score is 0.0001 yielding raw risk class [LOW]. Contributions (ML: 0.0001 risk weight). Cross-modal concordance: [SINGLE_MODALITY]. No active safety escalations triggered. Final assigned risk is [LOW].
TCGA-A6-2676,0.0001,LOW,LOW,0.6463,SINGLE_MODALITY,['ML'],"['DL', 'NLP']",LOW,,,SINGLE_MODALITY,False,No active safety alerts.,0,[],[],[],Patient TCGA-A6-2676 evaluated under evidence level [SINGLE_MODALITY]. Synthesized integrated score is 0.0001 yielding raw risk class [LOW]. Contributions (ML: 0.0001 risk weight). Cross-modal concordance: [SINGLE_MODALITY]. No active safety escalations triggered. Final assigned risk is [LOW].
TCGA-EE-A183,0.0012,LOW,LOW,0.6456,SINGLE_MODALITY,['ML'],"['DL', 'NLP']",MODERATE,,,SINGLE_MODALITY,False,No active safety alerts.,0,[],[],[],Patient TCGA-EE-A183 evaluated under evidence level [SINGLE_MODALITY]. Synthesized integrated score is 0.0012 yielding raw risk class [LOW]. Contributions (ML: 0.0012 risk weight). Cross-modal concordance: [SINGLE_MODALITY]. No active safety escalations triggered. Final assigned risk is [LOW].
TCGA-ER-A19K,0.0008,LOW,LOW,0.6478,SINGLE_MODALITY,['ML'],"['DL', 'NLP']",MODERATE,,,SINGLE_MODALITY,False,No active safety alerts.,0,[],[],[],Patient TCGA-ER-A19K evaluated under evidence level [SINGLE_MODALITY]. Synthesized integrated score is 0.0008 yielding raw risk class [LOW]. Contributions (ML: 0.0008 risk weight). Cross-modal concordance: [SINGLE_MODALITY]. No active safety escalations triggered. Final assigned risk is [LOW].
TCGA-5N-A9KM,0.996,HIGH,HIGH,0.6474,SINGLE_MODALITY,['ML'],"['DL', 'NLP']",HIGH,,,SINGLE_MODALITY,True,"Elevated risk patient with incomplete modality coverage (Missing: ['DL', 'NLP']). Clinician review recommended.",0,[],[],[],"Patient TCGA-5N-A9KM evaluated under evidence level [SINGLE_MODALITY]. Synthesized integrated score is 0.9960 yielding raw risk class [HIGH]. Contributions (ML: 0.9960 risk weight). Cross-modal concordance: [SINGLE_MODALITY]. Safety Net Override: Elevated risk patient with incomplete modality coverage (Missing: ['DL', 'NLP']). Clinician review recommended. Final assigned risk is [HIGH]."
TCGA-IB-A6UF,0.0166,LOW,LOW,0.639,SINGLE_MODALITY,['ML'],"['DL', 'NLP']",MODERATE,,,SINGLE_MODALITY,False,No active safety alerts.,0,[],[],[],Patient TCGA-IB-A6UF evaluated under evidence level [SINGLE_MODALITY]. Synthesized integrated score is 0.0166 yielding raw risk class [LOW]. Contributions (ML: 0.0166 risk weight). Cross-modal concordance: [SINGLE_MODALITY]. No active safety escalations triggered. Final assigned risk is [LOW].
TCGA-FR-A728,0.9999,HIGH,HIGH,0.6499,SINGLE_MODALITY,['ML'],"['DL', 'NLP']",HIGH,,,SINGLE_MODALITY,True,"Elevated risk patient with incomplete modality coverage (Missing: ['DL', 'NLP']). Clinician review recommended.",0,[],[],[],"Patient TCGA-FR-A728 evaluated under evidence level [SINGLE_MODALITY]. Synthesized integrated score is 0.9999 yielding raw risk class [HIGH]. Contributions (ML: 0.9999 risk weight). Cross-modal concordance: [SINGLE_MODALITY]. Safety Net Override: Elevated risk patient with incomplete modality coverage (Missing: ['DL', 'NLP']). Clinician review recommended. Final assigned risk is [HIGH]."
TCGA-B0-5694,0.9971,HIGH,HIGH,0.6481,SINGLE_MODALITY,['ML'],"['DL', 'NLP']",HIGH,,,SINGLE_MODALITY,True,"Elevated risk patient with incomplete modality coverage (Missing: ['DL', 'NLP']). Clinician review recommended.",0,[],[],[],"Patient TCGA-B0-5694 evaluated under evidence level [SINGLE_MODALITY]. Synthesized integrated score is 0.9971 yielding raw risk class [HIGH]. Contributions (ML: 0.9971 risk weight). Cross-modal concordance: [SINGLE_MODALITY]. Safety Net Override: Elevated risk patient with incomplete modality coverage (Missing: ['DL', 'NLP']). Clinician review recommended. Final assigned risk is [HIGH]."
TCGA-AA-3667,0.0,LOW,LOW,0.6498,SINGLE_MODALITY,['ML'],"['DL', 'NLP']",LOW,,,SINGLE_MODALITY,False,No active safety alerts.,0,[],[],[],Patient TCGA-AA-3667 evaluated under evidence level [SINGLE_MODALITY]. Synthesized integrated score is 0.0000 yielding raw risk class [LOW]. Contributions (ML: 0.0000 risk weight). Cross-modal concordance: [SINGLE_MODALITY]. No active safety escalations triggered. Final assigned risk is [LOW].
TCGA-CN-5361,0.9995,HIGH,HIGH,0.6497,SINGLE_MODALITY,['ML'],"['DL', 'NLP']",HIGH,,,SINGLE_MODALITY,True,"Elevated risk patient with incomplete modality coverage (Missing: ['DL', 'NLP']). Clinician review recommended.",0,[],[],[],"Patient TCGA-CN-5361 evaluated under evidence level [SINGLE_MODALITY]. Synthesized integrated score is 0.9995 yielding raw risk class [HIGH]. Contributions (ML: 0.9995 risk weight). Cross-modal concordance: [SINGLE_MODALITY]. Safety Net Override: Elevated risk patient with incomplete modality coverage (Missing: ['DL', 'NLP']). Clinician review recommended. Final assigned risk is [HIGH]."
TCGA-KK-A8IH,0.0015,LOW,LOW,0.6463,SINGLE_MODALITY,['ML'],"['DL', 'NLP']",MODERATE,,,SINGLE_MODALITY,False,No active safety alerts.,0,[],[],[],Patient TCGA-KK-A8IH evaluated under evidence level [SINGLE_MODALITY]. Synthesized integrated score is 0.0015 yielding raw risk class [LOW]. Contributions (ML: 0.0015 risk weight). Cross-modal concordance: [SINGLE_MODALITY]. No active safety escalations triggered. Final assigned risk is [LOW].
TCGA-K4-A5RI,0.9996,HIGH,HIGH,0.6497,SINGLE_MODALITY,['ML'],"['DL', 'NLP']",HIGH,,,SINGLE_MODALITY,True,"Elevated risk patient with incomplete modality coverage (Missing: ['DL', 'NLP']). Clinician review recommended.",0,[],[],[],"Patient TCGA-K4-A5RI evaluated under evidence level [SINGLE_MODALITY]. Synthesized integrated score is 0.9996 yielding raw risk class [HIGH]. Contributions (ML: 0.9996 risk weight). Cross-modal concordance: [SINGLE_MODALITY]. Safety Net Override: Elevated risk patient with incomplete modality coverage (Missing: ['DL', 'NLP']). Clinician review recommended. Final assigned risk is [HIGH]."
TCGA-AA-3544,0.0002,LOW,LOW,0.613,SINGLE_MODALITY,['ML'],"['DL', 'NLP']",LOW,,,SINGLE_MODALITY,False,No active safety alerts.,0,[],[],[],Patient TCGA-AA-3544 evaluated under evidence level [SINGLE_MODALITY]. Synthesized integrated score is 0.0002 yielding raw risk class [LOW]. Contributions (ML: 0.0002 risk weight). Cross-modal concordance: [SINGLE_MODALITY]. No active safety escalations triggered. Final assigned risk is [LOW].
TCGA-KC-A7FD,0.0001,LOW,LOW,0.6462,SINGLE_MODALITY,['ML'],"['DL', 'NLP']",LOW,,,SINGLE_MODALITY,False,No active safety alerts.,0,[],[],[],Patient TCGA-KC-A7FD evaluated under evidence level [SINGLE_MODALITY]. Synthesized integrated score is 0.0001 yielding raw risk class [LOW]. Contributions (ML: 0.0001 risk weight). Cross-modal concordance: [SINGLE_MODALITY]. No active safety escalations triggered. Final assigned risk is [LOW].
TCGA-GU-A42P,0.9978,HIGH,HIGH,0.6486,SINGLE_MODALITY,['ML'],"['DL', 'NLP']",HIGH,,,SINGLE_MODALITY,True,"Elevated risk patient with incomplete modality coverage (Missing: ['DL', 'NLP']). Clinician review recommended.",0,[],[],[],"Patient TCGA-GU-A42P evaluated under evidence level [SINGLE_MODALITY]. Synthesized integrated score is 0.9978 yielding raw risk class [HIGH]. Contributions (ML: 0.9978 risk weight). Cross-modal concordance: [SINGLE_MODALITY]. Safety Net Override: Elevated risk patient with incomplete modality coverage (Missing: ['DL', 'NLP']). Clinician review recommended. Final assigned risk is [HIGH]."
TCGA-D8-A1XC,0.9609,HIGH,HIGH,0.6246,SINGLE_MODALITY,['ML'],"['DL', 'NLP']",HIGH,,,SINGLE_MODALITY,True,"Elevated risk patient with incomplete modality coverage (Missing: ['DL', 'NLP']). Clinician review recommended.",0,[],[],[],"Patient TCGA-D8-A1XC evaluated under evidence level [SINGLE_MODALITY]. Synthesized integrated score is 0.9609 yielding raw risk class [HIGH]. Contributions (ML: 0.9609 risk weight). Cross-modal concordance: [SINGLE_MODALITY]. Safety Net Override: Elevated risk patient with incomplete modality coverage (Missing: ['DL', 'NLP']). Clinician review recommended. Final assigned risk is [HIGH]."
TCGA-AO-A0JD,0.9995,HIGH,HIGH,0.6497,SINGLE_MODALITY,['ML'],"['DL', 'NLP']",HIGH,,,SINGLE_MODALITY,True,"Elevated risk patient with incomplete modality coverage (Missing: ['DL', 'NLP']). Clinician review recommended.",0,[],[],[],"Patient TCGA-AO-A0JD evaluated under evidence level [SINGLE_MODALITY]. Synthesized integrated score is 0.9995 yielding raw risk class [HIGH]. Contributions (ML: 0.9995 risk weight). Cross-modal concordance: [SINGLE_MODALITY]. Safety Net Override: Elevated risk patient with incomplete modality coverage (Missing: ['DL', 'NLP']). Clinician review recommended. Final assigned risk is [HIGH]."
TCGA-90-A4EE,0.0052,LOW,LOW,0.6464,SINGLE_MODALITY,['ML'],"['DL', 'NLP']",MODERATE,,,SINGLE_MODALITY,False,No active safety alerts.,0,[],[],[],Patient TCGA-90-A4EE evaluated under evidence level [SINGLE_MODALITY]. Synthesized integrated score is 0.0052 yielding raw risk class [LOW]. Contributions (ML: 0.0052 risk weight). Cross-modal concordance: [SINGLE_MODALITY]. No active safety escalations triggered. Final assigned risk is [LOW].
TCGA-ZG-A9L0,0.0001,LOW,LOW,0.6458,SINGLE_MODALITY,['ML'],"['DL', 'NLP']",LOW,,,SINGLE_MODALITY,False,No active safety alerts.,0,[],[],[],Patient TCGA-ZG-A9L0 evaluated under evidence level [SINGLE_MODALITY]. Synthesized integrated score is 0.0001 yielding raw risk class [LOW]. Contributions (ML: 0.0001 risk weight). Cross-modal concordance: [SINGLE_MODALITY]. No active safety escalations triggered. Final assigned risk is [LOW].
TCGA-DD-A1EK,0.9997,HIGH,HIGH,0.6498,SINGLE_MODALITY,['ML'],"['DL', 'NLP']",HIGH,,,SINGLE_MODALITY,True,"Elevated risk patient with incomplete modality coverage (Missing: ['DL', 'NLP']). Clinician review recommended.",0,[],[],[],"Patient TCGA-DD-A1EK evaluated under evidence level [SINGLE_MODALITY]. Synthesized integrated score is 0.9997 yielding raw risk class [HIGH]. Contributions (ML: 0.9997 risk weight). Cross-modal concordance: [SINGLE_MODALITY]. Safety Net Override: Elevated risk patient with incomplete modality coverage (Missing: ['DL', 'NLP']). Clinician review recommended. Final assigned risk is [HIGH]."
TCGA-A2-A3XW,0.0,LOW,LOW,0.6458,SINGLE_MODALITY,['ML'],"['DL', 'NLP']",LOW,,,SINGLE_MODALITY,False,No active safety alerts.,0,[],[],[],Patient TCGA-A2-A3XW evaluated under evidence level [SINGLE_MODALITY]. Synthesized integrated score is 0.0000 yielding raw risk class [LOW]. Contributions (ML: 0.0000 risk weight). Cross-modal concordance: [SINGLE_MODALITY]. No active safety escalations triggered. Final assigned risk is [LOW].
TCGA-K7-AAU7,0.0001,LOW,LOW,0.6456,SINGLE_MODALITY,['ML'],"['DL', 'NLP']",LOW,,,SINGLE_MODALITY,False,No active safety alerts.,0,[],[],[],Patient TCGA-K7-AAU7 evaluated under evidence level [SINGLE_MODALITY]. Synthesized integrated score is 0.0001 yielding raw risk class [LOW]. Contributions (ML: 0.0001 risk weight). Cross-modal concordance: [SINGLE_MODALITY]. No active safety escalations triggered. Final assigned risk is [LOW].
TCGA-25-1318,0.0186,LOW,LOW,0.6375,SINGLE_MODALITY,['ML'],"['DL', 'NLP']",MODERATE,,,SINGLE_MODALITY,False,No active safety alerts.,0,[],[],[],Patient TCGA-25-1318 evaluated under evidence level [SINGLE_MODALITY]. Synthesized integrated score is 0.0186 yielding raw risk class [LOW]. Contributions (ML: 0.0186 risk weight). Cross-modal concordance: [SINGLE_MODALITY]. No active safety escalations triggered. Final assigned risk is [LOW].
TCGA-59-2349,0.0001,LOW,LOW,0.6464,SINGLE_MODALITY,['ML'],"['DL', 'NLP']",LOW,,,SINGLE_MODALITY,False,No active safety alerts.,0,[],[],[],Patient TCGA-59-2349 evaluated under evidence level [SINGLE_MODALITY]. Synthesized integrated score is 0.0001 yielding raw risk class [LOW]. Contributions (ML: 0.0001 risk weight). Cross-modal concordance: [SINGLE_MODALITY]. No active safety escalations triggered. Final assigned risk is [LOW].
TCGA-WE-A8ZQ,0.0007,LOW,LOW,0.6484,SINGLE_MODALITY,['ML'],"['DL', 'NLP']",MODERATE,,,SINGLE_MODALITY,False,No active safety alerts.,0,[],[],[],Patient TCGA-WE-A8ZQ evaluated under evidence level [SINGLE_MODALITY]. Synthesized integrated score is 0.0007 yielding raw risk class [LOW]. Contributions (ML: 0.0007 risk weight). Cross-modal concordance: [SINGLE_MODALITY]. No active safety escalations triggered. Final assigned risk is [LOW].
TCGA-BH-A0BC,0.9929,HIGH,HIGH,0.6454,SINGLE_MODALITY,['ML'],"['DL', 'NLP']",HIGH,,,SINGLE_MODALITY,True,"Elevated risk patient with incomplete modality coverage (Missing: ['DL', 'NLP']). Clinician review recommended.",0,[],[],[],"Patient TCGA-BH-A0BC evaluated under evidence level [SINGLE_MODALITY]. Synthesized integrated score is 0.9929 yielding raw risk class [HIGH]. Contributions (ML: 0.9929 risk weight). Cross-modal concordance: [SINGLE_MODALITY]. Safety Net Override: Elevated risk patient with incomplete modality coverage (Missing: ['DL', 'NLP']). Clinician review recommended. Final assigned risk is [HIGH]."
TCGA-CK-6751,0.0032,LOW,LOW,0.6401,SINGLE_MODALITY,['ML'],"['DL', 'NLP']",MODERATE,,,SINGLE_MODALITY,False,No active safety alerts.,0,[],[],[],Patient TCGA-CK-6751 evaluated under evidence level [SINGLE_MODALITY]. Synthesized integrated score is 0.0032 yielding raw risk class [LOW]. Contributions (ML: 0.0032 risk weight). Cross-modal concordance: [SINGLE_MODALITY]. No active safety escalations triggered. Final assigned risk is [LOW].
TCGA-66-2794,0.9938,HIGH,HIGH,0.646,SINGLE_MODALITY,['ML'],"['DL', 'NLP']",HIGH,,,SINGLE_MODALITY,True,"Elevated risk patient with incomplete modality coverage (Missing: ['DL', 'NLP']). Clinician review recommended.",0,[],[],[],"Patient TCGA-66-2794 evaluated under evidence level [SINGLE_MODALITY]. Synthesized integrated score is 0.9938 yielding raw risk class [HIGH]. Contributions (ML: 0.9938 risk weight). Cross-modal concordance: [SINGLE_MODALITY]. Safety Net Override: Elevated risk patient with incomplete modality coverage (Missing: ['DL', 'NLP']). Clinician review recommended. Final assigned risk is [HIGH]."
TCGA-GF-A6C9,0.9991,HIGH,HIGH,0.6494,SINGLE_MODALITY,['ML'],"['DL', 'NLP']",HIGH,,,SINGLE_MODALITY,True,"Elevated risk patient with incomplete modality coverage (Missing: ['DL', 'NLP']). Clinician review recommended.",0,[],[],[],"Patient TCGA-GF-A6C9 evaluated under evidence level [SINGLE_MODALITY]. Synthesized integrated score is 0.9991 yielding raw risk class [HIGH]. Contributions (ML: 0.9991 risk weight). Cross-modal concordance: [SINGLE_MODALITY]. Safety Net Override: Elevated risk patient with incomplete modality coverage (Missing: ['DL', 'NLP']). Clinician review recommended. Final assigned risk is [HIGH]."
TCGA-DD-A1EG,0.0058,LOW,LOW,0.5963,SINGLE_MODALITY,['ML'],"['DL', 'NLP']",MODERATE,,,SINGLE_MODALITY,False,No active safety alerts.,0,[],[],[],Patient TCGA-DD-A1EG evaluated under evidence level [SINGLE_MODALITY]. Synthesized integrated score is 0.0058 yielding raw risk class [LOW]. Contributions (ML: 0.0058 risk weight). Cross-modal concordance: [SINGLE_MODALITY]. No active safety escalations triggered. Final assigned risk is [LOW].
TCGA-RS-A6TO,0.9981,HIGH,HIGH,0.6488,SINGLE_MODALITY,['ML'],"['DL', 'NLP']",HIGH,,,SINGLE_MODALITY,True,"Elevated risk patient with incomplete modality coverage (Missing: ['DL', 'NLP']). Clinician review recommended.",0,[],[],[],"Patient TCGA-RS-A6TO evaluated under evidence level [SINGLE_MODALITY]. Synthesized integrated score is 0.9981 yielding raw risk class [HIGH]. Contributions (ML: 0.9981 risk weight). Cross-modal concordance: [SINGLE_MODALITY]. Safety Net Override: Elevated risk patient with incomplete modality coverage (Missing: ['DL', 'NLP']). Clinician review recommended. Final assigned risk is [HIGH]."
TCGA-YL-A8SR,0.0237,LOW,LOW,0.634,SINGLE_MODALITY,['ML'],"['DL', 'NLP']",MODERATE,,,SINGLE_MODALITY,False,No active safety alerts.,0,[],[],[],Patient TCGA-YL-A8SR evaluated under evidence level [SINGLE_MODALITY]. Synthesized integrated score is 0.0237 yielding raw risk class [LOW]. Contributions (ML: 0.0237 risk weight). Cross-modal concordance: [SINGLE_MODALITY]. No active safety escalations triggered. Final assigned risk is [LOW].
TCGA-MP-A4TK,0.0078,LOW,LOW,0.6447,SINGLE_MODALITY,['ML'],"['DL', 'NLP']",MODERATE,,,SINGLE_MODALITY,False,No active safety alerts.,0,[],[],[],Patient TCGA-MP-A4TK evaluated under evidence level [SINGLE_MODALITY]. Synthesized integrated score is 0.0078 yielding raw risk class [LOW]. Contributions (ML: 0.0078 risk weight). Cross-modal concordance: [SINGLE_MODALITY]. No active safety escalations triggered. Final assigned risk is [LOW].
TCGA-CV-7428,0.9982,HIGH,HIGH,0.6488,SINGLE_MODALITY,['ML'],"['DL', 'NLP']",HIGH,,,SINGLE_MODALITY,True,"Elevated risk patient with incomplete modality coverage (Missing: ['DL', 'NLP']). Clinician review recommended.",0,[],[],[],"Patient TCGA-CV-7428 evaluated under evidence level [SINGLE_MODALITY]. Synthesized integrated score is 0.9982 yielding raw risk class [HIGH]. Contributions (ML: 0.9982 risk weight). Cross-modal concordance: [SINGLE_MODALITY]. Safety Net Override: Elevated risk patient with incomplete modality coverage (Missing: ['DL', 'NLP']). Clinician review recommended. Final assigned risk is [HIGH]."
TCGA-52-7812,0.0009,LOW,LOW,0.6485,SINGLE_MODALITY,['ML'],"['DL', 'NLP']",MODERATE,,,SINGLE_MODALITY,False,No active safety alerts.,0,[],[],[],Patient TCGA-52-7812 evaluated under evidence level [SINGLE_MODALITY]. Synthesized integrated score is 0.0009 yielding raw risk class [LOW]. Contributions (ML: 0.0009 risk weight). Cross-modal concordance: [SINGLE_MODALITY]. No active safety escalations triggered. Final assigned risk is [LOW].
TCGA-50-6592,0.0002,LOW,LOW,0.6427,SINGLE_MODALITY,['ML'],"['DL', 'NLP']",LOW,,,SINGLE_MODALITY,False,No active safety alerts.,0,[],[],[],Patient TCGA-50-6592 evaluated under evidence level [SINGLE_MODALITY]. Synthesized integrated score is 0.0002 yielding raw risk class [LOW]. Contributions (ML: 0.0002 risk weight). Cross-modal concordance: [SINGLE_MODALITY]. No active safety escalations triggered. Final assigned risk is [LOW].
TCGA-DD-A3A1,0.998,HIGH,HIGH,0.6487,SINGLE_MODALITY,['ML'],"['DL', 'NLP']",HIGH,,,SINGLE_MODALITY,True,"Elevated risk patient with incomplete modality coverage (Missing: ['DL', 'NLP']). Clinician review recommended.",0,[],[],[],"Patient TCGA-DD-A3A1 evaluated under evidence level [SINGLE_MODALITY]. Synthesized integrated score is 0.9980 yielding raw risk class [HIGH]. Contributions (ML: 0.9980 risk weight). Cross-modal concordance: [SINGLE_MODALITY]. Safety Net Override: Elevated risk patient with incomplete modality coverage (Missing: ['DL', 'NLP']). Clinician review recommended. Final assigned risk is [HIGH]."
TCGA-CW-5588,0.0002,LOW,LOW,0.6399,SINGLE_MODALITY,['ML'],"['DL', 'NLP']",LOW,,,SINGLE_MODALITY,False,No active safety alerts.,0,[],[],[],Patient TCGA-CW-5588 evaluated under evidence level [SINGLE_MODALITY]. Synthesized integrated score is 0.0002 yielding raw risk class [LOW]. Contributions (ML: 0.0002 risk weight). Cross-modal concordance: [SINGLE_MODALITY]. No active safety escalations triggered. Final assigned risk is [LOW].
TCGA-A3-A6NN,0.0,LOW,LOW,0.6498,SINGLE_MODALITY,['ML'],"['DL', 'NLP']",LOW,,,SINGLE_MODALITY,False,No active safety alerts.,0,[],[],[],Patient TCGA-A3-A6NN evaluated under evidence level [SINGLE_MODALITY]. Synthesized integrated score is 0.0000 yielding raw risk class [LOW]. Contributions (ML: 0.0000 risk weight). Cross-modal concordance: [SINGLE_MODALITY]. No active safety escalations triggered. Final assigned risk is [LOW].
TCGA-CQ-6218,0.9989,HIGH,HIGH,0.6493,SINGLE_MODALITY,['ML'],"['DL', 'NLP']",HIGH,,,SINGLE_MODALITY,True,"Elevated risk patient with incomplete modality coverage (Missing: ['DL', 'NLP']). Clinician review recommended.",0,[],[],[],"Patient TCGA-CQ-6218 evaluated under evidence level [SINGLE_MODALITY]. Synthesized integrated score is 0.9989 yielding raw risk class [HIGH]. Contributions (ML: 0.9989 risk weight). Cross-modal concordance: [SINGLE_MODALITY]. Safety Net Override: Elevated risk patient with incomplete modality coverage (Missing: ['DL', 'NLP']). Clinician review recommended. Final assigned risk is [HIGH]."
TCGA-V1-A9ZR,0.0012,LOW,LOW,0.6474,SINGLE_MODALITY,['ML'],"['DL', 'NLP']",MODERATE,,,SINGLE_MODALITY,False,No active safety alerts.,0,[],[],[],Patient TCGA-V1-A9ZR evaluated under evidence level [SINGLE_MODALITY]. Synthesized integrated score is 0.0012 yielding raw risk class [LOW]. Contributions (ML: 0.0012 risk weight). Cross-modal concordance: [SINGLE_MODALITY]. No active safety escalations triggered. Final assigned risk is [LOW].
TCGA-CV-5973,0.9995,HIGH,HIGH,0.6497,SINGLE_MODALITY,['ML'],"['DL', 'NLP']",HIGH,,,SINGLE_MODALITY,True,"Elevated risk patient with incomplete modality coverage (Missing: ['DL', 'NLP']). Clinician review recommended.",0,[],[],[],"Patient TCGA-CV-5973 evaluated under evidence level [SINGLE_MODALITY]. Synthesized integrated score is 0.9995 yielding raw risk class [HIGH]. Contributions (ML: 0.9995 risk weight). Cross-modal concordance: [SINGLE_MODALITY]. Safety Net Override: Elevated risk patient with incomplete modality coverage (Missing: ['DL', 'NLP']). Clinician review recommended. Final assigned risk is [HIGH]."
TCGA-A3-3308,0.0192,LOW,LOW,0.6295,SINGLE_MODALITY,['ML'],"['DL', 'NLP']",MODERATE,,,SINGLE_MODALITY,False,No active safety alerts.,0,[],[],[],Patient TCGA-A3-3308 evaluated under evidence level [SINGLE_MODALITY]. Synthesized integrated score is 0.0192 yielding raw risk class [LOW]. Contributions (ML: 0.0192 risk weight). Cross-modal concordance: [SINGLE_MODALITY]. No active safety escalations triggered. Final assigned risk is [LOW].
TCGA-CV-7407,0.0043,LOW,LOW,0.6471,SINGLE_MODALITY,['ML'],"['DL', 'NLP']",MODERATE,,,SINGLE_MODALITY,False,No active safety alerts.,0,[],[],[],Patient TCGA-CV-7407 evaluated under evidence level [SINGLE_MODALITY]. Synthesized integrated score is 0.0043 yielding raw risk class [LOW]. Contributions (ML: 0.0043 risk weight). Cross-modal concordance: [SINGLE_MODALITY]. No active safety escalations triggered. Final assigned risk is [LOW].
TCGA-KK-A6E6,0.0001,LOW,LOW,0.6463,SINGLE_MODALITY,['ML'],"['DL', 'NLP']",LOW,,,SINGLE_MODALITY,False,No active safety alerts.,0,[],[],[],Patient TCGA-KK-A6E6 evaluated under evidence level [SINGLE_MODALITY]. Synthesized integrated score is 0.0001 yielding raw risk class [LOW]. Contributions (ML: 0.0001 risk weight). Cross-modal concordance: [SINGLE_MODALITY]. No active safety escalations triggered. Final assigned risk is [LOW].
TCGA-EI-7002,0.9994,HIGH,HIGH,0.6496,SINGLE_MODALITY,['ML'],"['DL', 'NLP']",HIGH,,,SINGLE_MODALITY,True,"Elevated risk patient with incomplete modality coverage (Missing: ['DL', 'NLP']). Clinician review recommended.",0,[],[],[],"Patient TCGA-EI-7002 evaluated under evidence level [SINGLE_MODALITY]. Synthesized integrated score is 0.9994 yielding raw risk class [HIGH]. Contributions (ML: 0.9994 risk weight). Cross-modal concordance: [SINGLE_MODALITY]. Safety Net Override: Elevated risk patient with incomplete modality coverage (Missing: ['DL', 'NLP']). Clinician review recommended. Final assigned risk is [HIGH]."
TCGA-FD-A43S,0.9947,HIGH,HIGH,0.6466,SINGLE_MODALITY,['ML'],"['DL', 'NLP']",HIGH,,,SINGLE_MODALITY,True,"Elevated risk patient with incomplete modality coverage (Missing: ['DL', 'NLP']). Clinician review recommended.",0,[],[],[],"Patient TCGA-FD-A43S evaluated under evidence level [SINGLE_MODALITY]. Synthesized integrated score is 0.9947 yielding raw risk class [HIGH]. Contributions (ML: 0.9947 risk weight). Cross-modal concordance: [SINGLE_MODALITY]. Safety Net Override: Elevated risk patient with incomplete modality coverage (Missing: ['DL', 'NLP']). Clinician review recommended. Final assigned risk is [HIGH]."
TCGA-A8-A07J,0.577,MODERATE,MODERATE,0.375,SINGLE_MODALITY,['ML'],"['DL', 'NLP']",HIGH,,,SINGLE_MODALITY,True,"Elevated risk patient with incomplete modality coverage (Missing: ['DL', 'NLP']). Clinician review recommended.",0,[],[],[],"Patient TCGA-A8-A07J evaluated under evidence level [SINGLE_MODALITY]. Synthesized integrated score is 0.5770 yielding raw risk class [MODERATE]. Contributions (ML: 0.5770 risk weight). Cross-modal concordance: [SINGLE_MODALITY]. Safety Net Override: Elevated risk patient with incomplete modality coverage (Missing: ['DL', 'NLP']). Clinician review recommended. Final assigned risk is [MODERATE]."
TCGA-CF-A7I0,0.0011,LOW,LOW,0.6469,SINGLE_MODALITY,['ML'],"['DL', 'NLP']",MODERATE,,,SINGLE_MODALITY,False,No active safety alerts.,0,[],[],[],Patient TCGA-CF-A7I0 evaluated under evidence level [SINGLE_MODALITY]. Synthesized integrated score is 0.0011 yielding raw risk class [LOW]. Contributions (ML: 0.0011 risk weight). Cross-modal concordance: [SINGLE_MODALITY]. No active safety escalations triggered. Final assigned risk is [LOW].
TCGA-CH-5789,0.0122,LOW,LOW,0.6393,SINGLE_MODALITY,['ML'],"['DL', 'NLP']",MODERATE,,,SINGLE_MODALITY,False,No active safety alerts.,0,[],[],[],Patient TCGA-CH-5789 evaluated under evidence level [SINGLE_MODALITY]. Synthesized integrated score is 0.0122 yielding raw risk class [LOW]. Contributions (ML: 0.0122 risk weight). Cross-modal concordance: [SINGLE_MODALITY]. No active safety escalations triggered. Final assigned risk is [LOW].
TCGA-AK-3450,0.0,LOW,LOW,0.6496,SINGLE_MODALITY,['ML'],"['DL', 'NLP']",LOW,,,SINGLE_MODALITY,False,No active safety alerts.,0,[],[],[],Patient TCGA-AK-3450 evaluated under evidence level [SINGLE_MODALITY]. Synthesized integrated score is 0.0000 yielding raw risk class [LOW]. Contributions (ML: 0.0000 risk weight). Cross-modal concordance: [SINGLE_MODALITY]. No active safety escalations triggered. Final assigned risk is [LOW].
TCGA-C4-A0F1,0.9935,HIGH,HIGH,0.6458,SINGLE_MODALITY,['ML'],"['DL', 'NLP']",HIGH,,,SINGLE_MODALITY,True,"Elevated risk patient with incomplete modality coverage (Missing: ['DL', 'NLP']). Clinician review recommended.",0,[],[],[],"Patient TCGA-C4-A0F1 evaluated under evidence level [SINGLE_MODALITY]. Synthesized integrated score is 0.9935 yielding raw risk class [HIGH]. Contributions (ML: 0.9935 risk weight). Cross-modal concordance: [SINGLE_MODALITY]. Safety Net Override: Elevated risk patient with incomplete modality coverage (Missing: ['DL', 'NLP']). Clinician review recommended. Final assigned risk is [HIGH]."
TCGA-D8-A1JH,0.0002,LOW,LOW,0.6142,SINGLE_MODALITY,['ML'],"['DL', 'NLP']",LOW,,,SINGLE_MODALITY,False,No active safety alerts.,0,[],[],[],Patient TCGA-D8-A1JH evaluated under evidence level [SINGLE_MODALITY]. Synthesized integrated score is 0.0002 yielding raw risk class [LOW]. Contributions (ML: 0.0002 risk weight). Cross-modal concordance: [SINGLE_MODALITY]. No active safety escalations triggered. Final assigned risk is [LOW].
TCGA-NC-A5HK,0.0035,LOW,LOW,0.6452,SINGLE_MODALITY,['ML'],"['DL', 'NLP']",MODERATE,,,SINGLE_MODALITY,False,No active safety alerts.,0,[],[],[],Patient TCGA-NC-A5HK evaluated under evidence level [SINGLE_MODALITY]. Synthesized integrated score is 0.0035 yielding raw risk class [LOW]. Contributions (ML: 0.0035 risk weight). Cross-modal concordance: [SINGLE_MODALITY]. No active safety escalations triggered. Final assigned risk is [LOW].
TCGA-KK-A7B1,0.0001,LOW,LOW,0.6465,SINGLE_MODALITY,['ML'],"['DL', 'NLP']",LOW,,,SINGLE_MODALITY,False,No active safety alerts.,0,[],[],[],Patient TCGA-KK-A7B1 evaluated under evidence level [SINGLE_MODALITY]. Synthesized integrated score is 0.0001 yielding raw risk class [LOW]. Contributions (ML: 0.0001 risk weight). Cross-modal concordance: [SINGLE_MODALITY]. No active safety escalations triggered. Final assigned risk is [LOW].
TCGA-A2-A1G4,0.0251,LOW,LOW,0.627,SINGLE_MODALITY,['ML'],"['DL', 'NLP']",MODERATE,,,SINGLE_MODALITY,False,No active safety alerts.,0,[],[],[],Patient TCGA-A2-A1G4 evaluated under evidence level [SINGLE_MODALITY]. Synthesized integrated score is 0.0251 yielding raw risk class [LOW]. Contributions (ML: 0.0251 risk weight). Cross-modal concordance: [SINGLE_MODALITY]. No active safety escalations triggered. Final assigned risk is [LOW].
TCGA-55-A4DF,0.0253,LOW,LOW,0.633,SINGLE_MODALITY,['ML'],"['DL', 'NLP']",MODERATE,,,SINGLE_MODALITY,False,No active safety alerts.,0,[],[],[],Patient TCGA-55-A4DF evaluated under evidence level [SINGLE_MODALITY]. Synthesized integrated score is 0.0253 yielding raw risk class [LOW]. Contributions (ML: 0.0253 risk weight). Cross-modal concordance: [SINGLE_MODALITY]. No active safety escalations triggered. Final assigned risk is [LOW].
TCGA-C8-A12U,0.9709,HIGH,HIGH,0.6311,SINGLE_MODALITY,['ML'],"['DL', 'NLP']",HIGH,,,SINGLE_MODALITY,True,"Elevated risk patient with incomplete modality coverage (Missing: ['DL', 'NLP']). Clinician review recommended.",0,[],[],[],"Patient TCGA-C8-A12U evaluated under evidence level [SINGLE_MODALITY]. Synthesized integrated score is 0.9709 yielding raw risk class [HIGH]. Contributions (ML: 0.9709 risk weight). Cross-modal concordance: [SINGLE_MODALITY]. Safety Net Override: Elevated risk patient with incomplete modality coverage (Missing: ['DL', 'NLP']). Clinician review recommended. Final assigned risk is [HIGH]."
TCGA-CC-A7IE,0.9951,HIGH,HIGH,0.6468,SINGLE_MODALITY,['ML'],"['DL', 'NLP']",HIGH,,,SINGLE_MODALITY,True,"Elevated risk patient with incomplete modality coverage (Missing: ['DL', 'NLP']). Clinician review recommended.",0,[],[],[],"Patient TCGA-CC-A7IE evaluated under evidence level [SINGLE_MODALITY]. Synthesized integrated score is 0.9951 yielding raw risk class [HIGH]. Contributions (ML: 0.9951 risk weight). Cross-modal concordance: [SINGLE_MODALITY]. Safety Net Override: Elevated risk patient with incomplete modality coverage (Missing: ['DL', 'NLP']). Clinician review recommended. Final assigned risk is [HIGH]."
TCGA-AA-A00O,0.1035,LOW,LOW,0.5782,SINGLE_MODALITY,['ML'],"['DL', 'NLP']",MODERATE,,,SINGLE_MODALITY,False,No active safety alerts.,0,[],[],[],Patient TCGA-AA-A00O evaluated under evidence level [SINGLE_MODALITY]. Synthesized integrated score is 0.1035 yielding raw risk class [LOW]. Contributions (ML: 0.1035 risk weight). Cross-modal concordance: [SINGLE_MODALITY]. No active safety escalations triggered. Final assigned risk is [LOW].
TCGA-D8-A73W,0.0385,LOW,LOW,0.6167,SINGLE_MODALITY,['ML'],"['DL', 'NLP']",MODERATE,,,SINGLE_MODALITY,False,No active safety alerts.,0,[],[],[],Patient TCGA-D8-A73W evaluated under evidence level [SINGLE_MODALITY]. Synthesized integrated score is 0.0385 yielding raw risk class [LOW]. Contributions (ML: 0.0385 risk weight). Cross-modal concordance: [SINGLE_MODALITY]. No active safety escalations triggered. Final assigned risk is [LOW].
TCGA-AA-3675,0.0181,LOW,LOW,0.6378,SINGLE_MODALITY,['ML'],"['DL', 'NLP']",MODERATE,,,SINGLE_MODALITY,False,No active safety alerts.,0,[],[],[],Patient TCGA-AA-3675 evaluated under evidence level [SINGLE_MODALITY]. Synthesized integrated score is 0.0181 yielding raw risk class [LOW]. Contributions (ML: 0.0181 risk weight). Cross-modal concordance: [SINGLE_MODALITY]. No active safety escalations triggered. Final assigned risk is [LOW].
TCGA-B2-3923,0.0001,LOW,LOW,0.6462,SINGLE_MODALITY,['ML'],"['DL', 'NLP']",LOW,,,SINGLE_MODALITY,False,No active safety alerts.,0,[],[],[],Patient TCGA-B2-3923 evaluated under evidence level [SINGLE_MODALITY]. Synthesized integrated score is 0.0001 yielding raw risk class [LOW]. Contributions (ML: 0.0001 risk weight). Cross-modal concordance: [SINGLE_MODALITY]. No active safety escalations triggered. Final assigned risk is [LOW].
TCGA-DM-A1D4,0.0004,LOW,LOW,0.6486,SINGLE_MODALITY,['ML'],"['DL', 'NLP']",MODERATE,,,SINGLE_MODALITY,False,No active safety alerts.,0,[],[],[],Patient TCGA-DM-A1D4 evaluated under evidence level [SINGLE_MODALITY]. Synthesized integrated score is 0.0004 yielding raw risk class [LOW]. Contributions (ML: 0.0004 risk weight). Cross-modal concordance: [SINGLE_MODALITY]. No active safety escalations triggered. Final assigned risk is [LOW].
TCGA-MP-A4T4,0.0001,LOW,LOW,0.6453,SINGLE_MODALITY,['ML'],"['DL', 'NLP']",LOW,,,SINGLE_MODALITY,False,No active safety alerts.,0,[],[],[],Patient TCGA-MP-A4T4 evaluated under evidence level [SINGLE_MODALITY]. Synthesized integrated score is 0.0001 yielding raw risk class [LOW]. Contributions (ML: 0.0001 risk weight). Cross-modal concordance: [SINGLE_MODALITY]. No active safety escalations triggered. Final assigned risk is [LOW].
TCGA-42-2589,0.0001,LOW,LOW,0.6462,SINGLE_MODALITY,['ML'],"['DL', 'NLP']",LOW,,,SINGLE_MODALITY,False,No active safety alerts.,0,[],[],[],Patient TCGA-42-2589 evaluated under evidence level [SINGLE_MODALITY]. Synthesized integrated score is 0.0001 yielding raw risk class [LOW]. Contributions (ML: 0.0001 risk weight). Cross-modal concordance: [SINGLE_MODALITY]. No active safety escalations triggered. Final assigned risk is [LOW].
TCGA-22-4591,0.9997,HIGH,HIGH,0.6498,SINGLE_MODALITY,['ML'],"['DL', 'NLP']",HIGH,,,SINGLE_MODALITY,True,"Elevated risk patient with incomplete modality coverage (Missing: ['DL', 'NLP']). Clinician review recommended.",0,[],[],[],"Patient TCGA-22-4591 evaluated under evidence level [SINGLE_MODALITY]. Synthesized integrated score is 0.9997 yielding raw risk class [HIGH]. Contributions (ML: 0.9997 risk weight). Cross-modal concordance: [SINGLE_MODALITY]. Safety Net Override: Elevated risk patient with incomplete modality coverage (Missing: ['DL', 'NLP']). Clinician review recommended. Final assigned risk is [HIGH]."
TCGA-V1-A8MF,0.0269,LOW,LOW,0.5721,SINGLE_MODALITY,['ML'],"['DL', 'NLP']",MODERATE,,,SINGLE_MODALITY,False,No active safety alerts.,0,[],[],[],Patient TCGA-V1-A8MF evaluated under evidence level [SINGLE_MODALITY]. Synthesized integrated score is 0.0269 yielding raw risk class [LOW]. Contributions (ML: 0.0269 risk weight). Cross-modal concordance: [SINGLE_MODALITY]. No active safety escalations triggered. Final assigned risk is [LOW].
TCGA-V1-A9Z9,0.0013,LOW,LOW,0.6467,SINGLE_MODALITY,['ML'],"['DL', 'NLP']",MODERATE,,,SINGLE_MODALITY,False,No active safety alerts.,0,[],[],[],Patient TCGA-V1-A9Z9 evaluated under evidence level [SINGLE_MODALITY]. Synthesized integrated score is 0.0013 yielding raw risk class [LOW]. Contributions (ML: 0.0013 risk weight). Cross-modal concordance: [SINGLE_MODALITY]. No active safety escalations triggered. Final assigned risk is [LOW].
TCGA-HZ-A9TJ,0.9957,HIGH,HIGH,0.6472,SINGLE_MODALITY,['ML'],"['DL', 'NLP']",HIGH,,,SINGLE_MODALITY,True,"Elevated risk patient with incomplete modality coverage (Missing: ['DL', 'NLP']). Clinician review recommended.",0,[],[],[],"Patient TCGA-HZ-A9TJ evaluated under evidence level [SINGLE_MODALITY]. Synthesized integrated score is 0.9957 yielding raw risk class [HIGH]. Contributions (ML: 0.9957 risk weight). Cross-modal concordance: [SINGLE_MODALITY]. Safety Net Override: Elevated risk patient with incomplete modality coverage (Missing: ['DL', 'NLP']). Clinician review recommended. Final assigned risk is [HIGH]."
TCGA-CM-6679,0.0028,LOW,LOW,0.6445,SINGLE_MODALITY,['ML'],"['DL', 'NLP']",MODERATE,,,SINGLE_MODALITY,False,No active safety alerts.,0,[],[],[],Patient TCGA-CM-6679 evaluated under evidence level [SINGLE_MODALITY]. Synthesized integrated score is 0.0028 yielding raw risk class [LOW]. Contributions (ML: 0.0028 risk weight). Cross-modal concordance: [SINGLE_MODALITY]. No active safety escalations triggered. Final assigned risk is [LOW].
TCGA-AA-3821,0.0006,LOW,LOW,0.6194,SINGLE_MODALITY,['ML'],"['DL', 'NLP']",LOW,,,SINGLE_MODALITY,False,No active safety alerts.,0,[],[],[],Patient TCGA-AA-3821 evaluated under evidence level [SINGLE_MODALITY]. Synthesized integrated score is 0.0006 yielding raw risk class [LOW]. Contributions (ML: 0.0006 risk weight). Cross-modal concordance: [SINGLE_MODALITY]. No active safety escalations triggered. Final assigned risk is [LOW].
TCGA-FD-A5C1,0.9959,HIGH,HIGH,0.6473,SINGLE_MODALITY,['ML'],"['DL', 'NLP']",HIGH,,,SINGLE_MODALITY,True,"Elevated risk patient with incomplete modality coverage (Missing: ['DL', 'NLP']). Clinician review recommended.",0,[],[],[],"Patient TCGA-FD-A5C1 evaluated under evidence level [SINGLE_MODALITY]. Synthesized integrated score is 0.9959 yielding raw risk class [HIGH]. Contributions (ML: 0.9959 risk weight). Cross-modal concordance: [SINGLE_MODALITY]. Safety Net Override: Elevated risk patient with incomplete modality coverage (Missing: ['DL', 'NLP']). Clinician review recommended. Final assigned risk is [HIGH]."
TCGA-25-2396,0.0033,LOW,LOW,0.6434,SINGLE_MODALITY,['ML'],"['DL', 'NLP']",MODERATE,,,SINGLE_MODALITY,False,No active safety alerts.,0,[],[],[],Patient TCGA-25-2396 evaluated under evidence level [SINGLE_MODALITY]. Synthesized integrated score is 0.0033 yielding raw risk class [LOW]. Contributions (ML: 0.0033 risk weight). Cross-modal concordance: [SINGLE_MODALITY]. No active safety escalations triggered. Final assigned risk is [LOW].
TCGA-BP-5184,0.0002,LOW,LOW,0.6354,SINGLE_MODALITY,['ML'],"['DL', 'NLP']",LOW,,,SINGLE_MODALITY,False,No active safety alerts.,0,[],[],[],Patient TCGA-BP-5184 evaluated under evidence level [SINGLE_MODALITY]. Synthesized integrated score is 0.0002 yielding raw risk class [LOW]. Contributions (ML: 0.0002 risk weight). Cross-modal concordance: [SINGLE_MODALITY]. No active safety escalations triggered. Final assigned risk is [LOW].
TCGA-UY-A78L,0.9998,HIGH,HIGH,0.6499,SINGLE_MODALITY,['ML'],"['DL', 'NLP']",HIGH,,,SINGLE_MODALITY,True,"Elevated risk patient with incomplete modality coverage (Missing: ['DL', 'NLP']). Clinician review recommended.",0,[],[],[],"Patient TCGA-UY-A78L evaluated under evidence level [SINGLE_MODALITY]. Synthesized integrated score is 0.9998 yielding raw risk class [HIGH]. Contributions (ML: 0.9998 risk weight). Cross-modal concordance: [SINGLE_MODALITY]. Safety Net Override: Elevated risk patient with incomplete modality coverage (Missing: ['DL', 'NLP']). Clinician review recommended. Final assigned risk is [HIGH]."
TCGA-D3-A5GS,0.9993,HIGH,HIGH,0.6495,SINGLE_MODALITY,['ML'],"['DL', 'NLP']",HIGH,,,SINGLE_MODALITY,True,"Elevated risk patient with incomplete modality coverage (Missing: ['DL', 'NLP']). Clinician review recommended.",0,[],[],[],"Patient TCGA-D3-A5GS evaluated under evidence level [SINGLE_MODALITY]. Synthesized integrated score is 0.9993 yielding raw risk class [HIGH]. Contributions (ML: 0.9993 risk weight). Cross-modal concordance: [SINGLE_MODALITY]. Safety Net Override: Elevated risk patient with incomplete modality coverage (Missing: ['DL', 'NLP']). Clinician review recommended. Final assigned risk is [HIGH]."
TCGA-ER-A19P,0.0019,LOW,LOW,0.6457,SINGLE_MODALITY,['ML'],"['DL', 'NLP']",MODERATE,,,SINGLE_MODALITY,False,No active safety alerts.,0,[],[],[],Patient TCGA-ER-A19P evaluated under evidence level [SINGLE_MODALITY]. Synthesized integrated score is 0.0019 yielding raw risk class [LOW]. Contributions (ML: 0.0019 risk weight). Cross-modal concordance: [SINGLE_MODALITY]. No active safety escalations triggered. Final assigned risk is [LOW].
TCGA-CN-4727,0.9996,HIGH,HIGH,0.6497,SINGLE_MODALITY,['ML'],"['DL', 'NLP']",HIGH,,,SINGLE_MODALITY,True,"Elevated risk patient with incomplete modality coverage (Missing: ['DL', 'NLP']). Clinician review recommended.",0,[],[],[],"Patient TCGA-CN-4727 evaluated under evidence level [SINGLE_MODALITY]. Synthesized integrated score is 0.9996 yielding raw risk class [HIGH]. Contributions (ML: 0.9996 risk weight). Cross-modal concordance: [SINGLE_MODALITY]. Safety Net Override: Elevated risk patient with incomplete modality coverage (Missing: ['DL', 'NLP']). Clinician review recommended. Final assigned risk is [HIGH]."
TCGA-GN-A264,0.0041,LOW,LOW,0.6414,SINGLE_MODALITY,['ML'],"['DL', 'NLP']",MODERATE,,,SINGLE_MODALITY,False,No active safety alerts.,0,[],[],[],Patient TCGA-GN-A264 evaluated under evidence level [SINGLE_MODALITY]. Synthesized integrated score is 0.0041 yielding raw risk class [LOW]. Contributions (ML: 0.0041 risk weight). Cross-modal concordance: [SINGLE_MODALITY]. No active safety escalations triggered. Final assigned risk is [LOW].
TCGA-ER-A195,0.0001,LOW,LOW,0.646,SINGLE_MODALITY,['ML'],"['DL', 'NLP']",LOW,,,SINGLE_MODALITY,False,No active safety alerts.,0,[],[],[],Patient TCGA-ER-A195 evaluated under evidence level [SINGLE_MODALITY]. Synthesized integrated score is 0.0001 yielding raw risk class [LOW]. Contributions (ML: 0.0001 risk weight). Cross-modal concordance: [SINGLE_MODALITY]. No active safety escalations triggered. Final assigned risk is [LOW].
TCGA-78-7145,0.9987,HIGH,HIGH,0.6492,SINGLE_MODALITY,['ML'],"['DL', 'NLP']",HIGH,,,SINGLE_MODALITY,True,"Elevated risk patient with incomplete modality coverage (Missing: ['DL', 'NLP']). Clinician review recommended.",0,[],[],[],"Patient TCGA-78-7145 evaluated under evidence level [SINGLE_MODALITY]. Synthesized integrated score is 0.9987 yielding raw risk class [HIGH]. Contributions (ML: 0.9987 risk weight). Cross-modal concordance: [SINGLE_MODALITY]. Safety Net Override: Elevated risk patient with incomplete modality coverage (Missing: ['DL', 'NLP']). Clinician review recommended. Final assigned risk is [HIGH]."
TCGA-AA-3869,0.9988,HIGH,HIGH,0.6492,SINGLE_MODALITY,['ML'],"['DL', 'NLP']",HIGH,,,SINGLE_MODALITY,True,"Elevated risk patient with incomplete modality coverage (Missing: ['DL', 'NLP']). Clinician review recommended.",0,[],[],[],"Patient TCGA-AA-3869 evaluated under evidence level [SINGLE_MODALITY]. Synthesized integrated score is 0.9988 yielding raw risk class [HIGH]. Contributions (ML: 0.9988 risk weight). Cross-modal concordance: [SINGLE_MODALITY]. Safety Net Override: Elevated risk patient with incomplete modality coverage (Missing: ['DL', 'NLP']). Clinician review recommended. Final assigned risk is [HIGH]."
TCGA-BH-A0DS,0.9951,HIGH,HIGH,0.6468,SINGLE_MODALITY,['ML'],"['DL', 'NLP']",HIGH,,,SINGLE_MODALITY,True,"Elevated risk patient with incomplete modality coverage (Missing: ['DL', 'NLP']). Clinician review recommended.",0,[],[],[],"Patient TCGA-BH-A0DS evaluated under evidence level [SINGLE_MODALITY]. Synthesized integrated score is 0.9951 yielding raw risk class [HIGH]. Contributions (ML: 0.9951 risk weight). Cross-modal concordance: [SINGLE_MODALITY]. Safety Net Override: Elevated risk patient with incomplete modality coverage (Missing: ['DL', 'NLP']). Clinician review recommended. Final assigned risk is [HIGH]."
TCGA-HI-7171,0.0001,LOW,LOW,0.6473,SINGLE_MODALITY,['ML'],"['DL', 'NLP']",LOW,,,SINGLE_MODALITY,False,No active safety alerts.,0,[],[],[],Patient TCGA-HI-7171 evaluated under evidence level [SINGLE_MODALITY]. Synthesized integrated score is 0.0001 yielding raw risk class [LOW]. Contributions (ML: 0.0001 risk weight). Cross-modal concordance: [SINGLE_MODALITY]. No active safety escalations triggered. Final assigned risk is [LOW].
TCGA-A2-A0T4,0.0021,LOW,LOW,0.645,SINGLE_MODALITY,['ML'],"['DL', 'NLP']",MODERATE,,,SINGLE_MODALITY,False,No active safety alerts.,0,[],[],[],Patient TCGA-A2-A0T4 evaluated under evidence level [SINGLE_MODALITY]. Synthesized integrated score is 0.0021 yielding raw risk class [LOW]. Contributions (ML: 0.0021 risk weight). Cross-modal concordance: [SINGLE_MODALITY]. No active safety escalations triggered. Final assigned risk is [LOW].
TCGA-77-6844,0.9868,HIGH,HIGH,0.6414,SINGLE_MODALITY,['ML'],"['DL', 'NLP']",HIGH,,,SINGLE_MODALITY,True,"Elevated risk patient with incomplete modality coverage (Missing: ['DL', 'NLP']). Clinician review recommended.",0,[],[],[],"Patient TCGA-77-6844 evaluated under evidence level [SINGLE_MODALITY]. Synthesized integrated score is 0.9868 yielding raw risk class [HIGH]. Contributions (ML: 0.9868 risk weight). Cross-modal concordance: [SINGLE_MODALITY]. Safety Net Override: Elevated risk patient with incomplete modality coverage (Missing: ['DL', 'NLP']). Clinician review recommended. Final assigned risk is [HIGH]."
TCGA-24-2019,0.0058,LOW,LOW,0.646,SINGLE_MODALITY,['ML'],"['DL', 'NLP']",MODERATE,,,SINGLE_MODALITY,False,No active safety alerts.,0,[],[],[],Patient TCGA-24-2019 evaluated under evidence level [SINGLE_MODALITY]. Synthesized integrated score is 0.0058 yielding raw risk class [LOW]. Contributions (ML: 0.0058 risk weight). Cross-modal concordance: [SINGLE_MODALITY]. No active safety escalations triggered. Final assigned risk is [LOW].
TCGA-B6-A0RU,0.0003,LOW,LOW,0.6338,SINGLE_MODALITY,['ML'],"['DL', 'NLP']",LOW,,,SINGLE_MODALITY,False,No active safety alerts.,0,[],[],[],Patient TCGA-B6-A0RU evaluated under evidence level [SINGLE_MODALITY]. Synthesized integrated score is 0.0003 yielding raw risk class [LOW]. Contributions (ML: 0.0003 risk weight). Cross-modal concordance: [SINGLE_MODALITY]. No active safety escalations triggered. Final assigned risk is [LOW].
TCGA-EB-A24C,0.0035,LOW,LOW,0.6433,SINGLE_MODALITY,['ML'],"['DL', 'NLP']",MODERATE,,,SINGLE_MODALITY,False,No active safety alerts.,0,[],[],[],Patient TCGA-EB-A24C evaluated under evidence level [SINGLE_MODALITY]. Synthesized integrated score is 0.0035 yielding raw risk class [LOW]. Contributions (ML: 0.0035 risk weight). Cross-modal concordance: [SINGLE_MODALITY]. No active safety escalations triggered. Final assigned risk is [LOW].
TCGA-XV-AB01,0.0131,LOW,LOW,0.6412,SINGLE_MODALITY,['ML'],"['DL', 'NLP']",MODERATE,,,SINGLE_MODALITY,False,No active safety alerts.,0,[],[],[],Patient TCGA-XV-AB01 evaluated under evidence level [SINGLE_MODALITY]. Synthesized integrated score is 0.0131 yielding raw risk class [LOW]. Contributions (ML: 0.0131 risk weight). Cross-modal concordance: [SINGLE_MODALITY]. No active safety escalations triggered. Final assigned risk is [LOW].
TCGA-CV-6956,0.9916,HIGH,HIGH,0.6445,SINGLE_MODALITY,['ML'],"['DL', 'NLP']",HIGH,,,SINGLE_MODALITY,True,"Elevated risk patient with incomplete modality coverage (Missing: ['DL', 'NLP']). Clinician review recommended.",0,[],[],[],"Patient TCGA-CV-6956 evaluated under evidence level [SINGLE_MODALITY]. Synthesized integrated score is 0.9916 yielding raw risk class [HIGH]. Contributions (ML: 0.9916 risk weight). Cross-modal concordance: [SINGLE_MODALITY]. Safety Net Override: Elevated risk patient with incomplete modality coverage (Missing: ['DL', 'NLP']). Clinician review recommended. Final assigned risk is [HIGH]."
TCGA-AA-3939,0.0148,LOW,LOW,0.6401,SINGLE_MODALITY,['ML'],"['DL', 'NLP']",MODERATE,,,SINGLE_MODALITY,False,No active safety alerts.,0,[],[],[],Patient TCGA-AA-3939 evaluated under evidence level [SINGLE_MODALITY]. Synthesized integrated score is 0.0148 yielding raw risk class [LOW]. Contributions (ML: 0.0148 risk weight). Cross-modal concordance: [SINGLE_MODALITY]. No active safety escalations triggered. Final assigned risk is [LOW].
TCGA-EJ-7321,0.0001,LOW,LOW,0.6462,SINGLE_MODALITY,['ML'],"['DL', 'NLP']",LOW,,,SINGLE_MODALITY,False,No active safety alerts.,0,[],[],[],Patient TCGA-EJ-7321 evaluated under evidence level [SINGLE_MODALITY]. Synthesized integrated score is 0.0001 yielding raw risk class [LOW]. Contributions (ML: 0.0001 risk weight). Cross-modal concordance: [SINGLE_MODALITY]. No active safety escalations triggered. Final assigned risk is [LOW].
TCGA-56-7222,0.0002,LOW,LOW,0.6395,SINGLE_MODALITY,['ML'],"['DL', 'NLP']",LOW,,,SINGLE_MODALITY,False,No active safety alerts.,0,[],[],[],Patient TCGA-56-7222 evaluated under evidence level [SINGLE_MODALITY]. Synthesized integrated score is 0.0002 yielding raw risk class [LOW]. Contributions (ML: 0.0002 risk weight). Cross-modal concordance: [SINGLE_MODALITY]. No active safety escalations triggered. Final assigned risk is [LOW].
TCGA-CV-5970,0.9985,HIGH,HIGH,0.649,SINGLE_MODALITY,['ML'],"['DL', 'NLP']",HIGH,,,SINGLE_MODALITY,True,"Elevated risk patient with incomplete modality coverage (Missing: ['DL', 'NLP']). Clinician review recommended.",0,[],[],[],"Patient TCGA-CV-5970 evaluated under evidence level [SINGLE_MODALITY]. Synthesized integrated score is 0.9985 yielding raw risk class [HIGH]. Contributions (ML: 0.9985 risk weight). Cross-modal concordance: [SINGLE_MODALITY]. Safety Net Override: Elevated risk patient with incomplete modality coverage (Missing: ['DL', 'NLP']). Clinician review recommended. Final assigned risk is [HIGH]."
TCGA-DK-AA6T,0.9992,HIGH,HIGH,0.6495,SINGLE_MODALITY,['ML'],"['DL', 'NLP']",HIGH,,,SINGLE_MODALITY,True,"Elevated risk patient with incomplete modality coverage (Missing: ['DL', 'NLP']). Clinician review recommended.",0,[],[],[],"Patient TCGA-DK-AA6T evaluated under evidence level [SINGLE_MODALITY]. Synthesized integrated score is 0.9992 yielding raw risk class [HIGH]. Contributions (ML: 0.9992 risk weight). Cross-modal concordance: [SINGLE_MODALITY]. Safety Net Override: Elevated risk patient with incomplete modality coverage (Missing: ['DL', 'NLP']). Clinician review recommended. Final assigned risk is [HIGH]."
TCGA-BH-A0BR,0.0266,LOW,LOW,0.4438,SINGLE_MODALITY,['ML'],"['DL', 'NLP']",MODERATE,,,SINGLE_MODALITY,False,No active safety alerts.,0,[],[],[],Patient TCGA-BH-A0BR evaluated under evidence level [SINGLE_MODALITY]. Synthesized integrated score is 0.0266 yielding raw risk class [LOW]. Contributions (ML: 0.0266 risk weight). Cross-modal concordance: [SINGLE_MODALITY]. No active safety escalations triggered. Final assigned risk is [LOW].
TCGA-75-7027,0.0001,LOW,LOW,0.6434,SINGLE_MODALITY,['ML'],"['DL', 'NLP']",LOW,,,SINGLE_MODALITY,False,No active safety alerts.,0,[],[],[],Patient TCGA-75-7027 evaluated under evidence level [SINGLE_MODALITY]. Synthesized integrated score is 0.0001 yielding raw risk class [LOW]. Contributions (ML: 0.0001 risk weight). Cross-modal concordance: [SINGLE_MODALITY]. No active safety escalations triggered. Final assigned risk is [LOW].
TCGA-FD-A3B8,0.0001,LOW,LOW,0.6469,SINGLE_MODALITY,['ML'],"['DL', 'NLP']",LOW,,,SINGLE_MODALITY,False,No active safety alerts.,0,[],[],[],Patient TCGA-FD-A3B8 evaluated under evidence level [SINGLE_MODALITY]. Synthesized integrated score is 0.0001 yielding raw risk class [LOW]. Contributions (ML: 0.0001 risk weight). Cross-modal concordance: [SINGLE_MODALITY]. No active safety escalations triggered. Final assigned risk is [LOW].
TCGA-33-AASD,0.0176,LOW,LOW,0.634,SINGLE_MODALITY,['ML'],"['DL', 'NLP']",MODERATE,,,SINGLE_MODALITY,False,No active safety alerts.,0,[],[],[],Patient TCGA-33-AASD evaluated under evidence level [SINGLE_MODALITY]. Synthesized integrated score is 0.0176 yielding raw risk class [LOW]. Contributions (ML: 0.0176 risk weight). Cross-modal concordance: [SINGLE_MODALITY]. No active safety escalations triggered. Final assigned risk is [LOW].
TCGA-BA-A4IF,0.0411,LOW,LOW,0.6226,SINGLE_MODALITY,['ML'],"['DL', 'NLP']",MODERATE,,,SINGLE_MODALITY,False,No active safety alerts.,0,[],[],[],Patient TCGA-BA-A4IF evaluated under evidence level [SINGLE_MODALITY]. Synthesized integrated score is 0.0411 yielding raw risk class [LOW]. Contributions (ML: 0.0411 risk weight). Cross-modal concordance: [SINGLE_MODALITY]. No active safety escalations triggered. Final assigned risk is [LOW].
TCGA-CJ-5681,0.9997,HIGH,HIGH,0.6498,SINGLE_MODALITY,['ML'],"['DL', 'NLP']",HIGH,,,SINGLE_MODALITY,True,"Elevated risk patient with incomplete modality coverage (Missing: ['DL', 'NLP']). Clinician review recommended.",0,[],[],[],"Patient TCGA-CJ-5681 evaluated under evidence level [SINGLE_MODALITY]. Synthesized integrated score is 0.9997 yielding raw risk class [HIGH]. Contributions (ML: 0.9997 risk weight). Cross-modal concordance: [SINGLE_MODALITY]. Safety Net Override: Elevated risk patient with incomplete modality coverage (Missing: ['DL', 'NLP']). Clinician review recommended. Final assigned risk is [HIGH]."
TCGA-HC-7077,0.0032,LOW,LOW,0.6429,SINGLE_MODALITY,['ML'],"['DL', 'NLP']",MODERATE,,,SINGLE_MODALITY,False,No active safety alerts.,0,[],[],[],Patient TCGA-HC-7077 evaluated under evidence level [SINGLE_MODALITY]. Synthesized integrated score is 0.0032 yielding raw risk class [LOW]. Contributions (ML: 0.0032 risk weight). Cross-modal concordance: [SINGLE_MODALITY]. No active safety escalations triggered. Final assigned risk is [LOW].
TCGA-HC-A8D0,0.0001,LOW,LOW,0.6468,SINGLE_MODALITY,['ML'],"['DL', 'NLP']",LOW,,,SINGLE_MODALITY,False,No active safety alerts.,0,[],[],[],Patient TCGA-HC-A8D0 evaluated under evidence level [SINGLE_MODALITY]. Synthesized integrated score is 0.0001 yielding raw risk class [LOW]. Contributions (ML: 0.0001 risk weight). Cross-modal concordance: [SINGLE_MODALITY]. No active safety escalations triggered. Final assigned risk is [LOW].
TCGA-DD-A1ED,0.0049,LOW,LOW,0.6228,SINGLE_MODALITY,['ML'],"['DL', 'NLP']",MODERATE,,,SINGLE_MODALITY,False,No active safety alerts.,0,[],[],[],Patient TCGA-DD-A1ED evaluated under evidence level [SINGLE_MODALITY]. Synthesized integrated score is 0.0049 yielding raw risk class [LOW]. Contributions (ML: 0.0049 risk weight). Cross-modal concordance: [SINGLE_MODALITY]. No active safety escalations triggered. Final assigned risk is [LOW].
TCGA-AY-6197,0.0018,LOW,LOW,0.6471,SINGLE_MODALITY,['ML'],"['DL', 'NLP']",MODERATE,,,SINGLE_MODALITY,False,No active safety alerts.,0,[],[],[],Patient TCGA-AY-6197 evaluated under evidence level [SINGLE_MODALITY]. Synthesized integrated score is 0.0018 yielding raw risk class [LOW]. Contributions (ML: 0.0018 risk weight). Cross-modal concordance: [SINGLE_MODALITY]. No active safety escalations triggered. Final assigned risk is [LOW].
TCGA-D6-A6EQ,0.9995,HIGH,HIGH,0.6497,SINGLE_MODALITY,['ML'],"['DL', 'NLP']",HIGH,,,SINGLE_MODALITY,True,"Elevated risk patient with incomplete modality coverage (Missing: ['DL', 'NLP']). Clinician review recommended.",0,[],[],[],"Patient TCGA-D6-A6EQ evaluated under evidence level [SINGLE_MODALITY]. Synthesized integrated score is 0.9995 yielding raw risk class [HIGH]. Contributions (ML: 0.9995 risk weight). Cross-modal concordance: [SINGLE_MODALITY]. Safety Net Override: Elevated risk patient with incomplete modality coverage (Missing: ['DL', 'NLP']). Clinician review recommended. Final assigned risk is [HIGH]."
TCGA-13-1492,0.0026,LOW,LOW,0.6451,SINGLE_MODALITY,['ML'],"['DL', 'NLP']",MODERATE,,,SINGLE_MODALITY,False,No active safety alerts.,0,[],[],[],Patient TCGA-13-1492 evaluated under evidence level [SINGLE_MODALITY]. Synthesized integrated score is 0.0026 yielding raw risk class [LOW]. Contributions (ML: 0.0026 risk weight). Cross-modal concordance: [SINGLE_MODALITY]. No active safety escalations triggered. Final assigned risk is [LOW].
TCGA-77-8144,0.0002,LOW,LOW,0.6382,SINGLE_MODALITY,['ML'],"['DL', 'NLP']",LOW,,,SINGLE_MODALITY,False,No active safety alerts.,0,[],[],[],Patient TCGA-77-8144 evaluated under evidence level [SINGLE_MODALITY]. Synthesized integrated score is 0.0002 yielding raw risk class [LOW]. Contributions (ML: 0.0002 risk weight). Cross-modal concordance: [SINGLE_MODALITY]. No active safety escalations triggered. Final assigned risk is [LOW].
TCGA-64-5774,0.0001,LOW,LOW,0.6437,SINGLE_MODALITY,['ML'],"['DL', 'NLP']",LOW,,,SINGLE_MODALITY,False,No active safety alerts.,0,[],[],[],Patient TCGA-64-5774 evaluated under evidence level [SINGLE_MODALITY]. Synthesized integrated score is 0.0001 yielding raw risk class [LOW]. Contributions (ML: 0.0001 risk weight). Cross-modal concordance: [SINGLE_MODALITY]. No active safety escalations triggered. Final assigned risk is [LOW].
TCGA-EE-A2MK,0.9938,HIGH,HIGH,0.646,SINGLE_MODALITY,['ML'],"['DL', 'NLP']",HIGH,,,SINGLE_MODALITY,True,"Elevated risk patient with incomplete modality coverage (Missing: ['DL', 'NLP']). Clinician review recommended.",0,[],[],[],"Patient TCGA-EE-A2MK evaluated under evidence level [SINGLE_MODALITY]. Synthesized integrated score is 0.9938 yielding raw risk class [HIGH]. Contributions (ML: 0.9938 risk weight). Cross-modal concordance: [SINGLE_MODALITY]. Safety Net Override: Elevated risk patient with incomplete modality coverage (Missing: ['DL', 'NLP']). Clinician review recommended. Final assigned risk is [HIGH]."
TCGA-DD-A39V,0.0001,LOW,LOW,0.647,SINGLE_MODALITY,['ML'],"['DL', 'NLP']",LOW,,,SINGLE_MODALITY,False,No active safety alerts.,0,[],[],[],Patient TCGA-DD-A39V evaluated under evidence level [SINGLE_MODALITY]. Synthesized integrated score is 0.0001 yielding raw risk class [LOW]. Contributions (ML: 0.0001 risk weight). Cross-modal concordance: [SINGLE_MODALITY]. No active safety escalations triggered. Final assigned risk is [LOW].
TCGA-EJ-5516,0.0001,LOW,LOW,0.643,SINGLE_MODALITY,['ML'],"['DL', 'NLP']",LOW,,,SINGLE_MODALITY,False,No active safety alerts.,0,[],[],[],Patient TCGA-EJ-5516 evaluated under evidence level [SINGLE_MODALITY]. Synthesized integrated score is 0.0001 yielding raw risk class [LOW]. Contributions (ML: 0.0001 risk weight). Cross-modal concordance: [SINGLE_MODALITY]. No active safety escalations triggered. Final assigned risk is [LOW].
TCGA-61-2087,0.0001,LOW,LOW,0.6455,SINGLE_MODALITY,['ML'],"['DL', 'NLP']",LOW,,,SINGLE_MODALITY,False,No active safety alerts.,0,[],[],[],Patient TCGA-61-2087 evaluated under evidence level [SINGLE_MODALITY]. Synthesized integrated score is 0.0001 yielding raw risk class [LOW]. Contributions (ML: 0.0001 risk weight). Cross-modal concordance: [SINGLE_MODALITY]. No active safety escalations triggered. Final assigned risk is [LOW].
TCGA-CV-7243,0.9978,HIGH,HIGH,0.6486,SINGLE_MODALITY,['ML'],"['DL', 'NLP']",HIGH,,,SINGLE_MODALITY,True,"Elevated risk patient with incomplete modality coverage (Missing: ['DL', 'NLP']). Clinician review recommended.",0,[],[],[],"Patient TCGA-CV-7243 evaluated under evidence level [SINGLE_MODALITY]. Synthesized integrated score is 0.9978 yielding raw risk class [HIGH]. Contributions (ML: 0.9978 risk weight). Cross-modal concordance: [SINGLE_MODALITY]. Safety Net Override: Elevated risk patient with incomplete modality coverage (Missing: ['DL', 'NLP']). Clinician review recommended. Final assigned risk is [HIGH]."
TCGA-HD-8314,0.9951,HIGH,HIGH,0.6468,SINGLE_MODALITY,['ML'],"['DL', 'NLP']",HIGH,,,SINGLE_MODALITY,True,"Elevated risk patient with incomplete modality coverage (Missing: ['DL', 'NLP']). Clinician review recommended.",0,[],[],[],"Patient TCGA-HD-8314 evaluated under evidence level [SINGLE_MODALITY]. Synthesized integrated score is 0.9951 yielding raw risk class [HIGH]. Contributions (ML: 0.9951 risk weight). Cross-modal concordance: [SINGLE_MODALITY]. Safety Net Override: Elevated risk patient with incomplete modality coverage (Missing: ['DL', 'NLP']). Clinician review recommended. Final assigned risk is [HIGH]."
TCGA-13-2071,0.0286,LOW,LOW,0.6308,SINGLE_MODALITY,['ML'],"['DL', 'NLP']",MODERATE,,,SINGLE_MODALITY,False,No active safety alerts.,0,[],[],[],Patient TCGA-13-2071 evaluated under evidence level [SINGLE_MODALITY]. Synthesized integrated score is 0.0286 yielding raw risk class [LOW]. Contributions (ML: 0.0286 risk weight). Cross-modal concordance: [SINGLE_MODALITY]. No active safety escalations triggered. Final assigned risk is [LOW].
TCGA-G9-6362,0.0001,LOW,LOW,0.6466,SINGLE_MODALITY,['ML'],"['DL', 'NLP']",LOW,,,SINGLE_MODALITY,False,No active safety alerts.,0,[],[],[],Patient TCGA-G9-6362 evaluated under evidence level [SINGLE_MODALITY]. Synthesized integrated score is 0.0001 yielding raw risk class [LOW]. Contributions (ML: 0.0001 risk weight). Cross-modal concordance: [SINGLE_MODALITY]. No active safety escalations triggered. Final assigned risk is [LOW].
TCGA-55-A48X,0.0017,LOW,LOW,0.6442,SINGLE_MODALITY,['ML'],"['DL', 'NLP']",MODERATE,,,SINGLE_MODALITY,False,No active safety alerts.,0,[],[],[],Patient TCGA-55-A48X evaluated under evidence level [SINGLE_MODALITY]. Synthesized integrated score is 0.0017 yielding raw risk class [LOW]. Contributions (ML: 0.0017 risk weight). Cross-modal concordance: [SINGLE_MODALITY]. No active safety escalations triggered. Final assigned risk is [LOW].
TCGA-DK-A3IT,0.9915,HIGH,HIGH,0.6445,SINGLE_MODALITY,['ML'],"['DL', 'NLP']",HIGH,,,SINGLE_MODALITY,True,"Elevated risk patient with incomplete modality coverage (Missing: ['DL', 'NLP']). Clinician review recommended.",0,[],[],[],"Patient TCGA-DK-A3IT evaluated under evidence level [SINGLE_MODALITY]. Synthesized integrated score is 0.9915 yielding raw risk class [HIGH]. Contributions (ML: 0.9915 risk weight). Cross-modal concordance: [SINGLE_MODALITY]. Safety Net Override: Elevated risk patient with incomplete modality coverage (Missing: ['DL', 'NLP']). Clinician review recommended. Final assigned risk is [HIGH]."
TCGA-V1-A9OA,0.0017,LOW,LOW,0.6471,SINGLE_MODALITY,['ML'],"['DL', 'NLP']",MODERATE,,,SINGLE_MODALITY,False,No active safety alerts.,0,[],[],[],Patient TCGA-V1-A9OA evaluated under evidence level [SINGLE_MODALITY]. Synthesized integrated score is 0.0017 yielding raw risk class [LOW]. Contributions (ML: 0.0017 risk weight). Cross-modal concordance: [SINGLE_MODALITY]. No active safety escalations triggered. Final assigned risk is [LOW].
TCGA-D3-A51R,0.0011,LOW,LOW,0.6471,SINGLE_MODALITY,['ML'],"['DL', 'NLP']",MODERATE,,,SINGLE_MODALITY,False,No active safety alerts.,0,[],[],[],Patient TCGA-D3-A51R evaluated under evidence level [SINGLE_MODALITY]. Synthesized integrated score is 0.0011 yielding raw risk class [LOW]. Contributions (ML: 0.0011 risk weight). Cross-modal concordance: [SINGLE_MODALITY]. No active safety escalations triggered. Final assigned risk is [LOW].
TCGA-XF-AAMG,0.9995,HIGH,HIGH,0.6497,SINGLE_MODALITY,['ML'],"['DL', 'NLP']",HIGH,,,SINGLE_MODALITY,True,"Elevated risk patient with incomplete modality coverage (Missing: ['DL', 'NLP']). Clinician review recommended.",0,[],[],[],"Patient TCGA-XF-AAMG evaluated under evidence level [SINGLE_MODALITY]. Synthesized integrated score is 0.9995 yielding raw risk class [HIGH]. Contributions (ML: 0.9995 risk weight). Cross-modal concordance: [SINGLE_MODALITY]. Safety Net Override: Elevated risk patient with incomplete modality coverage (Missing: ['DL', 'NLP']). Clinician review recommended. Final assigned risk is [HIGH]."
TCGA-AR-A0TY,0.0001,LOW,LOW,0.6416,SINGLE_MODALITY,['ML'],"['DL', 'NLP']",LOW,,,SINGLE_MODALITY,False,No active safety alerts.,0,[],[],[],Patient TCGA-AR-A0TY evaluated under evidence level [SINGLE_MODALITY]. Synthesized integrated score is 0.0001 yielding raw risk class [LOW]. Contributions (ML: 0.0001 risk weight). Cross-modal concordance: [SINGLE_MODALITY]. No active safety escalations triggered. Final assigned risk is [LOW].
TCGA-E2-A570,0.0,LOW,LOW,0.6497,SINGLE_MODALITY,['ML'],"['DL', 'NLP']",LOW,,,SINGLE_MODALITY,False,No active safety alerts.,0,[],[],[],Patient TCGA-E2-A570 evaluated under evidence level [SINGLE_MODALITY]. Synthesized integrated score is 0.0000 yielding raw risk class [LOW]. Contributions (ML: 0.0000 risk weight). Cross-modal concordance: [SINGLE_MODALITY]. No active safety escalations triggered. Final assigned risk is [LOW].
TCGA-A6-6654,0.999,HIGH,HIGH,0.6493,SINGLE_MODALITY,['ML'],"['DL', 'NLP']",HIGH,,,SINGLE_MODALITY,True,"Elevated risk patient with incomplete modality coverage (Missing: ['DL', 'NLP']). Clinician review recommended.",0,[],[],[],"Patient TCGA-A6-6654 evaluated under evidence level [SINGLE_MODALITY]. Synthesized integrated score is 0.9990 yielding raw risk class [HIGH]. Contributions (ML: 0.9990 risk weight). Cross-modal concordance: [SINGLE_MODALITY]. Safety Net Override: Elevated risk patient with incomplete modality coverage (Missing: ['DL', 'NLP']). Clinician review recommended. Final assigned risk is [HIGH]."
TCGA-2Y-A9H7,0.0032,LOW,LOW,0.6164,SINGLE_MODALITY,['ML'],"['DL', 'NLP']",MODERATE,,,SINGLE_MODALITY,False,No active safety alerts.,0,[],[],[],Patient TCGA-2Y-A9H7 evaluated under evidence level [SINGLE_MODALITY]. Synthesized integrated score is 0.0032 yielding raw risk class [LOW]. Contributions (ML: 0.0032 risk weight). Cross-modal concordance: [SINGLE_MODALITY]. No active safety escalations triggered. Final assigned risk is [LOW].
TCGA-HD-A4C1,0.9985,HIGH,HIGH,0.649,SINGLE_MODALITY,['ML'],"['DL', 'NLP']",HIGH,,,SINGLE_MODALITY,True,"Elevated risk patient with incomplete modality coverage (Missing: ['DL', 'NLP']). Clinician review recommended.",0,[],[],[],"Patient TCGA-HD-A4C1 evaluated under evidence level [SINGLE_MODALITY]. Synthesized integrated score is 0.9985 yielding raw risk class [HIGH]. Contributions (ML: 0.9985 risk weight). Cross-modal concordance: [SINGLE_MODALITY]. Safety Net Override: Elevated risk patient with incomplete modality coverage (Missing: ['DL', 'NLP']). Clinician review recommended. Final assigned risk is [HIGH]."
TCGA-AA-3947,0.0001,LOW,LOW,0.6465,SINGLE_MODALITY,['ML'],"['DL', 'NLP']",LOW,,,SINGLE_MODALITY,False,No active safety alerts.,0,[],[],[],Patient TCGA-AA-3947 evaluated under evidence level [SINGLE_MODALITY]. Synthesized integrated score is 0.0001 yielding raw risk class [LOW]. Contributions (ML: 0.0001 risk weight). Cross-modal concordance: [SINGLE_MODALITY]. No active safety escalations triggered. Final assigned risk is [LOW].
TCGA-DK-A1AA,0.9978,HIGH,HIGH,0.6486,SINGLE_MODALITY,['ML'],"['DL', 'NLP']",HIGH,,,SINGLE_MODALITY,True,"Elevated risk patient with incomplete modality coverage (Missing: ['DL', 'NLP']). Clinician review recommended.",0,[],[],[],"Patient TCGA-DK-A1AA evaluated under evidence level [SINGLE_MODALITY]. Synthesized integrated score is 0.9978 yielding raw risk class [HIGH]. Contributions (ML: 0.9978 risk weight). Cross-modal concordance: [SINGLE_MODALITY]. Safety Net Override: Elevated risk patient with incomplete modality coverage (Missing: ['DL', 'NLP']). Clinician review recommended. Final assigned risk is [HIGH]."
TCGA-HC-7820,0.0025,LOW,LOW,0.6438,SINGLE_MODALITY,['ML'],"['DL', 'NLP']",MODERATE,,,SINGLE_MODALITY,False,No active safety alerts.,0,[],[],[],Patient TCGA-HC-7820 evaluated under evidence level [SINGLE_MODALITY]. Synthesized integrated score is 0.0025 yielding raw risk class [LOW]. Contributions (ML: 0.0025 risk weight). Cross-modal concordance: [SINGLE_MODALITY]. No active safety escalations triggered. Final assigned risk is [LOW].
TCGA-CF-A47T,0.0011,LOW,LOW,0.6471,SINGLE_MODALITY,['ML'],"['DL', 'NLP']",MODERATE,,,SINGLE_MODALITY,False,No active safety alerts.,0,[],[],[],Patient TCGA-CF-A47T evaluated under evidence level [SINGLE_MODALITY]. Synthesized integrated score is 0.0011 yielding raw risk class [LOW]. Contributions (ML: 0.0011 risk weight). Cross-modal concordance: [SINGLE_MODALITY]. No active safety escalations triggered. Final assigned risk is [LOW].
TCGA-PZ-A5RE,0.0024,LOW,LOW,0.6468,SINGLE_MODALITY,['ML'],"['DL', 'NLP']",MODERATE,,,SINGLE_MODALITY,False,No active safety alerts.,0,[],[],[],Patient TCGA-PZ-A5RE evaluated under evidence level [SINGLE_MODALITY]. Synthesized integrated score is 0.0024 yielding raw risk class [LOW]. Contributions (ML: 0.0024 risk weight). Cross-modal concordance: [SINGLE_MODALITY]. No active safety escalations triggered. Final assigned risk is [LOW].
TCGA-DD-AAEH,0.0,LOW,LOW,0.6498,SINGLE_MODALITY,['ML'],"['DL', 'NLP']",LOW,,,SINGLE_MODALITY,False,No active safety alerts.,0,[],[],[],Patient TCGA-DD-AAEH evaluated under evidence level [SINGLE_MODALITY]. Synthesized integrated score is 0.0000 yielding raw risk class [LOW]. Contributions (ML: 0.0000 risk weight). Cross-modal concordance: [SINGLE_MODALITY]. No active safety escalations triggered. Final assigned risk is [LOW].
TCGA-BP-4965,0.0,LOW,LOW,0.6497,SINGLE_MODALITY,['ML'],"['DL', 'NLP']",LOW,,,SINGLE_MODALITY,False,No active safety alerts.,0,[],[],[],Patient TCGA-BP-4965 evaluated under evidence level [SINGLE_MODALITY]. Synthesized integrated score is 0.0000 yielding raw risk class [LOW]. Contributions (ML: 0.0000 risk weight). Cross-modal concordance: [SINGLE_MODALITY]. No active safety escalations triggered. Final assigned risk is [LOW].
TCGA-QA-A7B7,0.0021,LOW,LOW,0.6453,SINGLE_MODALITY,['ML'],"['DL', 'NLP']",MODERATE,,,SINGLE_MODALITY,False,No active safety alerts.,0,[],[],[],Patient TCGA-QA-A7B7 evaluated under evidence level [SINGLE_MODALITY]. Synthesized integrated score is 0.0021 yielding raw risk class [LOW]. Contributions (ML: 0.0021 risk weight). Cross-modal concordance: [SINGLE_MODALITY]. No active safety escalations triggered. Final assigned risk is [LOW].
TCGA-IB-7646,0.011,LOW,LOW,0.6426,SINGLE_MODALITY,['ML'],"['DL', 'NLP']",MODERATE,,,SINGLE_MODALITY,False,No active safety alerts.,0,[],[],[],Patient TCGA-IB-7646 evaluated under evidence level [SINGLE_MODALITY]. Synthesized integrated score is 0.0110 yielding raw risk class [LOW]. Contributions (ML: 0.0110 risk weight). Cross-modal concordance: [SINGLE_MODALITY]. No active safety escalations triggered. Final assigned risk is [LOW].
TCGA-BH-A0DT,0.0001,LOW,LOW,0.6467,SINGLE_MODALITY,['ML'],"['DL', 'NLP']",LOW,,,SINGLE_MODALITY,False,No active safety alerts.,0,[],[],[],Patient TCGA-BH-A0DT evaluated under evidence level [SINGLE_MODALITY]. Synthesized integrated score is 0.0001 yielding raw risk class [LOW]. Contributions (ML: 0.0001 risk weight). Cross-modal concordance: [SINGLE_MODALITY]. No active safety escalations triggered. Final assigned risk is [LOW].
TCGA-CA-5254,0.0006,LOW,LOW,0.6486,SINGLE_MODALITY,['ML'],"['DL', 'NLP']",MODERATE,,,SINGLE_MODALITY,False,No active safety alerts.,0,[],[],[],Patient TCGA-CA-5254 evaluated under evidence level [SINGLE_MODALITY]. Synthesized integrated score is 0.0006 yielding raw risk class [LOW]. Contributions (ML: 0.0006 risk weight). Cross-modal concordance: [SINGLE_MODALITY]. No active safety escalations triggered. Final assigned risk is [LOW].
TCGA-DD-A116,0.037,LOW,LOW,0.6139,SINGLE_MODALITY,['ML'],"['DL', 'NLP']",MODERATE,,,SINGLE_MODALITY,False,No active safety alerts.,0,[],[],[],Patient TCGA-DD-A116 evaluated under evidence level [SINGLE_MODALITY]. Synthesized integrated score is 0.0370 yielding raw risk class [LOW]. Contributions (ML: 0.0370 risk weight). Cross-modal concordance: [SINGLE_MODALITY]. No active safety escalations triggered. Final assigned risk is [LOW].
TCGA-E7-A4IJ,0.0087,LOW,LOW,0.6441,SINGLE_MODALITY,['ML'],"['DL', 'NLP']",MODERATE,,,SINGLE_MODALITY,False,No active safety alerts.,0,[],[],[],Patient TCGA-E7-A4IJ evaluated under evidence level [SINGLE_MODALITY]. Synthesized integrated score is 0.0087 yielding raw risk class [LOW]. Contributions (ML: 0.0087 risk weight). Cross-modal concordance: [SINGLE_MODALITY]. No active safety escalations triggered. Final assigned risk is [LOW].
TCGA-AR-A24P,0.0,LOW,LOW,0.6497,SINGLE_MODALITY,['ML'],"['DL', 'NLP']",LOW,,,SINGLE_MODALITY,False,No active safety alerts.,0,[],[],[],Patient TCGA-AR-A24P evaluated under evidence level [SINGLE_MODALITY]. Synthesized integrated score is 0.0000 yielding raw risk class [LOW]. Contributions (ML: 0.0000 risk weight). Cross-modal concordance: [SINGLE_MODALITY]. No active safety escalations triggered. Final assigned risk is [LOW].
TCGA-HI-7168,0.0021,LOW,LOW,0.6441,SINGLE_MODALITY,['ML'],"['DL', 'NLP']",MODERATE,,,SINGLE_MODALITY,False,No active safety alerts.,0,[],[],[],Patient TCGA-HI-7168 evaluated under evidence level [SINGLE_MODALITY]. Synthesized integrated score is 0.0021 yielding raw risk class [LOW]. Contributions (ML: 0.0021 risk weight). Cross-modal concordance: [SINGLE_MODALITY]. No active safety escalations triggered. Final assigned risk is [LOW].
TCGA-XF-A8HD,0.9998,HIGH,HIGH,0.6499,SINGLE_MODALITY,['ML'],"['DL', 'NLP']",HIGH,,,SINGLE_MODALITY,True,"Elevated risk patient with incomplete modality coverage (Missing: ['DL', 'NLP']). Clinician review recommended.",0,[],[],[],"Patient TCGA-XF-A8HD evaluated under evidence level [SINGLE_MODALITY]. Synthesized integrated score is 0.9998 yielding raw risk class [HIGH]. Contributions (ML: 0.9998 risk weight). Cross-modal concordance: [SINGLE_MODALITY]. Safety Net Override: Elevated risk patient with incomplete modality coverage (Missing: ['DL', 'NLP']). Clinician review recommended. Final assigned risk is [HIGH]."
TCGA-CC-A3MA,0.9954,HIGH,HIGH,0.647,SINGLE_MODALITY,['ML'],"['DL', 'NLP']",HIGH,,,SINGLE_MODALITY,True,"Elevated risk patient with incomplete modality coverage (Missing: ['DL', 'NLP']). Clinician review recommended.",0,[],[],[],"Patient TCGA-CC-A3MA evaluated under evidence level [SINGLE_MODALITY]. Synthesized integrated score is 0.9954 yielding raw risk class [HIGH]. Contributions (ML: 0.9954 risk weight). Cross-modal concordance: [SINGLE_MODALITY]. Safety Net Override: Elevated risk patient with incomplete modality coverage (Missing: ['DL', 'NLP']). Clinician review recommended. Final assigned risk is [HIGH]."
TCGA-34-A5IX,0.0017,LOW,LOW,0.6466,SINGLE_MODALITY,['ML'],"['DL', 'NLP']",MODERATE,,,SINGLE_MODALITY,False,No active safety alerts.,0,[],[],[],Patient TCGA-34-A5IX evaluated under evidence level [SINGLE_MODALITY]. Synthesized integrated score is 0.0017 yielding raw risk class [LOW]. Contributions (ML: 0.0017 risk weight). Cross-modal concordance: [SINGLE_MODALITY]. No active safety escalations triggered. Final assigned risk is [LOW].
TCGA-G9-6367,0.0001,LOW,LOW,0.6466,SINGLE_MODALITY,['ML'],"['DL', 'NLP']",LOW,,,SINGLE_MODALITY,False,No active safety alerts.,0,[],[],[],Patient TCGA-G9-6367 evaluated under evidence level [SINGLE_MODALITY]. Synthesized integrated score is 0.0001 yielding raw risk class [LOW]. Contributions (ML: 0.0001 risk weight). Cross-modal concordance: [SINGLE_MODALITY]. No active safety escalations triggered. Final assigned risk is [LOW].
TCGA-BF-A1PU,0.0001,LOW,LOW,0.6464,SINGLE_MODALITY,['ML'],"['DL', 'NLP']",LOW,,,SINGLE_MODALITY,False,No active safety alerts.,0,[],[],[],Patient TCGA-BF-A1PU evaluated under evidence level [SINGLE_MODALITY]. Synthesized integrated score is 0.0001 yielding raw risk class [LOW]. Contributions (ML: 0.0001 risk weight). Cross-modal concordance: [SINGLE_MODALITY]. No active safety escalations triggered. Final assigned risk is [LOW].
TCGA-A6-5665,0.0091,LOW,LOW,0.6439,SINGLE_MODALITY,['ML'],"['DL', 'NLP']",MODERATE,,,SINGLE_MODALITY,False,No active safety alerts.,0,[],[],[],Patient TCGA-A6-5665 evaluated under evidence level [SINGLE_MODALITY]. Synthesized integrated score is 0.0091 yielding raw risk class [LOW]. Contributions (ML: 0.0091 risk weight). Cross-modal concordance: [SINGLE_MODALITY]. No active safety escalations triggered. Final assigned risk is [LOW].
TCGA-17-Z014,0.0022,LOW,LOW,0.6464,SINGLE_MODALITY,['ML'],"['DL', 'NLP']",MODERATE,,,SINGLE_MODALITY,False,No active safety alerts.,0,[],[],[],Patient TCGA-17-Z014 evaluated under evidence level [SINGLE_MODALITY]. Synthesized integrated score is 0.0022 yielding raw risk class [LOW]. Contributions (ML: 0.0022 risk weight). Cross-modal concordance: [SINGLE_MODALITY]. No active safety escalations triggered. Final assigned risk is [LOW].
TCGA-A3-3325,0.0132,LOW,LOW,0.6402,SINGLE_MODALITY,['ML'],"['DL', 'NLP']",MODERATE,,,SINGLE_MODALITY,False,No active safety alerts.,0,[],[],[],Patient TCGA-A3-3325 evaluated under evidence level [SINGLE_MODALITY]. Synthesized integrated score is 0.0132 yielding raw risk class [LOW]. Contributions (ML: 0.0132 risk weight). Cross-modal concordance: [SINGLE_MODALITY]. No active safety escalations triggered. Final assigned risk is [LOW].
TCGA-DD-AAE8,0.0003,LOW,LOW,0.6242,SINGLE_MODALITY,['ML'],"['DL', 'NLP']",LOW,,,SINGLE_MODALITY,False,No active safety alerts.,0,[],[],[],Patient TCGA-DD-AAE8 evaluated under evidence level [SINGLE_MODALITY]. Synthesized integrated score is 0.0003 yielding raw risk class [LOW]. Contributions (ML: 0.0003 risk weight). Cross-modal concordance: [SINGLE_MODALITY]. No active safety escalations triggered. Final assigned risk is [LOW].
TCGA-F2-7273,0.0034,LOW,LOW,0.6442,SINGLE_MODALITY,['ML'],"['DL', 'NLP']",MODERATE,,,SINGLE_MODALITY,False,No active safety alerts.,0,[],[],[],Patient TCGA-F2-7273 evaluated under evidence level [SINGLE_MODALITY]. Synthesized integrated score is 0.0034 yielding raw risk class [LOW]. Contributions (ML: 0.0034 risk weight). Cross-modal concordance: [SINGLE_MODALITY]. No active safety escalations triggered. Final assigned risk is [LOW].
TCGA-HC-A4ZV,0.0001,LOW,LOW,0.6458,SINGLE_MODALITY,['ML'],"['DL', 'NLP']",LOW,,,SINGLE_MODALITY,False,No active safety alerts.,0,[],[],[],Patient TCGA-HC-A4ZV evaluated under evidence level [SINGLE_MODALITY]. Synthesized integrated score is 0.0001 yielding raw risk class [LOW]. Contributions (ML: 0.0001 risk weight). Cross-modal concordance: [SINGLE_MODALITY]. No active safety escalations triggered. Final assigned risk is [LOW].
TCGA-43-7658,0.0065,LOW,LOW,0.6453,SINGLE_MODALITY,['ML'],"['DL', 'NLP']",MODERATE,,,SINGLE_MODALITY,False,No active safety alerts.,0,[],[],[],Patient TCGA-43-7658 evaluated under evidence level [SINGLE_MODALITY]. Synthesized integrated score is 0.0065 yielding raw risk class [LOW]. Contributions (ML: 0.0065 risk weight). Cross-modal concordance: [SINGLE_MODALITY]. No active safety escalations triggered. Final assigned risk is [LOW].
TCGA-AC-A2QI,0.0278,LOW,LOW,0.6233,SINGLE_MODALITY,['ML'],"['DL', 'NLP']",MODERATE,,,SINGLE_MODALITY,False,No active safety alerts.,0,[],[],[],Patient TCGA-AC-A2QI evaluated under evidence level [SINGLE_MODALITY]. Synthesized integrated score is 0.0278 yielding raw risk class [LOW]. Contributions (ML: 0.0278 risk weight). Cross-modal concordance: [SINGLE_MODALITY]. No active safety escalations triggered. Final assigned risk is [LOW].
TCGA-CH-5768,0.0014,LOW,LOW,0.6455,SINGLE_MODALITY,['ML'],"['DL', 'NLP']",MODERATE,,,SINGLE_MODALITY,False,No active safety alerts.,0,[],[],[],Patient TCGA-CH-5768 evaluated under evidence level [SINGLE_MODALITY]. Synthesized integrated score is 0.0014 yielding raw risk class [LOW]. Contributions (ML: 0.0014 risk weight). Cross-modal concordance: [SINGLE_MODALITY]. No active safety escalations triggered. Final assigned risk is [LOW].
TCGA-24-1474,0.0001,LOW,LOW,0.6462,SINGLE_MODALITY,['ML'],"['DL', 'NLP']",LOW,,,SINGLE_MODALITY,False,No active safety alerts.,0,[],[],[],Patient TCGA-24-1474 evaluated under evidence level [SINGLE_MODALITY]. Synthesized integrated score is 0.0001 yielding raw risk class [LOW]. Contributions (ML: 0.0001 risk weight). Cross-modal concordance: [SINGLE_MODALITY]. No active safety escalations triggered. Final assigned risk is [LOW].
TCGA-D9-A3Z3,0.9935,HIGH,HIGH,0.6458,SINGLE_MODALITY,['ML'],"['DL', 'NLP']",HIGH,,,SINGLE_MODALITY,True,"Elevated risk patient with incomplete modality coverage (Missing: ['DL', 'NLP']). Clinician review recommended.",0,[],[],[],"Patient TCGA-D9-A3Z3 evaluated under evidence level [SINGLE_MODALITY]. Synthesized integrated score is 0.9935 yielding raw risk class [HIGH]. Contributions (ML: 0.9935 risk weight). Cross-modal concordance: [SINGLE_MODALITY]. Safety Net Override: Elevated risk patient with incomplete modality coverage (Missing: ['DL', 'NLP']). Clinician review recommended. Final assigned risk is [HIGH]."
TCGA-43-2581,0.9981,HIGH,HIGH,0.6488,SINGLE_MODALITY,['ML'],"['DL', 'NLP']",HIGH,,,SINGLE_MODALITY,True,"Elevated risk patient with incomplete modality coverage (Missing: ['DL', 'NLP']). Clinician review recommended.",0,[],[],[],"Patient TCGA-43-2581 evaluated under evidence level [SINGLE_MODALITY]. Synthesized integrated score is 0.9981 yielding raw risk class [HIGH]. Contributions (ML: 0.9981 risk weight). Cross-modal concordance: [SINGLE_MODALITY]. Safety Net Override: Elevated risk patient with incomplete modality coverage (Missing: ['DL', 'NLP']). Clinician review recommended. Final assigned risk is [HIGH]."
TCGA-C8-A1HL,0.0271,LOW,LOW,0.625,SINGLE_MODALITY,['ML'],"['DL', 'NLP']",MODERATE,,,SINGLE_MODALITY,False,No active safety alerts.,0,[],[],[],Patient TCGA-C8-A1HL evaluated under evidence level [SINGLE_MODALITY]. Synthesized integrated score is 0.0271 yielding raw risk class [LOW]. Contributions (ML: 0.0271 risk weight). Cross-modal concordance: [SINGLE_MODALITY]. No active safety escalations triggered. Final assigned risk is [LOW].
TCGA-60-2719,0.0033,LOW,LOW,0.6445,SINGLE_MODALITY,['ML'],"['DL', 'NLP']",MODERATE,,,SINGLE_MODALITY,False,No active safety alerts.,0,[],[],[],Patient TCGA-60-2719 evaluated under evidence level [SINGLE_MODALITY]. Synthesized integrated score is 0.0033 yielding raw risk class [LOW]. Contributions (ML: 0.0033 risk weight). Cross-modal concordance: [SINGLE_MODALITY]. No active safety escalations triggered. Final assigned risk is [LOW].
TCGA-CQ-A4CA,0.0009,LOW,LOW,0.6474,SINGLE_MODALITY,['ML'],"['DL', 'NLP']",MODERATE,,,SINGLE_MODALITY,False,No active safety alerts.,0,[],[],[],Patient TCGA-CQ-A4CA evaluated under evidence level [SINGLE_MODALITY]. Synthesized integrated score is 0.0009 yielding raw risk class [LOW]. Contributions (ML: 0.0009 risk weight). Cross-modal concordance: [SINGLE_MODALITY]. No active safety escalations triggered. Final assigned risk is [LOW].
TCGA-AA-A01R,0.9934,HIGH,HIGH,0.6457,SINGLE_MODALITY,['ML'],"['DL', 'NLP']",HIGH,,,SINGLE_MODALITY,True,"Elevated risk patient with incomplete modality coverage (Missing: ['DL', 'NLP']). Clinician review recommended.",0,[],[],[],"Patient TCGA-AA-A01R evaluated under evidence level [SINGLE_MODALITY]. Synthesized integrated score is 0.9934 yielding raw risk class [HIGH]. Contributions (ML: 0.9934 risk weight). Cross-modal concordance: [SINGLE_MODALITY]. Safety Net Override: Elevated risk patient with incomplete modality coverage (Missing: ['DL', 'NLP']). Clinician review recommended. Final assigned risk is [HIGH]."
TCGA-EI-6884,0.9975,HIGH,HIGH,0.6484,SINGLE_MODALITY,['ML'],"['DL', 'NLP']",HIGH,,,SINGLE_MODALITY,True,"Elevated risk patient with incomplete modality coverage (Missing: ['DL', 'NLP']). Clinician review recommended.",0,[],[],[],"Patient TCGA-EI-6884 evaluated under evidence level [SINGLE_MODALITY]. Synthesized integrated score is 0.9975 yielding raw risk class [HIGH]. Contributions (ML: 0.9975 risk weight). Cross-modal concordance: [SINGLE_MODALITY]. Safety Net Override: Elevated risk patient with incomplete modality coverage (Missing: ['DL', 'NLP']). Clinician review recommended. Final assigned risk is [HIGH]."
TCGA-J9-A52B,0.0,LOW,LOW,0.6457,SINGLE_MODALITY,['ML'],"['DL', 'NLP']",LOW,,,SINGLE_MODALITY,False,No active safety alerts.,0,[],[],[],Patient TCGA-J9-A52B evaluated under evidence level [SINGLE_MODALITY]. Synthesized integrated score is 0.0000 yielding raw risk class [LOW]. Contributions (ML: 0.0000 risk weight). Cross-modal concordance: [SINGLE_MODALITY]. No active safety escalations triggered. Final assigned risk is [LOW].
TCGA-HQ-A2OE,0.0173,LOW,LOW,0.6384,SINGLE_MODALITY,['ML'],"['DL', 'NLP']",MODERATE,,,SINGLE_MODALITY,False,No active safety alerts.,0,[],[],[],Patient TCGA-HQ-A2OE evaluated under evidence level [SINGLE_MODALITY]. Synthesized integrated score is 0.0173 yielding raw risk class [LOW]. Contributions (ML: 0.0173 risk weight). Cross-modal concordance: [SINGLE_MODALITY]. No active safety escalations triggered. Final assigned risk is [LOW].
TCGA-EJ-7792,0.0033,LOW,LOW,0.642,SINGLE_MODALITY,['ML'],"['DL', 'NLP']",MODERATE,,,SINGLE_MODALITY,False,No active safety alerts.,0,[],[],[],Patient TCGA-EJ-7792 evaluated under evidence level [SINGLE_MODALITY]. Synthesized integrated score is 0.0033 yielding raw risk class [LOW]. Contributions (ML: 0.0033 risk weight). Cross-modal concordance: [SINGLE_MODALITY]. No active safety escalations triggered. Final assigned risk is [LOW].
TCGA-24-2262,0.0022,LOW,LOW,0.6463,SINGLE_MODALITY,['ML'],"['DL', 'NLP']",MODERATE,,,SINGLE_MODALITY,False,No active safety alerts.,0,[],[],[],Patient TCGA-24-2262 evaluated under evidence level [SINGLE_MODALITY]. Synthesized integrated score is 0.0022 yielding raw risk class [LOW]. Contributions (ML: 0.0022 risk weight). Cross-modal concordance: [SINGLE_MODALITY]. No active safety escalations triggered. Final assigned risk is [LOW].
TCGA-L9-A7SV,0.0001,LOW,LOW,0.6468,SINGLE_MODALITY,['ML'],"['DL', 'NLP']",LOW,,,SINGLE_MODALITY,False,No active safety alerts.,0,[],[],[],Patient TCGA-L9-A7SV evaluated under evidence level [SINGLE_MODALITY]. Synthesized integrated score is 0.0001 yielding raw risk class [LOW]. Contributions (ML: 0.0001 risk weight). Cross-modal concordance: [SINGLE_MODALITY]. No active safety escalations triggered. Final assigned risk is [LOW].
TCGA-61-2097,0.0023,LOW,LOW,0.6449,SINGLE_MODALITY,['ML'],"['DL', 'NLP']",MODERATE,,,SINGLE_MODALITY,False,No active safety alerts.,0,[],[],[],Patient TCGA-61-2097 evaluated under evidence level [SINGLE_MODALITY]. Synthesized integrated score is 0.0023 yielding raw risk class [LOW]. Contributions (ML: 0.0023 risk weight). Cross-modal concordance: [SINGLE_MODALITY]. No active safety escalations triggered. Final assigned risk is [LOW].
TCGA-FS-A1ZZ,0.8519,HIGH,HIGH,0.5537,SINGLE_MODALITY,['ML'],"['DL', 'NLP']",HIGH,,,SINGLE_MODALITY,True,"Elevated risk patient with incomplete modality coverage (Missing: ['DL', 'NLP']). Clinician review recommended.",0,[],[],[],"Patient TCGA-FS-A1ZZ evaluated under evidence level [SINGLE_MODALITY]. Synthesized integrated score is 0.8519 yielding raw risk class [HIGH]. Contributions (ML: 0.8519 risk weight). Cross-modal concordance: [SINGLE_MODALITY]. Safety Net Override: Elevated risk patient with incomplete modality coverage (Missing: ['DL', 'NLP']). Clinician review recommended. Final assigned risk is [HIGH]."
TCGA-BH-A1FN,0.0006,LOW,LOW,0.6484,SINGLE_MODALITY,['ML'],"['DL', 'NLP']",MODERATE,,,SINGLE_MODALITY,False,No active safety alerts.,0,[],[],[],Patient TCGA-BH-A1FN evaluated under evidence level [SINGLE_MODALITY]. Synthesized integrated score is 0.0006 yielding raw risk class [LOW]. Contributions (ML: 0.0006 risk weight). Cross-modal concordance: [SINGLE_MODALITY]. No active safety escalations triggered. Final assigned risk is [LOW].
TCGA-CV-7253,0.9997,HIGH,HIGH,0.6498,SINGLE_MODALITY,['ML'],"['DL', 'NLP']",HIGH,,,SINGLE_MODALITY,True,"Elevated risk patient with incomplete modality coverage (Missing: ['DL', 'NLP']). Clinician review recommended.",0,[],[],[],"Patient TCGA-CV-7253 evaluated under evidence level [SINGLE_MODALITY]. Synthesized integrated score is 0.9997 yielding raw risk class [HIGH]. Contributions (ML: 0.9997 risk weight). Cross-modal concordance: [SINGLE_MODALITY]. Safety Net Override: Elevated risk patient with incomplete modality coverage (Missing: ['DL', 'NLP']). Clinician review recommended. Final assigned risk is [HIGH]."
TCGA-AA-A01G,0.0022,LOW,LOW,0.6449,SINGLE_MODALITY,['ML'],"['DL', 'NLP']",MODERATE,,,SINGLE_MODALITY,False,No active safety alerts.,0,[],[],[],Patient TCGA-AA-A01G evaluated under evidence level [SINGLE_MODALITY]. Synthesized integrated score is 0.0022 yielding raw risk class [LOW]. Contributions (ML: 0.0022 risk weight). Cross-modal concordance: [SINGLE_MODALITY]. No active safety escalations triggered. Final assigned risk is [LOW].
TCGA-EE-A2GP,0.9955,HIGH,HIGH,0.6471,SINGLE_MODALITY,['ML'],"['DL', 'NLP']",HIGH,,,SINGLE_MODALITY,True,"Elevated risk patient with incomplete modality coverage (Missing: ['DL', 'NLP']). Clinician review recommended.",0,[],[],[],"Patient TCGA-EE-A2GP evaluated under evidence level [SINGLE_MODALITY]. Synthesized integrated score is 0.9955 yielding raw risk class [HIGH]. Contributions (ML: 0.9955 risk weight). Cross-modal concordance: [SINGLE_MODALITY]. Safety Net Override: Elevated risk patient with incomplete modality coverage (Missing: ['DL', 'NLP']). Clinician review recommended. Final assigned risk is [HIGH]."
TCGA-EJ-5497,0.0001,LOW,LOW,0.6446,SINGLE_MODALITY,['ML'],"['DL', 'NLP']",LOW,,,SINGLE_MODALITY,False,No active safety alerts.,0,[],[],[],Patient TCGA-EJ-5497 evaluated under evidence level [SINGLE_MODALITY]. Synthesized integrated score is 0.0001 yielding raw risk class [LOW]. Contributions (ML: 0.0001 risk weight). Cross-modal concordance: [SINGLE_MODALITY]. No active safety escalations triggered. Final assigned risk is [LOW].
TCGA-GC-A3BM,0.0022,LOW,LOW,0.6445,SINGLE_MODALITY,['ML'],"['DL', 'NLP']",MODERATE,,,SINGLE_MODALITY,False,No active safety alerts.,0,[],[],[],Patient TCGA-GC-A3BM evaluated under evidence level [SINGLE_MODALITY]. Synthesized integrated score is 0.0022 yielding raw risk class [LOW]. Contributions (ML: 0.0022 risk weight). Cross-modal concordance: [SINGLE_MODALITY]. No active safety escalations triggered. Final assigned risk is [LOW].
TCGA-W3-A828,0.0018,LOW,LOW,0.6453,SINGLE_MODALITY,['ML'],"['DL', 'NLP']",MODERATE,,,SINGLE_MODALITY,False,No active safety alerts.,0,[],[],[],Patient TCGA-W3-A828 evaluated under evidence level [SINGLE_MODALITY]. Synthesized integrated score is 0.0018 yielding raw risk class [LOW]. Contributions (ML: 0.0018 risk weight). Cross-modal concordance: [SINGLE_MODALITY]. No active safety escalations triggered. Final assigned risk is [LOW].
TCGA-CJ-6028,0.9938,HIGH,HIGH,0.646,SINGLE_MODALITY,['ML'],"['DL', 'NLP']",HIGH,,,SINGLE_MODALITY,True,"Elevated risk patient with incomplete modality coverage (Missing: ['DL', 'NLP']). Clinician review recommended.",0,[],[],[],"Patient TCGA-CJ-6028 evaluated under evidence level [SINGLE_MODALITY]. Synthesized integrated score is 0.9938 yielding raw risk class [HIGH]. Contributions (ML: 0.9938 risk weight). Cross-modal concordance: [SINGLE_MODALITY]. Safety Net Override: Elevated risk patient with incomplete modality coverage (Missing: ['DL', 'NLP']). Clinician review recommended. Final assigned risk is [HIGH]."
TCGA-22-5471,0.0001,LOW,LOW,0.6419,SINGLE_MODALITY,['ML'],"['DL', 'NLP']",LOW,,,SINGLE_MODALITY,False,No active safety alerts.,0,[],[],[],Patient TCGA-22-5471 evaluated under evidence level [SINGLE_MODALITY]. Synthesized integrated score is 0.0001 yielding raw risk class [LOW]. Contributions (ML: 0.0001 risk weight). Cross-modal concordance: [SINGLE_MODALITY]. No active safety escalations triggered. Final assigned risk is [LOW].
TCGA-CV-6934,0.9996,HIGH,HIGH,0.6497,SINGLE_MODALITY,['ML'],"['DL', 'NLP']",HIGH,,,SINGLE_MODALITY,True,"Elevated risk patient with incomplete modality coverage (Missing: ['DL', 'NLP']). Clinician review recommended.",0,[],[],[],"Patient TCGA-CV-6934 evaluated under evidence level [SINGLE_MODALITY]. Synthesized integrated score is 0.9996 yielding raw risk class [HIGH]. Contributions (ML: 0.9996 risk weight). Cross-modal concordance: [SINGLE_MODALITY]. Safety Net Override: Elevated risk patient with incomplete modality coverage (Missing: ['DL', 'NLP']). Clinician review recommended. Final assigned risk is [HIGH]."
TCGA-B4-5836,0.0008,LOW,LOW,0.5418,SINGLE_MODALITY,['ML'],"['DL', 'NLP']",LOW,,,SINGLE_MODALITY,False,No active safety alerts.,0,[],[],[],Patient TCGA-B4-5836 evaluated under evidence level [SINGLE_MODALITY]. Synthesized integrated score is 0.0008 yielding raw risk class [LOW]. Contributions (ML: 0.0008 risk weight). Cross-modal concordance: [SINGLE_MODALITY]. No active safety escalations triggered. Final assigned risk is [LOW].
TCGA-G4-6307,0.9983,HIGH,HIGH,0.6489,SINGLE_MODALITY,['ML'],"['DL', 'NLP']",HIGH,,,SINGLE_MODALITY,True,"Elevated risk patient with incomplete modality coverage (Missing: ['DL', 'NLP']). Clinician review recommended.",0,[],[],[],"Patient TCGA-G4-6307 evaluated under evidence level [SINGLE_MODALITY]. Synthesized integrated score is 0.9983 yielding raw risk class [HIGH]. Contributions (ML: 0.9983 risk weight). Cross-modal concordance: [SINGLE_MODALITY]. Safety Net Override: Elevated risk patient with incomplete modality coverage (Missing: ['DL', 'NLP']). Clinician review recommended. Final assigned risk is [HIGH]."
TCGA-KK-A8II,0.0001,LOW,LOW,0.6476,SINGLE_MODALITY,['ML'],"['DL', 'NLP']",LOW,,,SINGLE_MODALITY,False,No active safety alerts.,0,[],[],[],Patient TCGA-KK-A8II evaluated under evidence level [SINGLE_MODALITY]. Synthesized integrated score is 0.0001 yielding raw risk class [LOW]. Contributions (ML: 0.0001 risk weight). Cross-modal concordance: [SINGLE_MODALITY]. No active safety escalations triggered. Final assigned risk is [LOW].
TCGA-23-2077,0.004,LOW,LOW,0.6429,SINGLE_MODALITY,['ML'],"['DL', 'NLP']",MODERATE,,,SINGLE_MODALITY,False,No active safety alerts.,0,[],[],[],Patient TCGA-23-2077 evaluated under evidence level [SINGLE_MODALITY]. Synthesized integrated score is 0.0040 yielding raw risk class [LOW]. Contributions (ML: 0.0040 risk weight). Cross-modal concordance: [SINGLE_MODALITY]. No active safety escalations triggered. Final assigned risk is [LOW].
TCGA-A2-A0SW,0.9996,HIGH,HIGH,0.6497,SINGLE_MODALITY,['ML'],"['DL', 'NLP']",HIGH,,,SINGLE_MODALITY,True,"Elevated risk patient with incomplete modality coverage (Missing: ['DL', 'NLP']). Clinician review recommended.",0,[],[],[],"Patient TCGA-A2-A0SW evaluated under evidence level [SINGLE_MODALITY]. Synthesized integrated score is 0.9996 yielding raw risk class [HIGH]. Contributions (ML: 0.9996 risk weight). Cross-modal concordance: [SINGLE_MODALITY]. Safety Net Override: Elevated risk patient with incomplete modality coverage (Missing: ['DL', 'NLP']). Clinician review recommended. Final assigned risk is [HIGH]."
TCGA-59-2352,0.0029,LOW,LOW,0.6453,SINGLE_MODALITY,['ML'],"['DL', 'NLP']",MODERATE,,,SINGLE_MODALITY,False,No active safety alerts.,0,[],[],[],Patient TCGA-59-2352 evaluated under evidence level [SINGLE_MODALITY]. Synthesized integrated score is 0.0029 yielding raw risk class [LOW]. Contributions (ML: 0.0029 risk weight). Cross-modal concordance: [SINGLE_MODALITY]. No active safety escalations triggered. Final assigned risk is [LOW].
TCGA-BB-7870,0.9992,HIGH,HIGH,0.6495,SINGLE_MODALITY,['ML'],"['DL', 'NLP']",HIGH,,,SINGLE_MODALITY,True,"Elevated risk patient with incomplete modality coverage (Missing: ['DL', 'NLP']). Clinician review recommended.",0,[],[],[],"Patient TCGA-BB-7870 evaluated under evidence level [SINGLE_MODALITY]. Synthesized integrated score is 0.9992 yielding raw risk class [HIGH]. Contributions (ML: 0.9992 risk weight). Cross-modal concordance: [SINGLE_MODALITY]. Safety Net Override: Elevated risk patient with incomplete modality coverage (Missing: ['DL', 'NLP']). Clinician review recommended. Final assigned risk is [HIGH]."
TCGA-NC-A5HQ,0.9982,HIGH,HIGH,0.6488,SINGLE_MODALITY,['ML'],"['DL', 'NLP']",HIGH,,,SINGLE_MODALITY,True,"Elevated risk patient with incomplete modality coverage (Missing: ['DL', 'NLP']). Clinician review recommended.",0,[],[],[],"Patient TCGA-NC-A5HQ evaluated under evidence level [SINGLE_MODALITY]. Synthesized integrated score is 0.9982 yielding raw risk class [HIGH]. Contributions (ML: 0.9982 risk weight). Cross-modal concordance: [SINGLE_MODALITY]. Safety Net Override: Elevated risk patient with incomplete modality coverage (Missing: ['DL', 'NLP']). Clinician review recommended. Final assigned risk is [HIGH]."
TCGA-HC-A9TH,0.0,LOW,LOW,0.6471,SINGLE_MODALITY,['ML'],"['DL', 'NLP']",LOW,,,SINGLE_MODALITY,False,No active safety alerts.,0,[],[],[],Patient TCGA-HC-A9TH evaluated under evidence level [SINGLE_MODALITY]. Synthesized integrated score is 0.0000 yielding raw risk class [LOW]. Contributions (ML: 0.0000 risk weight). Cross-modal concordance: [SINGLE_MODALITY]. No active safety escalations triggered. Final assigned risk is [LOW].
TCGA-QU-A6IM,0.0023,LOW,LOW,0.6449,SINGLE_MODALITY,['ML'],"['DL', 'NLP']",MODERATE,,,SINGLE_MODALITY,False,No active safety alerts.,0,[],[],[],Patient TCGA-QU-A6IM evaluated under evidence level [SINGLE_MODALITY]. Synthesized integrated score is 0.0023 yielding raw risk class [LOW]. Contributions (ML: 0.0023 risk weight). Cross-modal concordance: [SINGLE_MODALITY]. No active safety escalations triggered. Final assigned risk is [LOW].
TCGA-24-1471,0.0001,LOW,LOW,0.6469,SINGLE_MODALITY,['ML'],"['DL', 'NLP']",LOW,,,SINGLE_MODALITY,False,No active safety alerts.,0,[],[],[],Patient TCGA-24-1471 evaluated under evidence level [SINGLE_MODALITY]. Synthesized integrated score is 0.0001 yielding raw risk class [LOW]. Contributions (ML: 0.0001 risk weight). Cross-modal concordance: [SINGLE_MODALITY]. No active safety escalations triggered. Final assigned risk is [LOW].
TCGA-XN-A8T5,0.0,LOW,LOW,0.6498,SINGLE_MODALITY,['ML'],"['DL', 'NLP']",LOW,,,SINGLE_MODALITY,False,No active safety alerts.,0,[],[],[],Patient TCGA-XN-A8T5 evaluated under evidence level [SINGLE_MODALITY]. Synthesized integrated score is 0.0000 yielding raw risk class [LOW]. Contributions (ML: 0.0000 risk weight). Cross-modal concordance: [SINGLE_MODALITY]. No active safety escalations triggered. Final assigned risk is [LOW].
TCGA-A2-A0D4,0.0013,LOW,LOW,0.646,SINGLE_MODALITY,['ML'],"['DL', 'NLP']",MODERATE,,,SINGLE_MODALITY,False,No active safety alerts.,0,[],[],[],Patient TCGA-A2-A0D4 evaluated under evidence level [SINGLE_MODALITY]. Synthesized integrated score is 0.0013 yielding raw risk class [LOW]. Contributions (ML: 0.0013 risk weight). Cross-modal concordance: [SINGLE_MODALITY]. No active safety escalations triggered. Final assigned risk is [LOW].
TCGA-B8-5551,0.0043,LOW,LOW,0.6332,SINGLE_MODALITY,['ML'],"['DL', 'NLP']",MODERATE,,,SINGLE_MODALITY,False,No active safety alerts.,0,[],[],[],Patient TCGA-B8-5551 evaluated under evidence level [SINGLE_MODALITY]. Synthesized integrated score is 0.0043 yielding raw risk class [LOW]. Contributions (ML: 0.0043 risk weight). Cross-modal concordance: [SINGLE_MODALITY]. No active safety escalations triggered. Final assigned risk is [LOW].
TCGA-85-8070,0.0122,LOW,LOW,0.6416,SINGLE_MODALITY,['ML'],"['DL', 'NLP']",MODERATE,,,SINGLE_MODALITY,False,No active safety alerts.,0,[],[],[],Patient TCGA-85-8070 evaluated under evidence level [SINGLE_MODALITY]. Synthesized integrated score is 0.0122 yielding raw risk class [LOW]. Contributions (ML: 0.0122 risk weight). Cross-modal concordance: [SINGLE_MODALITY]. No active safety escalations triggered. Final assigned risk is [LOW].
TCGA-B8-4620,0.9997,HIGH,HIGH,0.6498,SINGLE_MODALITY,['ML'],"['DL', 'NLP']",HIGH,,,SINGLE_MODALITY,True,"Elevated risk patient with incomplete modality coverage (Missing: ['DL', 'NLP']). Clinician review recommended.",0,[],[],[],"Patient TCGA-B8-4620 evaluated under evidence level [SINGLE_MODALITY]. Synthesized integrated score is 0.9997 yielding raw risk class [HIGH]. Contributions (ML: 0.9997 risk weight). Cross-modal concordance: [SINGLE_MODALITY]. Safety Net Override: Elevated risk patient with incomplete modality coverage (Missing: ['DL', 'NLP']). Clinician review recommended. Final assigned risk is [HIGH]."
TCGA-CN-A63W,0.9997,HIGH,HIGH,0.6498,SINGLE_MODALITY,['ML'],"['DL', 'NLP']",HIGH,,,SINGLE_MODALITY,True,"Elevated risk patient with incomplete modality coverage (Missing: ['DL', 'NLP']). Clinician review recommended.",0,[],[],[],"Patient TCGA-CN-A63W evaluated under evidence level [SINGLE_MODALITY]. Synthesized integrated score is 0.9997 yielding raw risk class [HIGH]. Contributions (ML: 0.9997 risk weight). Cross-modal concordance: [SINGLE_MODALITY]. Safety Net Override: Elevated risk patient with incomplete modality coverage (Missing: ['DL', 'NLP']). Clinician review recommended. Final assigned risk is [HIGH]."
TCGA-24-1567,0.0026,LOW,LOW,0.6381,SINGLE_MODALITY,['ML'],"['DL', 'NLP']",MODERATE,,,SINGLE_MODALITY,False,No active safety alerts.,0,[],[],[],Patient TCGA-24-1567 evaluated under evidence level [SINGLE_MODALITY]. Synthesized integrated score is 0.0026 yielding raw risk class [LOW]. Contributions (ML: 0.0026 risk weight). Cross-modal concordance: [SINGLE_MODALITY]. No active safety escalations triggered. Final assigned risk is [LOW].
TCGA-4Z-AA89,0.9999,HIGH,HIGH,0.6499,SINGLE_MODALITY,['ML'],"['DL', 'NLP']",HIGH,,,SINGLE_MODALITY,True,"Elevated risk patient with incomplete modality coverage (Missing: ['DL', 'NLP']). Clinician review recommended.",0,[],[],[],"Patient TCGA-4Z-AA89 evaluated under evidence level [SINGLE_MODALITY]. Synthesized integrated score is 0.9999 yielding raw risk class [HIGH]. Contributions (ML: 0.9999 risk weight). Cross-modal concordance: [SINGLE_MODALITY]. Safety Net Override: Elevated risk patient with incomplete modality coverage (Missing: ['DL', 'NLP']). Clinician review recommended. Final assigned risk is [HIGH]."
TCGA-85-8664,0.1162,LOW,LOW,0.5733,SINGLE_MODALITY,['ML'],"['DL', 'NLP']",MODERATE,,,SINGLE_MODALITY,False,No active safety alerts.,0,[],[],[],Patient TCGA-85-8664 evaluated under evidence level [SINGLE_MODALITY]. Synthesized integrated score is 0.1162 yielding raw risk class [LOW]. Contributions (ML: 0.1162 risk weight). Cross-modal concordance: [SINGLE_MODALITY]. No active safety escalations triggered. Final assigned risk is [LOW].
TCGA-V1-A9Z8,0.0175,LOW,LOW,0.6353,SINGLE_MODALITY,['ML'],"['DL', 'NLP']",MODERATE,,,SINGLE_MODALITY,False,No active safety alerts.,0,[],[],[],Patient TCGA-V1-A9Z8 evaluated under evidence level [SINGLE_MODALITY]. Synthesized integrated score is 0.0175 yielding raw risk class [LOW]. Contributions (ML: 0.0175 risk weight). Cross-modal concordance: [SINGLE_MODALITY]. No active safety escalations triggered. Final assigned risk is [LOW].
TCGA-EP-A2KB,0.0002,LOW,LOW,0.6365,SINGLE_MODALITY,['ML'],"['DL', 'NLP']",LOW,,,SINGLE_MODALITY,False,No active safety alerts.,0,[],[],[],Patient TCGA-EP-A2KB evaluated under evidence level [SINGLE_MODALITY]. Synthesized integrated score is 0.0002 yielding raw risk class [LOW]. Contributions (ML: 0.0002 risk weight). Cross-modal concordance: [SINGLE_MODALITY]. No active safety escalations triggered. Final assigned risk is [LOW].
TCGA-B8-4146,0.0,LOW,LOW,0.6498,SINGLE_MODALITY,['ML'],"['DL', 'NLP']",LOW,,,SINGLE_MODALITY,False,No active safety alerts.,0,[],[],[],Patient TCGA-B8-4146 evaluated under evidence level [SINGLE_MODALITY]. Synthesized integrated score is 0.0000 yielding raw risk class [LOW]. Contributions (ML: 0.0000 risk weight). Cross-modal concordance: [SINGLE_MODALITY]. No active safety escalations triggered. Final assigned risk is [LOW].
TCGA-AQ-A1H2,0.9926,HIGH,HIGH,0.6452,SINGLE_MODALITY,['ML'],"['DL', 'NLP']",HIGH,,,SINGLE_MODALITY,True,"Elevated risk patient with incomplete modality coverage (Missing: ['DL', 'NLP']). Clinician review recommended.",0,[],[],[],"Patient TCGA-AQ-A1H2 evaluated under evidence level [SINGLE_MODALITY]. Synthesized integrated score is 0.9926 yielding raw risk class [HIGH]. Contributions (ML: 0.9926 risk weight). Cross-modal concordance: [SINGLE_MODALITY]. Safety Net Override: Elevated risk patient with incomplete modality coverage (Missing: ['DL', 'NLP']). Clinician review recommended. Final assigned risk is [HIGH]."
TCGA-ER-A2NB,0.9995,HIGH,HIGH,0.6497,SINGLE_MODALITY,['ML'],"['DL', 'NLP']",HIGH,,,SINGLE_MODALITY,True,"Elevated risk patient with incomplete modality coverage (Missing: ['DL', 'NLP']). Clinician review recommended.",0,[],[],[],"Patient TCGA-ER-A2NB evaluated under evidence level [SINGLE_MODALITY]. Synthesized integrated score is 0.9995 yielding raw risk class [HIGH]. Contributions (ML: 0.9995 risk weight). Cross-modal concordance: [SINGLE_MODALITY]. Safety Net Override: Elevated risk patient with incomplete modality coverage (Missing: ['DL', 'NLP']). Clinician review recommended. Final assigned risk is [HIGH]."
TCGA-NJ-A4YQ,0.0,LOW,LOW,0.6498,SINGLE_MODALITY,['ML'],"['DL', 'NLP']",LOW,,,SINGLE_MODALITY,False,No active safety alerts.,0,[],[],[],Patient TCGA-NJ-A4YQ evaluated under evidence level [SINGLE_MODALITY]. Synthesized integrated score is 0.0000 yielding raw risk class [LOW]. Contributions (ML: 0.0000 risk weight). Cross-modal concordance: [SINGLE_MODALITY]. No active safety escalations triggered. Final assigned risk is [LOW].
TCGA-18-3411,0.9995,HIGH,HIGH,0.6497,SINGLE_MODALITY,['ML'],"['DL', 'NLP']",HIGH,,,SINGLE_MODALITY,True,"Elevated risk patient with incomplete modality coverage (Missing: ['DL', 'NLP']). Clinician review recommended.",0,[],[],[],"Patient TCGA-18-3411 evaluated under evidence level [SINGLE_MODALITY]. Synthesized integrated score is 0.9995 yielding raw risk class [HIGH]. Contributions (ML: 0.9995 risk weight). Cross-modal concordance: [SINGLE_MODALITY]. Safety Net Override: Elevated risk patient with incomplete modality coverage (Missing: ['DL', 'NLP']). Clinician review recommended. Final assigned risk is [HIGH]."
TCGA-CW-5585,0.9941,HIGH,HIGH,0.6462,SINGLE_MODALITY,['ML'],"['DL', 'NLP']",HIGH,,,SINGLE_MODALITY,True,"Elevated risk patient with incomplete modality coverage (Missing: ['DL', 'NLP']). Clinician review recommended.",0,[],[],[],"Patient TCGA-CW-5585 evaluated under evidence level [SINGLE_MODALITY]. Synthesized integrated score is 0.9941 yielding raw risk class [HIGH]. Contributions (ML: 0.9941 risk weight). Cross-modal concordance: [SINGLE_MODALITY]. Safety Net Override: Elevated risk patient with incomplete modality coverage (Missing: ['DL', 'NLP']). Clinician review recommended. Final assigned risk is [HIGH]."
TCGA-85-8276,0.0008,LOW,LOW,0.6482,SINGLE_MODALITY,['ML'],"['DL', 'NLP']",MODERATE,,,SINGLE_MODALITY,False,No active safety alerts.,0,[],[],[],Patient TCGA-85-8276 evaluated under evidence level [SINGLE_MODALITY]. Synthesized integrated score is 0.0008 yielding raw risk class [LOW]. Contributions (ML: 0.0008 risk weight). Cross-modal concordance: [SINGLE_MODALITY]. No active safety escalations triggered. Final assigned risk is [LOW].
TCGA-BW-A5NQ,0.0002,LOW,LOW,0.6395,SINGLE_MODALITY,['ML'],"['DL', 'NLP']",LOW,,,SINGLE_MODALITY,False,No active safety alerts.,0,[],[],[],Patient TCGA-BW-A5NQ evaluated under evidence level [SINGLE_MODALITY]. Synthesized integrated score is 0.0002 yielding raw risk class [LOW]. Contributions (ML: 0.0002 risk weight). Cross-modal concordance: [SINGLE_MODALITY]. No active safety escalations triggered. Final assigned risk is [LOW].
TCGA-36-2542,0.0001,LOW,LOW,0.6466,SINGLE_MODALITY,['ML'],"['DL', 'NLP']",LOW,,,SINGLE_MODALITY,False,No active safety alerts.,0,[],[],[],Patient TCGA-36-2542 evaluated under evidence level [SINGLE_MODALITY]. Synthesized integrated score is 0.0001 yielding raw risk class [LOW]. Contributions (ML: 0.0001 risk weight). Cross-modal concordance: [SINGLE_MODALITY]. No active safety escalations triggered. Final assigned risk is [LOW].
TCGA-22-1000,0.0005,LOW,LOW,0.6144,SINGLE_MODALITY,['ML'],"['DL', 'NLP']",LOW,,,SINGLE_MODALITY,False,No active safety alerts.,0,[],[],[],Patient TCGA-22-1000 evaluated under evidence level [SINGLE_MODALITY]. Synthesized integrated score is 0.0005 yielding raw risk class [LOW]. Contributions (ML: 0.0005 risk weight). Cross-modal concordance: [SINGLE_MODALITY]. No active safety escalations triggered. Final assigned risk is [LOW].
TCGA-EI-6512,0.9976,HIGH,HIGH,0.6484,SINGLE_MODALITY,['ML'],"['DL', 'NLP']",HIGH,,,SINGLE_MODALITY,True,"Elevated risk patient with incomplete modality coverage (Missing: ['DL', 'NLP']). Clinician review recommended.",0,[],[],[],"Patient TCGA-EI-6512 evaluated under evidence level [SINGLE_MODALITY]. Synthesized integrated score is 0.9976 yielding raw risk class [HIGH]. Contributions (ML: 0.9976 risk weight). Cross-modal concordance: [SINGLE_MODALITY]. Safety Net Override: Elevated risk patient with incomplete modality coverage (Missing: ['DL', 'NLP']). Clinician review recommended. Final assigned risk is [HIGH]."
TCGA-BA-A6DI,0.0017,LOW,LOW,0.6464,SINGLE_MODALITY,['ML'],"['DL', 'NLP']",MODERATE,,,SINGLE_MODALITY,False,No active safety alerts.,0,[],[],[],Patient TCGA-BA-A6DI evaluated under evidence level [SINGLE_MODALITY]. Synthesized integrated score is 0.0017 yielding raw risk class [LOW]. Contributions (ML: 0.0017 risk weight). Cross-modal concordance: [SINGLE_MODALITY]. No active safety escalations triggered. Final assigned risk is [LOW].
TCGA-55-6975,0.0194,LOW,LOW,0.6367,SINGLE_MODALITY,['ML'],"['DL', 'NLP']",MODERATE,,,SINGLE_MODALITY,False,No active safety alerts.,0,[],[],[],Patient TCGA-55-6975 evaluated under evidence level [SINGLE_MODALITY]. Synthesized integrated score is 0.0194 yielding raw risk class [LOW]. Contributions (ML: 0.0194 risk weight). Cross-modal concordance: [SINGLE_MODALITY]. No active safety escalations triggered. Final assigned risk is [LOW].
TCGA-AK-3440,0.0,LOW,LOW,0.6499,SINGLE_MODALITY,['ML'],"['DL', 'NLP']",LOW,,,SINGLE_MODALITY,False,No active safety alerts.,0,[],[],[],Patient TCGA-AK-3440 evaluated under evidence level [SINGLE_MODALITY]. Synthesized integrated score is 0.0000 yielding raw risk class [LOW]. Contributions (ML: 0.0000 risk weight). Cross-modal concordance: [SINGLE_MODALITY]. No active safety escalations triggered. Final assigned risk is [LOW].
TCGA-CJ-4885,0.9932,HIGH,HIGH,0.6456,SINGLE_MODALITY,['ML'],"['DL', 'NLP']",HIGH,,,SINGLE_MODALITY,True,"Elevated risk patient with incomplete modality coverage (Missing: ['DL', 'NLP']). Clinician review recommended.",0,[],[],[],"Patient TCGA-CJ-4885 evaluated under evidence level [SINGLE_MODALITY]. Synthesized integrated score is 0.9932 yielding raw risk class [HIGH]. Contributions (ML: 0.9932 risk weight). Cross-modal concordance: [SINGLE_MODALITY]. Safety Net Override: Elevated risk patient with incomplete modality coverage (Missing: ['DL', 'NLP']). Clinician review recommended. Final assigned risk is [HIGH]."
TCGA-MI-A75I,0.0633,LOW,LOW,0.6083,SINGLE_MODALITY,['ML'],"['DL', 'NLP']",MODERATE,,,SINGLE_MODALITY,False,No active safety alerts.,0,[],[],[],Patient TCGA-MI-A75I evaluated under evidence level [SINGLE_MODALITY]. Synthesized integrated score is 0.0633 yielding raw risk class [LOW]. Contributions (ML: 0.0633 risk weight). Cross-modal concordance: [SINGLE_MODALITY]. No active safety escalations triggered. Final assigned risk is [LOW].
TCGA-A6-6648,0.9994,HIGH,HIGH,0.6496,SINGLE_MODALITY,['ML'],"['DL', 'NLP']",HIGH,,,SINGLE_MODALITY,True,"Elevated risk patient with incomplete modality coverage (Missing: ['DL', 'NLP']). Clinician review recommended.",0,[],[],[],"Patient TCGA-A6-6648 evaluated under evidence level [SINGLE_MODALITY]. Synthesized integrated score is 0.9994 yielding raw risk class [HIGH]. Contributions (ML: 0.9994 risk weight). Cross-modal concordance: [SINGLE_MODALITY]. Safety Net Override: Elevated risk patient with incomplete modality coverage (Missing: ['DL', 'NLP']). Clinician review recommended. Final assigned risk is [HIGH]."
TCGA-29-1693,0.0014,LOW,LOW,0.6468,SINGLE_MODALITY,['ML'],"['DL', 'NLP']",MODERATE,,,SINGLE_MODALITY,False,No active safety alerts.,0,[],[],[],Patient TCGA-29-1693 evaluated under evidence level [SINGLE_MODALITY]. Synthesized integrated score is 0.0014 yielding raw risk class [LOW]. Contributions (ML: 0.0014 risk weight). Cross-modal concordance: [SINGLE_MODALITY]. No active safety escalations triggered. Final assigned risk is [LOW].
TCGA-OL-A6VO,0.0125,LOW,LOW,0.6414,SINGLE_MODALITY,['ML'],"['DL', 'NLP']",MODERATE,,,SINGLE_MODALITY,False,No active safety alerts.,0,[],[],[],Patient TCGA-OL-A6VO evaluated under evidence level [SINGLE_MODALITY]. Synthesized integrated score is 0.0125 yielding raw risk class [LOW]. Contributions (ML: 0.0125 risk weight). Cross-modal concordance: [SINGLE_MODALITY]. No active safety escalations triggered. Final assigned risk is [LOW].
TCGA-18-3421,0.0002,LOW,LOW,0.6456,SINGLE_MODALITY,['ML'],"['DL', 'NLP']",LOW,,,SINGLE_MODALITY,False,No active safety alerts.,0,[],[],[],Patient TCGA-18-3421 evaluated under evidence level [SINGLE_MODALITY]. Synthesized integrated score is 0.0002 yielding raw risk class [LOW]. Contributions (ML: 0.0002 risk weight). Cross-modal concordance: [SINGLE_MODALITY]. No active safety escalations triggered. Final assigned risk is [LOW].
TCGA-E2-A576,0.0001,LOW,LOW,0.6345,SINGLE_MODALITY,['ML'],"['DL', 'NLP']",LOW,,,SINGLE_MODALITY,False,No active safety alerts.,0,[],[],[],Patient TCGA-E2-A576 evaluated under evidence level [SINGLE_MODALITY]. Synthesized integrated score is 0.0001 yielding raw risk class [LOW]. Contributions (ML: 0.0001 risk weight). Cross-modal concordance: [SINGLE_MODALITY]. No active safety escalations triggered. Final assigned risk is [LOW].
TCGA-AN-A04A,0.9925,HIGH,HIGH,0.6451,SINGLE_MODALITY,['ML'],"['DL', 'NLP']",HIGH,,,SINGLE_MODALITY,True,"Elevated risk patient with incomplete modality coverage (Missing: ['DL', 'NLP']). Clinician review recommended.",0,[],[],[],"Patient TCGA-AN-A04A evaluated under evidence level [SINGLE_MODALITY]. Synthesized integrated score is 0.9925 yielding raw risk class [HIGH]. Contributions (ML: 0.9925 risk weight). Cross-modal concordance: [SINGLE_MODALITY]. Safety Net Override: Elevated risk patient with incomplete modality coverage (Missing: ['DL', 'NLP']). Clinician review recommended. Final assigned risk is [HIGH]."
TCGA-BP-4325,0.0,LOW,LOW,0.6498,SINGLE_MODALITY,['ML'],"['DL', 'NLP']",LOW,,,SINGLE_MODALITY,False,No active safety alerts.,0,[],[],[],Patient TCGA-BP-4325 evaluated under evidence level [SINGLE_MODALITY]. Synthesized integrated score is 0.0000 yielding raw risk class [LOW]. Contributions (ML: 0.0000 risk weight). Cross-modal concordance: [SINGLE_MODALITY]. No active safety escalations triggered. Final assigned risk is [LOW].
TCGA-CV-7410,0.9954,HIGH,HIGH,0.647,SINGLE_MODALITY,['ML'],"['DL', 'NLP']",HIGH,,,SINGLE_MODALITY,True,"Elevated risk patient with incomplete modality coverage (Missing: ['DL', 'NLP']). Clinician review recommended.",0,[],[],[],"Patient TCGA-CV-7410 evaluated under evidence level [SINGLE_MODALITY]. Synthesized integrated score is 0.9954 yielding raw risk class [HIGH]. Contributions (ML: 0.9954 risk weight). Cross-modal concordance: [SINGLE_MODALITY]. Safety Net Override: Elevated risk patient with incomplete modality coverage (Missing: ['DL', 'NLP']). Clinician review recommended. Final assigned risk is [HIGH]."
TCGA-77-8139,0.0007,LOW,LOW,0.6477,SINGLE_MODALITY,['ML'],"['DL', 'NLP']",MODERATE,,,SINGLE_MODALITY,False,No active safety alerts.,0,[],[],[],Patient TCGA-77-8139 evaluated under evidence level [SINGLE_MODALITY]. Synthesized integrated score is 0.0007 yielding raw risk class [LOW]. Contributions (ML: 0.0007 risk weight). Cross-modal concordance: [SINGLE_MODALITY]. No active safety escalations triggered. Final assigned risk is [LOW].
TCGA-B6-A0RS,0.001,LOW,LOW,0.6481,SINGLE_MODALITY,['ML'],"['DL', 'NLP']",MODERATE,,,SINGLE_MODALITY,False,No active safety alerts.,0,[],[],[],Patient TCGA-B6-A0RS evaluated under evidence level [SINGLE_MODALITY]. Synthesized integrated score is 0.0010 yielding raw risk class [LOW]. Contributions (ML: 0.0010 risk weight). Cross-modal concordance: [SINGLE_MODALITY]. No active safety escalations triggered. Final assigned risk is [LOW].
TCGA-43-6647,0.0106,LOW,LOW,0.6429,SINGLE_MODALITY,['ML'],"['DL', 'NLP']",MODERATE,,,SINGLE_MODALITY,False,No active safety alerts.,0,[],[],[],Patient TCGA-43-6647 evaluated under evidence level [SINGLE_MODALITY]. Synthesized integrated score is 0.0106 yielding raw risk class [LOW]. Contributions (ML: 0.0106 risk weight). Cross-modal concordance: [SINGLE_MODALITY]. No active safety escalations triggered. Final assigned risk is [LOW].
TCGA-85-A4QR,0.0001,LOW,LOW,0.644,SINGLE_MODALITY,['ML'],"['DL', 'NLP']",LOW,,,SINGLE_MODALITY,False,No active safety alerts.,0,[],[],[],Patient TCGA-85-A4QR evaluated under evidence level [SINGLE_MODALITY]. Synthesized integrated score is 0.0001 yielding raw risk class [LOW]. Contributions (ML: 0.0001 risk weight). Cross-modal concordance: [SINGLE_MODALITY]. No active safety escalations triggered. Final assigned risk is [LOW].
TCGA-BP-4351,0.9994,HIGH,HIGH,0.6496,SINGLE_MODALITY,['ML'],"['DL', 'NLP']",HIGH,,,SINGLE_MODALITY,True,"Elevated risk patient with incomplete modality coverage (Missing: ['DL', 'NLP']). Clinician review recommended.",0,[],[],[],"Patient TCGA-BP-4351 evaluated under evidence level [SINGLE_MODALITY]. Synthesized integrated score is 0.9994 yielding raw risk class [HIGH]. Contributions (ML: 0.9994 risk weight). Cross-modal concordance: [SINGLE_MODALITY]. Safety Net Override: Elevated risk patient with incomplete modality coverage (Missing: ['DL', 'NLP']). Clinician review recommended. Final assigned risk is [HIGH]."
TCGA-D8-A1XF,0.0125,LOW,LOW,0.6398,SINGLE_MODALITY,['ML'],"['DL', 'NLP']",MODERATE,,,SINGLE_MODALITY,False,No active safety alerts.,0,[],[],[],Patient TCGA-D8-A1XF evaluated under evidence level [SINGLE_MODALITY]. Synthesized integrated score is 0.0125 yielding raw risk class [LOW]. Contributions (ML: 0.0125 risk weight). Cross-modal concordance: [SINGLE_MODALITY]. No active safety escalations triggered. Final assigned risk is [LOW].
TCGA-BA-A8YP,0.9997,HIGH,HIGH,0.6498,SINGLE_MODALITY,['ML'],"['DL', 'NLP']",HIGH,,,SINGLE_MODALITY,True,"Elevated risk patient with incomplete modality coverage (Missing: ['DL', 'NLP']). Clinician review recommended.",0,[],[],[],"Patient TCGA-BA-A8YP evaluated under evidence level [SINGLE_MODALITY]. Synthesized integrated score is 0.9997 yielding raw risk class [HIGH]. Contributions (ML: 0.9997 risk weight). Cross-modal concordance: [SINGLE_MODALITY]. Safety Net Override: Elevated risk patient with incomplete modality coverage (Missing: ['DL', 'NLP']). Clinician review recommended. Final assigned risk is [HIGH]."
TCGA-17-Z005,0.0001,LOW,LOW,0.6454,SINGLE_MODALITY,['ML'],"['DL', 'NLP']",LOW,,,SINGLE_MODALITY,False,No active safety alerts.,0,[],[],[],Patient TCGA-17-Z005 evaluated under evidence level [SINGLE_MODALITY]. Synthesized integrated score is 0.0001 yielding raw risk class [LOW]. Contributions (ML: 0.0001 risk weight). Cross-modal concordance: [SINGLE_MODALITY]. No active safety escalations triggered. Final assigned risk is [LOW].
TCGA-E2-A1AZ,0.0011,LOW,LOW,0.6438,SINGLE_MODALITY,['ML'],"['DL', 'NLP']",MODERATE,,,SINGLE_MODALITY,False,No active safety alerts.,0,[],[],[],Patient TCGA-E2-A1AZ evaluated under evidence level [SINGLE_MODALITY]. Synthesized integrated score is 0.0011 yielding raw risk class [LOW]. Contributions (ML: 0.0011 risk weight). Cross-modal concordance: [SINGLE_MODALITY]. No active safety escalations triggered. Final assigned risk is [LOW].
TCGA-23-1118,0.0029,LOW,LOW,0.6453,SINGLE_MODALITY,['ML'],"['DL', 'NLP']",MODERATE,,,SINGLE_MODALITY,False,No active safety alerts.,0,[],[],[],Patient TCGA-23-1118 evaluated under evidence level [SINGLE_MODALITY]. Synthesized integrated score is 0.0029 yielding raw risk class [LOW]. Contributions (ML: 0.0029 risk weight). Cross-modal concordance: [SINGLE_MODALITY]. No active safety escalations triggered. Final assigned risk is [LOW].
TCGA-DQ-7589,0.0203,LOW,LOW,0.6365,SINGLE_MODALITY,['ML'],"['DL', 'NLP']",MODERATE,,,SINGLE_MODALITY,False,No active safety alerts.,0,[],[],[],Patient TCGA-DQ-7589 evaluated under evidence level [SINGLE_MODALITY]. Synthesized integrated score is 0.0203 yielding raw risk class [LOW]. Contributions (ML: 0.0203 risk weight). Cross-modal concordance: [SINGLE_MODALITY]. No active safety escalations triggered. Final assigned risk is [LOW].
TCGA-VP-A87H,0.0012,LOW,LOW,0.6462,SINGLE_MODALITY,['ML'],"['DL', 'NLP']",MODERATE,,,SINGLE_MODALITY,False,No active safety alerts.,0,[],[],[],Patient TCGA-VP-A87H evaluated under evidence level [SINGLE_MODALITY]. Synthesized integrated score is 0.0012 yielding raw risk class [LOW]. Contributions (ML: 0.0012 risk weight). Cross-modal concordance: [SINGLE_MODALITY]. No active safety escalations triggered. Final assigned risk is [LOW].
TCGA-DM-A1DA,0.9994,HIGH,HIGH,0.6496,SINGLE_MODALITY,['ML'],"['DL', 'NLP']",HIGH,,,SINGLE_MODALITY,True,"Elevated risk patient with incomplete modality coverage (Missing: ['DL', 'NLP']). Clinician review recommended.",0,[],[],[],"Patient TCGA-DM-A1DA evaluated under evidence level [SINGLE_MODALITY]. Synthesized integrated score is 0.9994 yielding raw risk class [HIGH]. Contributions (ML: 0.9994 risk weight). Cross-modal concordance: [SINGLE_MODALITY]. Safety Net Override: Elevated risk patient with incomplete modality coverage (Missing: ['DL', 'NLP']). Clinician review recommended. Final assigned risk is [HIGH]."
TCGA-BT-A20N,0.9981,HIGH,HIGH,0.6488,SINGLE_MODALITY,['ML'],"['DL', 'NLP']",HIGH,,,SINGLE_MODALITY,True,"Elevated risk patient with incomplete modality coverage (Missing: ['DL', 'NLP']). Clinician review recommended.",0,[],[],[],"Patient TCGA-BT-A20N evaluated under evidence level [SINGLE_MODALITY]. Synthesized integrated score is 0.9981 yielding raw risk class [HIGH]. Contributions (ML: 0.9981 risk weight). Cross-modal concordance: [SINGLE_MODALITY]. Safety Net Override: Elevated risk patient with incomplete modality coverage (Missing: ['DL', 'NLP']). Clinician review recommended. Final assigned risk is [HIGH]."
TCGA-D5-6537,0.9996,HIGH,HIGH,0.6497,SINGLE_MODALITY,['ML'],"['DL', 'NLP']",HIGH,,,SINGLE_MODALITY,True,"Elevated risk patient with incomplete modality coverage (Missing: ['DL', 'NLP']). Clinician review recommended.",0,[],[],[],"Patient TCGA-D5-6537 evaluated under evidence level [SINGLE_MODALITY]. Synthesized integrated score is 0.9996 yielding raw risk class [HIGH]. Contributions (ML: 0.9996 risk weight). Cross-modal concordance: [SINGLE_MODALITY]. Safety Net Override: Elevated risk patient with incomplete modality coverage (Missing: ['DL', 'NLP']). Clinician review recommended. Final assigned risk is [HIGH]."
TCGA-24-1552,0.0015,LOW,LOW,0.6462,SINGLE_MODALITY,['ML'],"['DL', 'NLP']",MODERATE,,,SINGLE_MODALITY,False,No active safety alerts.,0,[],[],[],Patient TCGA-24-1552 evaluated under evidence level [SINGLE_MODALITY]. Synthesized integrated score is 0.0015 yielding raw risk class [LOW]. Contributions (ML: 0.0015 risk weight). Cross-modal concordance: [SINGLE_MODALITY]. No active safety escalations triggered. Final assigned risk is [LOW].
TCGA-XD-AAUH,0.0001,LOW,LOW,0.6472,SINGLE_MODALITY,['ML'],"['DL', 'NLP']",LOW,,,SINGLE_MODALITY,False,No active safety alerts.,0,[],[],[],Patient TCGA-XD-AAUH evaluated under evidence level [SINGLE_MODALITY]. Synthesized integrated score is 0.0001 yielding raw risk class [LOW]. Contributions (ML: 0.0001 risk weight). Cross-modal concordance: [SINGLE_MODALITY]. No active safety escalations triggered. Final assigned risk is [LOW].
TCGA-BH-A0HY,0.0,LOW,LOW,0.6498,SINGLE_MODALITY,['ML'],"['DL', 'NLP']",LOW,,,SINGLE_MODALITY,False,No active safety alerts.,0,[],[],[],Patient TCGA-BH-A0HY evaluated under evidence level [SINGLE_MODALITY]. Synthesized integrated score is 0.0000 yielding raw risk class [LOW]. Contributions (ML: 0.0000 risk weight). Cross-modal concordance: [SINGLE_MODALITY]. No active safety escalations triggered. Final assigned risk is [LOW].
TCGA-AR-A1AV,0.0037,LOW,LOW,0.6432,SINGLE_MODALITY,['ML'],"['DL', 'NLP']",MODERATE,,,SINGLE_MODALITY,False,No active safety alerts.,0,[],[],[],Patient TCGA-AR-A1AV evaluated under evidence level [SINGLE_MODALITY]. Synthesized integrated score is 0.0037 yielding raw risk class [LOW]. Contributions (ML: 0.0037 risk weight). Cross-modal concordance: [SINGLE_MODALITY]. No active safety escalations triggered. Final assigned risk is [LOW].
TCGA-DD-AACN,0.0001,LOW,LOW,0.6358,SINGLE_MODALITY,['ML'],"['DL', 'NLP']",LOW,,,SINGLE_MODALITY,False,No active safety alerts.,0,[],[],[],Patient TCGA-DD-AACN evaluated under evidence level [SINGLE_MODALITY]. Synthesized integrated score is 0.0001 yielding raw risk class [LOW]. Contributions (ML: 0.0001 risk weight). Cross-modal concordance: [SINGLE_MODALITY]. No active safety escalations triggered. Final assigned risk is [LOW].
TCGA-34-5239,0.2454,LOW,LOW,0.4897,SINGLE_MODALITY,['ML'],"['DL', 'NLP']",MODERATE,,,SINGLE_MODALITY,False,No active safety alerts.,0,[],[],[],Patient TCGA-34-5239 evaluated under evidence level [SINGLE_MODALITY]. Synthesized integrated score is 0.2454 yielding raw risk class [LOW]. Contributions (ML: 0.2454 risk weight). Cross-modal concordance: [SINGLE_MODALITY]. No active safety escalations triggered. Final assigned risk is [LOW].
TCGA-A3-3352,0.9982,HIGH,HIGH,0.6488,SINGLE_MODALITY,['ML'],"['DL', 'NLP']",HIGH,,,SINGLE_MODALITY,True,"Elevated risk patient with incomplete modality coverage (Missing: ['DL', 'NLP']). Clinician review recommended.",0,[],[],[],"Patient TCGA-A3-3352 evaluated under evidence level [SINGLE_MODALITY]. Synthesized integrated score is 0.9982 yielding raw risk class [HIGH]. Contributions (ML: 0.9982 risk weight). Cross-modal concordance: [SINGLE_MODALITY]. Safety Net Override: Elevated risk patient with incomplete modality coverage (Missing: ['DL', 'NLP']). Clinician review recommended. Final assigned risk is [HIGH]."
TCGA-GV-A6ZA,0.0019,LOW,LOW,0.6461,SINGLE_MODALITY,['ML'],"['DL', 'NLP']",MODERATE,,,SINGLE_MODALITY,False,No active safety alerts.,0,[],[],[],Patient TCGA-GV-A6ZA evaluated under evidence level [SINGLE_MODALITY]. Synthesized integrated score is 0.0019 yielding raw risk class [LOW]. Contributions (ML: 0.0019 risk weight). Cross-modal concordance: [SINGLE_MODALITY]. No active safety escalations triggered. Final assigned risk is [LOW].
TCGA-YJ-A8SW,0.0001,LOW,LOW,0.6459,SINGLE_MODALITY,['ML'],"['DL', 'NLP']",LOW,,,SINGLE_MODALITY,False,No active safety alerts.,0,[],[],[],Patient TCGA-YJ-A8SW evaluated under evidence level [SINGLE_MODALITY]. Synthesized integrated score is 0.0001 yielding raw risk class [LOW]. Contributions (ML: 0.0001 risk weight). Cross-modal concordance: [SINGLE_MODALITY]. No active safety escalations triggered. Final assigned risk is [LOW].
TCGA-CN-4730,0.9987,HIGH,HIGH,0.6492,SINGLE_MODALITY,['ML'],"['DL', 'NLP']",HIGH,,,SINGLE_MODALITY,True,"Elevated risk patient with incomplete modality coverage (Missing: ['DL', 'NLP']). Clinician review recommended.",0,[],[],[],"Patient TCGA-CN-4730 evaluated under evidence level [SINGLE_MODALITY]. Synthesized integrated score is 0.9987 yielding raw risk class [HIGH]. Contributions (ML: 0.9987 risk weight). Cross-modal concordance: [SINGLE_MODALITY]. Safety Net Override: Elevated risk patient with incomplete modality coverage (Missing: ['DL', 'NLP']). Clinician review recommended. Final assigned risk is [HIGH]."
TCGA-61-2017,0.0001,LOW,LOW,0.6468,SINGLE_MODALITY,['ML'],"['DL', 'NLP']",LOW,,,SINGLE_MODALITY,False,No active safety alerts.,0,[],[],[],Patient TCGA-61-2017 evaluated under evidence level [SINGLE_MODALITY]. Synthesized integrated score is 0.0001 yielding raw risk class [LOW]. Contributions (ML: 0.0001 risk weight). Cross-modal concordance: [SINGLE_MODALITY]. No active safety escalations triggered. Final assigned risk is [LOW].
TCGA-B6-A0RO,0.998,HIGH,HIGH,0.6487,SINGLE_MODALITY,['ML'],"['DL', 'NLP']",HIGH,,,SINGLE_MODALITY,True,"Elevated risk patient with incomplete modality coverage (Missing: ['DL', 'NLP']). Clinician review recommended.",0,[],[],[],"Patient TCGA-B6-A0RO evaluated under evidence level [SINGLE_MODALITY]. Synthesized integrated score is 0.9980 yielding raw risk class [HIGH]. Contributions (ML: 0.9980 risk weight). Cross-modal concordance: [SINGLE_MODALITY]. Safety Net Override: Elevated risk patient with incomplete modality coverage (Missing: ['DL', 'NLP']). Clinician review recommended. Final assigned risk is [HIGH]."
TCGA-CF-A3MH,0.0004,LOW,LOW,0.6488,SINGLE_MODALITY,['ML'],"['DL', 'NLP']",MODERATE,,,SINGLE_MODALITY,False,No active safety alerts.,0,[],[],[],Patient TCGA-CF-A3MH evaluated under evidence level [SINGLE_MODALITY]. Synthesized integrated score is 0.0004 yielding raw risk class [LOW]. Contributions (ML: 0.0004 risk weight). Cross-modal concordance: [SINGLE_MODALITY]. No active safety escalations triggered. Final assigned risk is [LOW].
TCGA-57-1584,0.0021,LOW,LOW,0.6449,SINGLE_MODALITY,['ML'],"['DL', 'NLP']",MODERATE,,,SINGLE_MODALITY,False,No active safety alerts.,0,[],[],[],Patient TCGA-57-1584 evaluated under evidence level [SINGLE_MODALITY]. Synthesized integrated score is 0.0021 yielding raw risk class [LOW]. Contributions (ML: 0.0021 risk weight). Cross-modal concordance: [SINGLE_MODALITY]. No active safety escalations triggered. Final assigned risk is [LOW].
TCGA-13-0913,0.0046,LOW,LOW,0.6468,SINGLE_MODALITY,['ML'],"['DL', 'NLP']",MODERATE,,,SINGLE_MODALITY,False,No active safety alerts.,0,[],[],[],Patient TCGA-13-0913 evaluated under evidence level [SINGLE_MODALITY]. Synthesized integrated score is 0.0046 yielding raw risk class [LOW]. Contributions (ML: 0.0046 risk weight). Cross-modal concordance: [SINGLE_MODALITY]. No active safety escalations triggered. Final assigned risk is [LOW].
TCGA-75-5147,0.0001,LOW,LOW,0.6452,SINGLE_MODALITY,['ML'],"['DL', 'NLP']",LOW,,,SINGLE_MODALITY,False,No active safety alerts.,0,[],[],[],Patient TCGA-75-5147 evaluated under evidence level [SINGLE_MODALITY]. Synthesized integrated score is 0.0001 yielding raw risk class [LOW]. Contributions (ML: 0.0001 risk weight). Cross-modal concordance: [SINGLE_MODALITY]. No active safety escalations triggered. Final assigned risk is [LOW].
TCGA-A1-A0SM,0.0,LOW,LOW,0.6456,SINGLE_MODALITY,['ML'],"['DL', 'NLP']",LOW,,,SINGLE_MODALITY,False,No active safety alerts.,0,[],[],[],Patient TCGA-A1-A0SM evaluated under evidence level [SINGLE_MODALITY]. Synthesized integrated score is 0.0000 yielding raw risk class [LOW]. Contributions (ML: 0.0000 risk weight). Cross-modal concordance: [SINGLE_MODALITY]. No active safety escalations triggered. Final assigned risk is [LOW].
TCGA-23-1021,0.0184,LOW,LOW,0.6377,SINGLE_MODALITY,['ML'],"['DL', 'NLP']",MODERATE,,,SINGLE_MODALITY,False,No active safety alerts.,0,[],[],[],Patient TCGA-23-1021 evaluated under evidence level [SINGLE_MODALITY]. Synthesized integrated score is 0.0184 yielding raw risk class [LOW]. Contributions (ML: 0.0184 risk weight). Cross-modal concordance: [SINGLE_MODALITY]. No active safety escalations triggered. Final assigned risk is [LOW].
TCGA-AG-A01J,0.0,LOW,LOW,0.6465,SINGLE_MODALITY,['ML'],"['DL', 'NLP']",LOW,,,SINGLE_MODALITY,False,No active safety alerts.,0,[],[],[],Patient TCGA-AG-A01J evaluated under evidence level [SINGLE_MODALITY]. Synthesized integrated score is 0.0000 yielding raw risk class [LOW]. Contributions (ML: 0.0000 risk weight). Cross-modal concordance: [SINGLE_MODALITY]. No active safety escalations triggered. Final assigned risk is [LOW].
TCGA-33-4589,0.0007,LOW,LOW,0.6484,SINGLE_MODALITY,['ML'],"['DL', 'NLP']",MODERATE,,,SINGLE_MODALITY,False,No active safety alerts.,0,[],[],[],Patient TCGA-33-4589 evaluated under evidence level [SINGLE_MODALITY]. Synthesized integrated score is 0.0007 yielding raw risk class [LOW]. Contributions (ML: 0.0007 risk weight). Cross-modal concordance: [SINGLE_MODALITY]. No active safety escalations triggered. Final assigned risk is [LOW].
TCGA-B0-4819,0.9992,HIGH,HIGH,0.6495,SINGLE_MODALITY,['ML'],"['DL', 'NLP']",HIGH,,,SINGLE_MODALITY,True,"Elevated risk patient with incomplete modality coverage (Missing: ['DL', 'NLP']). Clinician review recommended.",0,[],[],[],"Patient TCGA-B0-4819 evaluated under evidence level [SINGLE_MODALITY]. Synthesized integrated score is 0.9992 yielding raw risk class [HIGH]. Contributions (ML: 0.9992 risk weight). Cross-modal concordance: [SINGLE_MODALITY]. Safety Net Override: Elevated risk patient with incomplete modality coverage (Missing: ['DL', 'NLP']). Clinician review recommended. Final assigned risk is [HIGH]."
TCGA-CJ-5672,0.0002,LOW,LOW,0.6412,SINGLE_MODALITY,['ML'],"['DL', 'NLP']",LOW,,,SINGLE_MODALITY,False,No active safety alerts.,0,[],[],[],Patient TCGA-CJ-5672 evaluated under evidence level [SINGLE_MODALITY]. Synthesized integrated score is 0.0002 yielding raw risk class [LOW]. Contributions (ML: 0.0002 risk weight). Cross-modal concordance: [SINGLE_MODALITY]. No active safety escalations triggered. Final assigned risk is [LOW].
TCGA-DD-A73B,0.0001,LOW,LOW,0.633,SINGLE_MODALITY,['ML'],"['DL', 'NLP']",LOW,,,SINGLE_MODALITY,False,No active safety alerts.,0,[],[],[],Patient TCGA-DD-A73B evaluated under evidence level [SINGLE_MODALITY]. Synthesized integrated score is 0.0001 yielding raw risk class [LOW]. Contributions (ML: 0.0001 risk weight). Cross-modal concordance: [SINGLE_MODALITY]. No active safety escalations triggered. Final assigned risk is [LOW].
TCGA-FB-AAQ3,0.0078,LOW,LOW,0.6447,SINGLE_MODALITY,['ML'],"['DL', 'NLP']",MODERATE,,,SINGLE_MODALITY,False,No active safety alerts.,0,[],[],[],Patient TCGA-FB-AAQ3 evaluated under evidence level [SINGLE_MODALITY]. Synthesized integrated score is 0.0078 yielding raw risk class [LOW]. Contributions (ML: 0.0078 risk weight). Cross-modal concordance: [SINGLE_MODALITY]. No active safety escalations triggered. Final assigned risk is [LOW].
TCGA-3A-A9IN,0.0,LOW,LOW,0.6498,SINGLE_MODALITY,['ML'],"['DL', 'NLP']",LOW,,,SINGLE_MODALITY,False,No active safety alerts.,0,[],[],[],Patient TCGA-3A-A9IN evaluated under evidence level [SINGLE_MODALITY]. Synthesized integrated score is 0.0000 yielding raw risk class [LOW]. Contributions (ML: 0.0000 risk weight). Cross-modal concordance: [SINGLE_MODALITY]. No active safety escalations triggered. Final assigned risk is [LOW].
TCGA-60-2722,0.7586,HIGH,HIGH,0.4931,SINGLE_MODALITY,['ML'],"['DL', 'NLP']",HIGH,,,SINGLE_MODALITY,True,"Elevated risk patient with incomplete modality coverage (Missing: ['DL', 'NLP']). Clinician review recommended.",0,[],[],[],"Patient TCGA-60-2722 evaluated under evidence level [SINGLE_MODALITY]. Synthesized integrated score is 0.7586 yielding raw risk class [HIGH]. Contributions (ML: 0.7586 risk weight). Cross-modal concordance: [SINGLE_MODALITY]. Safety Net Override: Elevated risk patient with incomplete modality coverage (Missing: ['DL', 'NLP']). Clinician review recommended. Final assigned risk is [HIGH]."
TCGA-AR-A24Q,0.9396,HIGH,HIGH,0.6107,SINGLE_MODALITY,['ML'],"['DL', 'NLP']",HIGH,,,SINGLE_MODALITY,True,"Elevated risk patient with incomplete modality coverage (Missing: ['DL', 'NLP']). Clinician review recommended.",0,[],[],[],"Patient TCGA-AR-A24Q evaluated under evidence level [SINGLE_MODALITY]. Synthesized integrated score is 0.9396 yielding raw risk class [HIGH]. Contributions (ML: 0.9396 risk weight). Cross-modal concordance: [SINGLE_MODALITY]. Safety Net Override: Elevated risk patient with incomplete modality coverage (Missing: ['DL', 'NLP']). Clinician review recommended. Final assigned risk is [HIGH]."
TCGA-HC-7819,0.0001,LOW,LOW,0.6463,SINGLE_MODALITY,['ML'],"['DL', 'NLP']",LOW,,,SINGLE_MODALITY,False,No active safety alerts.,0,[],[],[],Patient TCGA-HC-7819 evaluated under evidence level [SINGLE_MODALITY]. Synthesized integrated score is 0.0001 yielding raw risk class [LOW]. Contributions (ML: 0.0001 risk weight). Cross-modal concordance: [SINGLE_MODALITY]. No active safety escalations triggered. Final assigned risk is [LOW].
TCGA-24-1560,0.999,HIGH,HIGH,0.6493,SINGLE_MODALITY,['ML'],"['DL', 'NLP']",HIGH,,,SINGLE_MODALITY,True,"Elevated risk patient with incomplete modality coverage (Missing: ['DL', 'NLP']). Clinician review recommended.",0,[],[],[],"Patient TCGA-24-1560 evaluated under evidence level [SINGLE_MODALITY]. Synthesized integrated score is 0.9990 yielding raw risk class [HIGH]. Contributions (ML: 0.9990 risk weight). Cross-modal concordance: [SINGLE_MODALITY]. Safety Net Override: Elevated risk patient with incomplete modality coverage (Missing: ['DL', 'NLP']). Clinician review recommended. Final assigned risk is [HIGH]."
TCGA-78-7539,0.0016,LOW,LOW,0.6441,SINGLE_MODALITY,['ML'],"['DL', 'NLP']",MODERATE,,,SINGLE_MODALITY,False,No active safety alerts.,0,[],[],[],Patient TCGA-78-7539 evaluated under evidence level [SINGLE_MODALITY]. Synthesized integrated score is 0.0016 yielding raw risk class [LOW]. Contributions (ML: 0.0016 risk weight). Cross-modal concordance: [SINGLE_MODALITY]. No active safety escalations triggered. Final assigned risk is [LOW].
TCGA-B6-A1KC,0.0001,LOW,LOW,0.6466,SINGLE_MODALITY,['ML'],"['DL', 'NLP']",LOW,,,SINGLE_MODALITY,False,No active safety alerts.,0,[],[],[],Patient TCGA-B6-A1KC evaluated under evidence level [SINGLE_MODALITY]. Synthesized integrated score is 0.0001 yielding raw risk class [LOW]. Contributions (ML: 0.0001 risk weight). Cross-modal concordance: [SINGLE_MODALITY]. No active safety escalations triggered. Final assigned risk is [LOW].
TCGA-CQ-7063,0.0002,LOW,LOW,0.6425,SINGLE_MODALITY,['ML'],"['DL', 'NLP']",LOW,,,SINGLE_MODALITY,False,No active safety alerts.,0,[],[],[],Patient TCGA-CQ-7063 evaluated under evidence level [SINGLE_MODALITY]. Synthesized integrated score is 0.0002 yielding raw risk class [LOW]. Contributions (ML: 0.0002 risk weight). Cross-modal concordance: [SINGLE_MODALITY]. No active safety escalations triggered. Final assigned risk is [LOW].
TCGA-CQ-7072,0.0008,LOW,LOW,0.6483,SINGLE_MODALITY,['ML'],"['DL', 'NLP']",MODERATE,,,SINGLE_MODALITY,False,No active safety alerts.,0,[],[],[],Patient TCGA-CQ-7072 evaluated under evidence level [SINGLE_MODALITY]. Synthesized integrated score is 0.0008 yielding raw risk class [LOW]. Contributions (ML: 0.0008 risk weight). Cross-modal concordance: [SINGLE_MODALITY]. No active safety escalations triggered. Final assigned risk is [LOW].
TCGA-61-1743,0.0014,LOW,LOW,0.646,SINGLE_MODALITY,['ML'],"['DL', 'NLP']",MODERATE,,,SINGLE_MODALITY,False,No active safety alerts.,0,[],[],[],Patient TCGA-61-1743 evaluated under evidence level [SINGLE_MODALITY]. Synthesized integrated score is 0.0014 yielding raw risk class [LOW]. Contributions (ML: 0.0014 risk weight). Cross-modal concordance: [SINGLE_MODALITY]. No active safety escalations triggered. Final assigned risk is [LOW].
TCGA-AR-A251,0.9997,HIGH,HIGH,0.6498,SINGLE_MODALITY,['ML'],"['DL', 'NLP']",HIGH,,,SINGLE_MODALITY,True,"Elevated risk patient with incomplete modality coverage (Missing: ['DL', 'NLP']). Clinician review recommended.",0,[],[],[],"Patient TCGA-AR-A251 evaluated under evidence level [SINGLE_MODALITY]. Synthesized integrated score is 0.9997 yielding raw risk class [HIGH]. Contributions (ML: 0.9997 risk weight). Cross-modal concordance: [SINGLE_MODALITY]. Safety Net Override: Elevated risk patient with incomplete modality coverage (Missing: ['DL', 'NLP']). Clinician review recommended. Final assigned risk is [HIGH]."
TCGA-55-8510,0.0,LOW,LOW,0.6499,SINGLE_MODALITY,['ML'],"['DL', 'NLP']",LOW,,,SINGLE_MODALITY,False,No active safety alerts.,0,[],[],[],Patient TCGA-55-8510 evaluated under evidence level [SINGLE_MODALITY]. Synthesized integrated score is 0.0000 yielding raw risk class [LOW]. Contributions (ML: 0.0000 risk weight). Cross-modal concordance: [SINGLE_MODALITY]. No active safety escalations triggered. Final assigned risk is [LOW].
TCGA-CM-4747,0.9985,HIGH,HIGH,0.649,SINGLE_MODALITY,['ML'],"['DL', 'NLP']",HIGH,,,SINGLE_MODALITY,True,"Elevated risk patient with incomplete modality coverage (Missing: ['DL', 'NLP']). Clinician review recommended.",0,[],[],[],"Patient TCGA-CM-4747 evaluated under evidence level [SINGLE_MODALITY]. Synthesized integrated score is 0.9985 yielding raw risk class [HIGH]. Contributions (ML: 0.9985 risk weight). Cross-modal concordance: [SINGLE_MODALITY]. Safety Net Override: Elevated risk patient with incomplete modality coverage (Missing: ['DL', 'NLP']). Clinician review recommended. Final assigned risk is [HIGH]."
TCGA-RC-A6M5,0.9366,HIGH,HIGH,0.6088,SINGLE_MODALITY,['ML'],"['DL', 'NLP']",HIGH,,,SINGLE_MODALITY,True,"Elevated risk patient with incomplete modality coverage (Missing: ['DL', 'NLP']). Clinician review recommended.",0,[],[],[],"Patient TCGA-RC-A6M5 evaluated under evidence level [SINGLE_MODALITY]. Synthesized integrated score is 0.9366 yielding raw risk class [HIGH]. Contributions (ML: 0.9366 risk weight). Cross-modal concordance: [SINGLE_MODALITY]. Safety Net Override: Elevated risk patient with incomplete modality coverage (Missing: ['DL', 'NLP']). Clinician review recommended. Final assigned risk is [HIGH]."
TCGA-FS-A1ZP,0.0016,LOW,LOW,0.6427,SINGLE_MODALITY,['ML'],"['DL', 'NLP']",MODERATE,,,SINGLE_MODALITY,False,No active safety alerts.,0,[],[],[],Patient TCGA-FS-A1ZP evaluated under evidence level [SINGLE_MODALITY]. Synthesized integrated score is 0.0016 yielding raw risk class [LOW]. Contributions (ML: 0.0016 risk weight). Cross-modal concordance: [SINGLE_MODALITY]. No active safety escalations triggered. Final assigned risk is [LOW].
TCGA-ZF-AA5N,0.9992,HIGH,HIGH,0.6495,SINGLE_MODALITY,['ML'],"['DL', 'NLP']",HIGH,,,SINGLE_MODALITY,True,"Elevated risk patient with incomplete modality coverage (Missing: ['DL', 'NLP']). Clinician review recommended.",0,[],[],[],"Patient TCGA-ZF-AA5N evaluated under evidence level [SINGLE_MODALITY]. Synthesized integrated score is 0.9992 yielding raw risk class [HIGH]. Contributions (ML: 0.9992 risk weight). Cross-modal concordance: [SINGLE_MODALITY]. Safety Net Override: Elevated risk patient with incomplete modality coverage (Missing: ['DL', 'NLP']). Clinician review recommended. Final assigned risk is [HIGH]."
TCGA-V1-A8WS,0.0001,LOW,LOW,0.6471,SINGLE_MODALITY,['ML'],"['DL', 'NLP']",LOW,,,SINGLE_MODALITY,False,No active safety alerts.,0,[],[],[],Patient TCGA-V1-A8WS evaluated under evidence level [SINGLE_MODALITY]. Synthesized integrated score is 0.0001 yielding raw risk class [LOW]. Contributions (ML: 0.0001 risk weight). Cross-modal concordance: [SINGLE_MODALITY]. No active safety escalations triggered. Final assigned risk is [LOW].
TCGA-A2-A04W,0.0007,LOW,LOW,0.6485,SINGLE_MODALITY,['ML'],"['DL', 'NLP']",MODERATE,,,SINGLE_MODALITY,False,No active safety alerts.,0,[],[],[],Patient TCGA-A2-A04W evaluated under evidence level [SINGLE_MODALITY]. Synthesized integrated score is 0.0007 yielding raw risk class [LOW]. Contributions (ML: 0.0007 risk weight). Cross-modal concordance: [SINGLE_MODALITY]. No active safety escalations triggered. Final assigned risk is [LOW].
TCGA-33-4582,0.0258,LOW,LOW,0.6274,SINGLE_MODALITY,['ML'],"['DL', 'NLP']",MODERATE,,,SINGLE_MODALITY,False,No active safety alerts.,0,[],[],[],Patient TCGA-33-4582 evaluated under evidence level [SINGLE_MODALITY]. Synthesized integrated score is 0.0258 yielding raw risk class [LOW]. Contributions (ML: 0.0258 risk weight). Cross-modal concordance: [SINGLE_MODALITY]. No active safety escalations triggered. Final assigned risk is [LOW].
TCGA-AC-A6IV,0.0016,LOW,LOW,0.6455,SINGLE_MODALITY,['ML'],"['DL', 'NLP']",MODERATE,,,SINGLE_MODALITY,False,No active safety alerts.,0,[],[],[],Patient TCGA-AC-A6IV evaluated under evidence level [SINGLE_MODALITY]. Synthesized integrated score is 0.0016 yielding raw risk class [LOW]. Contributions (ML: 0.0016 risk weight). Cross-modal concordance: [SINGLE_MODALITY]. No active safety escalations triggered. Final assigned risk is [LOW].
TCGA-56-8304,0.0025,LOW,LOW,0.6399,SINGLE_MODALITY,['ML'],"['DL', 'NLP']",MODERATE,,,SINGLE_MODALITY,False,No active safety alerts.,0,[],[],[],Patient TCGA-56-8304 evaluated under evidence level [SINGLE_MODALITY]. Synthesized integrated score is 0.0025 yielding raw risk class [LOW]. Contributions (ML: 0.0025 risk weight). Cross-modal concordance: [SINGLE_MODALITY]. No active safety escalations triggered. Final assigned risk is [LOW].
TCGA-EE-A29W,0.0023,LOW,LOW,0.6447,SINGLE_MODALITY,['ML'],"['DL', 'NLP']",MODERATE,,,SINGLE_MODALITY,False,No active safety alerts.,0,[],[],[],Patient TCGA-EE-A29W evaluated under evidence level [SINGLE_MODALITY]. Synthesized integrated score is 0.0023 yielding raw risk class [LOW]. Contributions (ML: 0.0023 risk weight). Cross-modal concordance: [SINGLE_MODALITY]. No active safety escalations triggered. Final assigned risk is [LOW].
TCGA-IB-7652,0.0001,LOW,LOW,0.6465,SINGLE_MODALITY,['ML'],"['DL', 'NLP']",LOW,,,SINGLE_MODALITY,False,No active safety alerts.,0,[],[],[],Patient TCGA-IB-7652 evaluated under evidence level [SINGLE_MODALITY]. Synthesized integrated score is 0.0001 yielding raw risk class [LOW]. Contributions (ML: 0.0001 risk weight). Cross-modal concordance: [SINGLE_MODALITY]. No active safety escalations triggered. Final assigned risk is [LOW].
TCGA-VP-AA1N,0.0001,LOW,LOW,0.6457,SINGLE_MODALITY,['ML'],"['DL', 'NLP']",LOW,,,SINGLE_MODALITY,False,No active safety alerts.,0,[],[],[],Patient TCGA-VP-AA1N evaluated under evidence level [SINGLE_MODALITY]. Synthesized integrated score is 0.0001 yielding raw risk class [LOW]. Contributions (ML: 0.0001 risk weight). Cross-modal concordance: [SINGLE_MODALITY]. No active safety escalations triggered. Final assigned risk is [LOW].
TCGA-36-1571,0.0019,LOW,LOW,0.6454,SINGLE_MODALITY,['ML'],"['DL', 'NLP']",MODERATE,,,SINGLE_MODALITY,False,No active safety alerts.,0,[],[],[],Patient TCGA-36-1571 evaluated under evidence level [SINGLE_MODALITY]. Synthesized integrated score is 0.0019 yielding raw risk class [LOW]. Contributions (ML: 0.0019 risk weight). Cross-modal concordance: [SINGLE_MODALITY]. No active safety escalations triggered. Final assigned risk is [LOW].
TCGA-13-0912,0.0027,LOW,LOW,0.6436,SINGLE_MODALITY,['ML'],"['DL', 'NLP']",MODERATE,,,SINGLE_MODALITY,False,No active safety alerts.,0,[],[],[],Patient TCGA-13-0912 evaluated under evidence level [SINGLE_MODALITY]. Synthesized integrated score is 0.0027 yielding raw risk class [LOW]. Contributions (ML: 0.0027 risk weight). Cross-modal concordance: [SINGLE_MODALITY]. No active safety escalations triggered. Final assigned risk is [LOW].
TCGA-FB-AAPZ,0.0001,LOW,LOW,0.6458,SINGLE_MODALITY,['ML'],"['DL', 'NLP']",LOW,,,SINGLE_MODALITY,False,No active safety alerts.,0,[],[],[],Patient TCGA-FB-AAPZ evaluated under evidence level [SINGLE_MODALITY]. Synthesized integrated score is 0.0001 yielding raw risk class [LOW]. Contributions (ML: 0.0001 risk weight). Cross-modal concordance: [SINGLE_MODALITY]. No active safety escalations triggered. Final assigned risk is [LOW].
TCGA-17-Z028,0.0001,LOW,LOW,0.6461,SINGLE_MODALITY,['ML'],"['DL', 'NLP']",LOW,,,SINGLE_MODALITY,False,No active safety alerts.,0,[],[],[],Patient TCGA-17-Z028 evaluated under evidence level [SINGLE_MODALITY]. Synthesized integrated score is 0.0001 yielding raw risk class [LOW]. Contributions (ML: 0.0001 risk weight). Cross-modal concordance: [SINGLE_MODALITY]. No active safety escalations triggered. Final assigned risk is [LOW].
TCGA-AZ-4308,0.0337,LOW,LOW,0.6215,SINGLE_MODALITY,['ML'],"['DL', 'NLP']",MODERATE,,,SINGLE_MODALITY,False,No active safety alerts.,0,[],[],[],Patient TCGA-AZ-4308 evaluated under evidence level [SINGLE_MODALITY]. Synthesized integrated score is 0.0337 yielding raw risk class [LOW]. Contributions (ML: 0.0337 risk weight). Cross-modal concordance: [SINGLE_MODALITY]. No active safety escalations triggered. Final assigned risk is [LOW].
TCGA-DD-A73E,0.0073,LOW,LOW,0.5885,SINGLE_MODALITY,['ML'],"['DL', 'NLP']",MODERATE,,,SINGLE_MODALITY,False,No active safety alerts.,0,[],[],[],Patient TCGA-DD-A73E evaluated under evidence level [SINGLE_MODALITY]. Synthesized integrated score is 0.0073 yielding raw risk class [LOW]. Contributions (ML: 0.0073 risk weight). Cross-modal concordance: [SINGLE_MODALITY]. No active safety escalations triggered. Final assigned risk is [LOW].
TCGA-BH-A204,0.0017,LOW,LOW,0.6458,SINGLE_MODALITY,['ML'],"['DL', 'NLP']",MODERATE,,,SINGLE_MODALITY,False,No active safety alerts.,0,[],[],[],Patient TCGA-BH-A204 evaluated under evidence level [SINGLE_MODALITY]. Synthesized integrated score is 0.0017 yielding raw risk class [LOW]. Contributions (ML: 0.0017 risk weight). Cross-modal concordance: [SINGLE_MODALITY]. No active safety escalations triggered. Final assigned risk is [LOW].
TCGA-EE-A2M5,0.0069,LOW,LOW,0.6373,SINGLE_MODALITY,['ML'],"['DL', 'NLP']",MODERATE,,,SINGLE_MODALITY,False,No active safety alerts.,0,[],[],[],Patient TCGA-EE-A2M5 evaluated under evidence level [SINGLE_MODALITY]. Synthesized integrated score is 0.0069 yielding raw risk class [LOW]. Contributions (ML: 0.0069 risk weight). Cross-modal concordance: [SINGLE_MODALITY]. No active safety escalations triggered. Final assigned risk is [LOW].
TCGA-G9-6364,0.0031,LOW,LOW,0.6425,SINGLE_MODALITY,['ML'],"['DL', 'NLP']",MODERATE,,,SINGLE_MODALITY,False,No active safety alerts.,0,[],[],[],Patient TCGA-G9-6364 evaluated under evidence level [SINGLE_MODALITY]. Synthesized integrated score is 0.0031 yielding raw risk class [LOW]. Contributions (ML: 0.0031 risk weight). Cross-modal concordance: [SINGLE_MODALITY]. No active safety escalations triggered. Final assigned risk is [LOW].
TCGA-DD-A11B,0.0065,LOW,LOW,0.6091,SINGLE_MODALITY,['ML'],"['DL', 'NLP']",MODERATE,,,SINGLE_MODALITY,False,No active safety alerts.,0,[],[],[],Patient TCGA-DD-A11B evaluated under evidence level [SINGLE_MODALITY]. Synthesized integrated score is 0.0065 yielding raw risk class [LOW]. Contributions (ML: 0.0065 risk weight). Cross-modal concordance: [SINGLE_MODALITY]. No active safety escalations triggered. Final assigned risk is [LOW].
TCGA-J2-8194,0.0027,LOW,LOW,0.6438,SINGLE_MODALITY,['ML'],"['DL', 'NLP']",MODERATE,,,SINGLE_MODALITY,False,No active safety alerts.,0,[],[],[],Patient TCGA-J2-8194 evaluated under evidence level [SINGLE_MODALITY]. Synthesized integrated score is 0.0027 yielding raw risk class [LOW]. Contributions (ML: 0.0027 risk weight). Cross-modal concordance: [SINGLE_MODALITY]. No active safety escalations triggered. Final assigned risk is [LOW].
TCGA-J9-A52D,0.0023,LOW,LOW,0.6453,SINGLE_MODALITY,['ML'],"['DL', 'NLP']",MODERATE,,,SINGLE_MODALITY,False,No active safety alerts.,0,[],[],[],Patient TCGA-J9-A52D evaluated under evidence level [SINGLE_MODALITY]. Synthesized integrated score is 0.0023 yielding raw risk class [LOW]. Contributions (ML: 0.0023 risk weight). Cross-modal concordance: [SINGLE_MODALITY]. No active safety escalations triggered. Final assigned risk is [LOW].
TCGA-63-A5MN,0.0054,LOW,LOW,0.6462,SINGLE_MODALITY,['ML'],"['DL', 'NLP']",MODERATE,,,SINGLE_MODALITY,False,No active safety alerts.,0,[],[],[],Patient TCGA-63-A5MN evaluated under evidence level [SINGLE_MODALITY]. Synthesized integrated score is 0.0054 yielding raw risk class [LOW]. Contributions (ML: 0.0054 risk weight). Cross-modal concordance: [SINGLE_MODALITY]. No active safety escalations triggered. Final assigned risk is [LOW].
TCGA-DM-A28F,0.9997,HIGH,HIGH,0.6498,SINGLE_MODALITY,['ML'],"['DL', 'NLP']",HIGH,,,SINGLE_MODALITY,True,"Elevated risk patient with incomplete modality coverage (Missing: ['DL', 'NLP']). Clinician review recommended.",0,[],[],[],"Patient TCGA-DM-A28F evaluated under evidence level [SINGLE_MODALITY]. Synthesized integrated score is 0.9997 yielding raw risk class [HIGH]. Contributions (ML: 0.9997 risk weight). Cross-modal concordance: [SINGLE_MODALITY]. Safety Net Override: Elevated risk patient with incomplete modality coverage (Missing: ['DL', 'NLP']). Clinician review recommended. Final assigned risk is [HIGH]."
TCGA-ED-A66Y,0.9946,HIGH,HIGH,0.6465,SINGLE_MODALITY,['ML'],"['DL', 'NLP']",HIGH,,,SINGLE_MODALITY,True,"Elevated risk patient with incomplete modality coverage (Missing: ['DL', 'NLP']). Clinician review recommended.",0,[],[],[],"Patient TCGA-ED-A66Y evaluated under evidence level [SINGLE_MODALITY]. Synthesized integrated score is 0.9946 yielding raw risk class [HIGH]. Contributions (ML: 0.9946 risk weight). Cross-modal concordance: [SINGLE_MODALITY]. Safety Net Override: Elevated risk patient with incomplete modality coverage (Missing: ['DL', 'NLP']). Clinician review recommended. Final assigned risk is [HIGH]."
TCGA-CJ-4876,0.0001,LOW,LOW,0.6476,SINGLE_MODALITY,['ML'],"['DL', 'NLP']",LOW,,,SINGLE_MODALITY,False,No active safety alerts.,0,[],[],[],Patient TCGA-CJ-4876 evaluated under evidence level [SINGLE_MODALITY]. Synthesized integrated score is 0.0001 yielding raw risk class [LOW]. Contributions (ML: 0.0001 risk weight). Cross-modal concordance: [SINGLE_MODALITY]. No active safety escalations triggered. Final assigned risk is [LOW].
TCGA-A2-A0EM,0.0,LOW,LOW,0.6497,SINGLE_MODALITY,['ML'],"['DL', 'NLP']",LOW,,,SINGLE_MODALITY,False,No active safety alerts.,0,[],[],[],Patient TCGA-A2-A0EM evaluated under evidence level [SINGLE_MODALITY]. Synthesized integrated score is 0.0000 yielding raw risk class [LOW]. Contributions (ML: 0.0000 risk weight). Cross-modal concordance: [SINGLE_MODALITY]. No active safety escalations triggered. Final assigned risk is [LOW].
TCGA-A6-2684,0.0001,LOW,LOW,0.6427,SINGLE_MODALITY,['ML'],"['DL', 'NLP']",LOW,,,SINGLE_MODALITY,False,No active safety alerts.,0,[],[],[],Patient TCGA-A6-2684 evaluated under evidence level [SINGLE_MODALITY]. Synthesized integrated score is 0.0001 yielding raw risk class [LOW]. Contributions (ML: 0.0001 risk weight). Cross-modal concordance: [SINGLE_MODALITY]. No active safety escalations triggered. Final assigned risk is [LOW].
TCGA-B2-3924,0.0003,LOW,LOW,0.6065,SINGLE_MODALITY,['ML'],"['DL', 'NLP']",LOW,,,SINGLE_MODALITY,False,No active safety alerts.,0,[],[],[],Patient TCGA-B2-3924 evaluated under evidence level [SINGLE_MODALITY]. Synthesized integrated score is 0.0003 yielding raw risk class [LOW]. Contributions (ML: 0.0003 risk weight). Cross-modal concordance: [SINGLE_MODALITY]. No active safety escalations triggered. Final assigned risk is [LOW].
TCGA-ER-A42K,0.998,HIGH,HIGH,0.6487,SINGLE_MODALITY,['ML'],"['DL', 'NLP']",HIGH,,,SINGLE_MODALITY,True,"Elevated risk patient with incomplete modality coverage (Missing: ['DL', 'NLP']). Clinician review recommended.",0,[],[],[],"Patient TCGA-ER-A42K evaluated under evidence level [SINGLE_MODALITY]. Synthesized integrated score is 0.9980 yielding raw risk class [HIGH]. Contributions (ML: 0.9980 risk weight). Cross-modal concordance: [SINGLE_MODALITY]. Safety Net Override: Elevated risk patient with incomplete modality coverage (Missing: ['DL', 'NLP']). Clinician review recommended. Final assigned risk is [HIGH]."
TCGA-P3-A5QA,0.0004,LOW,LOW,0.6392,SINGLE_MODALITY,['ML'],"['DL', 'NLP']",LOW,,,SINGLE_MODALITY,False,No active safety alerts.,0,[],[],[],Patient TCGA-P3-A5QA evaluated under evidence level [SINGLE_MODALITY]. Synthesized integrated score is 0.0004 yielding raw risk class [LOW]. Contributions (ML: 0.0004 risk weight). Cross-modal concordance: [SINGLE_MODALITY]. No active safety escalations triggered. Final assigned risk is [LOW].
TCGA-J4-A67L,0.0,LOW,LOW,0.6469,SINGLE_MODALITY,['ML'],"['DL', 'NLP']",LOW,,,SINGLE_MODALITY,False,No active safety alerts.,0,[],[],[],Patient TCGA-J4-A67L evaluated under evidence level [SINGLE_MODALITY]. Synthesized integrated score is 0.0000 yielding raw risk class [LOW]. Contributions (ML: 0.0000 risk weight). Cross-modal concordance: [SINGLE_MODALITY]. No active safety escalations triggered. Final assigned risk is [LOW].
TCGA-CK-5913,0.0014,LOW,LOW,0.6471,SINGLE_MODALITY,['ML'],"['DL', 'NLP']",MODERATE,,,SINGLE_MODALITY,False,No active safety alerts.,0,[],[],[],Patient TCGA-CK-5913 evaluated under evidence level [SINGLE_MODALITY]. Synthesized integrated score is 0.0014 yielding raw risk class [LOW]. Contributions (ML: 0.0014 risk weight). Cross-modal concordance: [SINGLE_MODALITY]. No active safety escalations triggered. Final assigned risk is [LOW].
TCGA-DD-AAD6,0.4208,MODERATE,MODERATE,0.3751,SINGLE_MODALITY,['ML'],"['DL', 'NLP']",MODERATE,,,SINGLE_MODALITY,True,"Elevated risk patient with incomplete modality coverage (Missing: ['DL', 'NLP']). Clinician review recommended.",0,[],[],[],"Patient TCGA-DD-AAD6 evaluated under evidence level [SINGLE_MODALITY]. Synthesized integrated score is 0.4208 yielding raw risk class [MODERATE]. Contributions (ML: 0.4208 risk weight). Cross-modal concordance: [SINGLE_MODALITY]. Safety Net Override: Elevated risk patient with incomplete modality coverage (Missing: ['DL', 'NLP']). Clinician review recommended. Final assigned risk is [MODERATE]."
TCGA-QK-A8ZA,0.0031,LOW,LOW,0.6451,SINGLE_MODALITY,['ML'],"['DL', 'NLP']",MODERATE,,,SINGLE_MODALITY,False,No active safety alerts.,0,[],[],[],Patient TCGA-QK-A8ZA evaluated under evidence level [SINGLE_MODALITY]. Synthesized integrated score is 0.0031 yielding raw risk class [LOW]. Contributions (ML: 0.0031 risk weight). Cross-modal concordance: [SINGLE_MODALITY]. No active safety escalations triggered. Final assigned risk is [LOW].
TCGA-EE-A3JH,0.0,LOW,LOW,0.6498,SINGLE_MODALITY,['ML'],"['DL', 'NLP']",LOW,,,SINGLE_MODALITY,False,No active safety alerts.,0,[],[],[],Patient TCGA-EE-A3JH evaluated under evidence level [SINGLE_MODALITY]. Synthesized integrated score is 0.0000 yielding raw risk class [LOW]. Contributions (ML: 0.0000 risk weight). Cross-modal concordance: [SINGLE_MODALITY]. No active safety escalations triggered. Final assigned risk is [LOW].
TCGA-55-6985,0.0,LOW,LOW,0.6497,SINGLE_MODALITY,['ML'],"['DL', 'NLP']",LOW,,,SINGLE_MODALITY,False,No active safety alerts.,0,[],[],[],Patient TCGA-55-6985 evaluated under evidence level [SINGLE_MODALITY]. Synthesized integrated score is 0.0000 yielding raw risk class [LOW]. Contributions (ML: 0.0000 risk weight). Cross-modal concordance: [SINGLE_MODALITY]. No active safety escalations triggered. Final assigned risk is [LOW].
TCGA-CJ-4908,0.0,LOW,LOW,0.6498,SINGLE_MODALITY,['ML'],"['DL', 'NLP']",LOW,,,SINGLE_MODALITY,False,No active safety alerts.,0,[],[],[],Patient TCGA-CJ-4908 evaluated under evidence level [SINGLE_MODALITY]. Synthesized integrated score is 0.0000 yielding raw risk class [LOW]. Contributions (ML: 0.0000 risk weight). Cross-modal concordance: [SINGLE_MODALITY]. No active safety escalations triggered. Final assigned risk is [LOW].
TCGA-EW-A1PD,0.0001,LOW,LOW,0.6459,SINGLE_MODALITY,['ML'],"['DL', 'NLP']",LOW,,,SINGLE_MODALITY,False,No active safety alerts.,0,[],[],[],Patient TCGA-EW-A1PD evaluated under evidence level [SINGLE_MODALITY]. Synthesized integrated score is 0.0001 yielding raw risk class [LOW]. Contributions (ML: 0.0001 risk weight). Cross-modal concordance: [SINGLE_MODALITY]. No active safety escalations triggered. Final assigned risk is [LOW].
TCGA-24-1418,0.8568,HIGH,HIGH,0.5569,SINGLE_MODALITY,['ML'],"['DL', 'NLP']",HIGH,,,SINGLE_MODALITY,True,"Elevated risk patient with incomplete modality coverage (Missing: ['DL', 'NLP']). Clinician review recommended.",0,[],[],[],"Patient TCGA-24-1418 evaluated under evidence level [SINGLE_MODALITY]. Synthesized integrated score is 0.8568 yielding raw risk class [HIGH]. Contributions (ML: 0.8568 risk weight). Cross-modal concordance: [SINGLE_MODALITY]. Safety Net Override: Elevated risk patient with incomplete modality coverage (Missing: ['DL', 'NLP']). Clinician review recommended. Final assigned risk is [HIGH]."
TCGA-24-1424,0.0001,LOW,LOW,0.6458,SINGLE_MODALITY,['ML'],"['DL', 'NLP']",LOW,,,SINGLE_MODALITY,False,No active safety alerts.,0,[],[],[],Patient TCGA-24-1424 evaluated under evidence level [SINGLE_MODALITY]. Synthesized integrated score is 0.0001 yielding raw risk class [LOW]. Contributions (ML: 0.0001 risk weight). Cross-modal concordance: [SINGLE_MODALITY]. No active safety escalations triggered. Final assigned risk is [LOW].
TCGA-44-7671,0.0,LOW,LOW,0.6498,SINGLE_MODALITY,['ML'],"['DL', 'NLP']",LOW,,,SINGLE_MODALITY,False,No active safety alerts.,0,[],[],[],Patient TCGA-44-7671 evaluated under evidence level [SINGLE_MODALITY]. Synthesized integrated score is 0.0000 yielding raw risk class [LOW]. Contributions (ML: 0.0000 risk weight). Cross-modal concordance: [SINGLE_MODALITY]. No active safety escalations triggered. Final assigned risk is [LOW].
TCGA-66-2773,0.0043,LOW,LOW,0.6376,SINGLE_MODALITY,['ML'],"['DL', 'NLP']",MODERATE,,,SINGLE_MODALITY,False,No active safety alerts.,0,[],[],[],Patient TCGA-66-2773 evaluated under evidence level [SINGLE_MODALITY]. Synthesized integrated score is 0.0043 yielding raw risk class [LOW]. Contributions (ML: 0.0043 risk weight). Cross-modal concordance: [SINGLE_MODALITY]. No active safety escalations triggered. Final assigned risk is [LOW].
TCGA-LD-A7W5,0.0968,LOW,LOW,0.5857,SINGLE_MODALITY,['ML'],"['DL', 'NLP']",MODERATE,,,SINGLE_MODALITY,False,No active safety alerts.,0,[],[],[],Patient TCGA-LD-A7W5 evaluated under evidence level [SINGLE_MODALITY]. Synthesized integrated score is 0.0968 yielding raw risk class [LOW]. Contributions (ML: 0.0968 risk weight). Cross-modal concordance: [SINGLE_MODALITY]. No active safety escalations triggered. Final assigned risk is [LOW].
TCGA-55-7816,0.9969,HIGH,HIGH,0.648,SINGLE_MODALITY,['ML'],"['DL', 'NLP']",HIGH,,,SINGLE_MODALITY,True,"Elevated risk patient with incomplete modality coverage (Missing: ['DL', 'NLP']). Clinician review recommended.",0,[],[],[],"Patient TCGA-55-7816 evaluated under evidence level [SINGLE_MODALITY]. Synthesized integrated score is 0.9969 yielding raw risk class [HIGH]. Contributions (ML: 0.9969 risk weight). Cross-modal concordance: [SINGLE_MODALITY]. Safety Net Override: Elevated risk patient with incomplete modality coverage (Missing: ['DL', 'NLP']). Clinician review recommended. Final assigned risk is [HIGH]."
TCGA-EW-A1J1,0.0013,LOW,LOW,0.6461,SINGLE_MODALITY,['ML'],"['DL', 'NLP']",MODERATE,,,SINGLE_MODALITY,False,No active safety alerts.,0,[],[],[],Patient TCGA-EW-A1J1 evaluated under evidence level [SINGLE_MODALITY]. Synthesized integrated score is 0.0013 yielding raw risk class [LOW]. Contributions (ML: 0.0013 risk weight). Cross-modal concordance: [SINGLE_MODALITY]. No active safety escalations triggered. Final assigned risk is [LOW].
TCGA-13-1483,0.0036,LOW,LOW,0.6429,SINGLE_MODALITY,['ML'],"['DL', 'NLP']",MODERATE,,,SINGLE_MODALITY,False,No active safety alerts.,0,[],[],[],Patient TCGA-13-1483 evaluated under evidence level [SINGLE_MODALITY]. Synthesized integrated score is 0.0036 yielding raw risk class [LOW]. Contributions (ML: 0.0036 risk weight). Cross-modal concordance: [SINGLE_MODALITY]. No active safety escalations triggered. Final assigned risk is [LOW].
TCGA-GM-A3XN,0.9941,HIGH,HIGH,0.6462,SINGLE_MODALITY,['ML'],"['DL', 'NLP']",HIGH,,,SINGLE_MODALITY,True,"Elevated risk patient with incomplete modality coverage (Missing: ['DL', 'NLP']). Clinician review recommended.",0,[],[],[],"Patient TCGA-GM-A3XN evaluated under evidence level [SINGLE_MODALITY]. Synthesized integrated score is 0.9941 yielding raw risk class [HIGH]. Contributions (ML: 0.9941 risk weight). Cross-modal concordance: [SINGLE_MODALITY]. Safety Net Override: Elevated risk patient with incomplete modality coverage (Missing: ['DL', 'NLP']). Clinician review recommended. Final assigned risk is [HIGH]."
TCGA-CR-7399,0.9989,HIGH,HIGH,0.6493,SINGLE_MODALITY,['ML'],"['DL', 'NLP']",HIGH,,,SINGLE_MODALITY,True,"Elevated risk patient with incomplete modality coverage (Missing: ['DL', 'NLP']). Clinician review recommended.",0,[],[],[],"Patient TCGA-CR-7399 evaluated under evidence level [SINGLE_MODALITY]. Synthesized integrated score is 0.9989 yielding raw risk class [HIGH]. Contributions (ML: 0.9989 risk weight). Cross-modal concordance: [SINGLE_MODALITY]. Safety Net Override: Elevated risk patient with incomplete modality coverage (Missing: ['DL', 'NLP']). Clinician review recommended. Final assigned risk is [HIGH]."
TCGA-OL-A66O,0.0023,LOW,LOW,0.6465,SINGLE_MODALITY,['ML'],"['DL', 'NLP']",MODERATE,,,SINGLE_MODALITY,False,No active safety alerts.,0,[],[],[],Patient TCGA-OL-A66O evaluated under evidence level [SINGLE_MODALITY]. Synthesized integrated score is 0.0023 yielding raw risk class [LOW]. Contributions (ML: 0.0023 risk weight). Cross-modal concordance: [SINGLE_MODALITY]. No active safety escalations triggered. Final assigned risk is [LOW].
TCGA-HZ-A49G,0.0001,LOW,LOW,0.6471,SINGLE_MODALITY,['ML'],"['DL', 'NLP']",LOW,,,SINGLE_MODALITY,False,No active safety alerts.,0,[],[],[],Patient TCGA-HZ-A49G evaluated under evidence level [SINGLE_MODALITY]. Synthesized integrated score is 0.0001 yielding raw risk class [LOW]. Contributions (ML: 0.0001 risk weight). Cross-modal concordance: [SINGLE_MODALITY]. No active safety escalations triggered. Final assigned risk is [LOW].
TCGA-44-2665,0.0001,LOW,LOW,0.6435,SINGLE_MODALITY,['ML'],"['DL', 'NLP']",LOW,,,SINGLE_MODALITY,False,No active safety alerts.,0,[],[],[],Patient TCGA-44-2665 evaluated under evidence level [SINGLE_MODALITY]. Synthesized integrated score is 0.0001 yielding raw risk class [LOW]. Contributions (ML: 0.0001 risk weight). Cross-modal concordance: [SINGLE_MODALITY]. No active safety escalations triggered. Final assigned risk is [LOW].
TCGA-AR-A24U,0.0001,LOW,LOW,0.6469,SINGLE_MODALITY,['ML'],"['DL', 'NLP']",LOW,,,SINGLE_MODALITY,False,No active safety alerts.,0,[],[],[],Patient TCGA-AR-A24U evaluated under evidence level [SINGLE_MODALITY]. Synthesized integrated score is 0.0001 yielding raw risk class [LOW]. Contributions (ML: 0.0001 risk weight). Cross-modal concordance: [SINGLE_MODALITY]. No active safety escalations triggered. Final assigned risk is [LOW].
TCGA-AA-A00U,0.993,HIGH,HIGH,0.6454,SINGLE_MODALITY,['ML'],"['DL', 'NLP']",HIGH,,,SINGLE_MODALITY,True,"Elevated risk patient with incomplete modality coverage (Missing: ['DL', 'NLP']). Clinician review recommended.",0,[],[],[],"Patient TCGA-AA-A00U evaluated under evidence level [SINGLE_MODALITY]. Synthesized integrated score is 0.9930 yielding raw risk class [HIGH]. Contributions (ML: 0.9930 risk weight). Cross-modal concordance: [SINGLE_MODALITY]. Safety Net Override: Elevated risk patient with incomplete modality coverage (Missing: ['DL', 'NLP']). Clinician review recommended. Final assigned risk is [HIGH]."
TCGA-D3-A8GE,0.9951,HIGH,HIGH,0.6468,SINGLE_MODALITY,['ML'],"['DL', 'NLP']",HIGH,,,SINGLE_MODALITY,True,"Elevated risk patient with incomplete modality coverage (Missing: ['DL', 'NLP']). Clinician review recommended.",0,[],[],[],"Patient TCGA-D3-A8GE evaluated under evidence level [SINGLE_MODALITY]. Synthesized integrated score is 0.9951 yielding raw risk class [HIGH]. Contributions (ML: 0.9951 risk weight). Cross-modal concordance: [SINGLE_MODALITY]. Safety Net Override: Elevated risk patient with incomplete modality coverage (Missing: ['DL', 'NLP']). Clinician review recommended. Final assigned risk is [HIGH]."
TCGA-AO-A1KP,0.0218,LOW,LOW,0.6353,SINGLE_MODALITY,['ML'],"['DL', 'NLP']",MODERATE,,,SINGLE_MODALITY,False,No active safety alerts.,0,[],[],[],Patient TCGA-AO-A1KP evaluated under evidence level [SINGLE_MODALITY]. Synthesized integrated score is 0.0218 yielding raw risk class [LOW]. Contributions (ML: 0.0218 risk weight). Cross-modal concordance: [SINGLE_MODALITY]. No active safety escalations triggered. Final assigned risk is [LOW].
TCGA-BH-A0H9,0.0001,LOW,LOW,0.6457,SINGLE_MODALITY,['ML'],"['DL', 'NLP']",LOW,,,SINGLE_MODALITY,False,No active safety alerts.,0,[],[],[],Patient TCGA-BH-A0H9 evaluated under evidence level [SINGLE_MODALITY]. Synthesized integrated score is 0.0001 yielding raw risk class [LOW]. Contributions (ML: 0.0001 risk weight). Cross-modal concordance: [SINGLE_MODALITY]. No active safety escalations triggered. Final assigned risk is [LOW].
TCGA-78-7149,0.0388,LOW,LOW,0.6121,SINGLE_MODALITY,['ML'],"['DL', 'NLP']",MODERATE,,,SINGLE_MODALITY,False,No active safety alerts.,0,[],[],[],Patient TCGA-78-7149 evaluated under evidence level [SINGLE_MODALITY]. Synthesized integrated score is 0.0388 yielding raw risk class [LOW]. Contributions (ML: 0.0388 risk weight). Cross-modal concordance: [SINGLE_MODALITY]. No active safety escalations triggered. Final assigned risk is [LOW].
TCGA-E9-A3HO,0.0,LOW,LOW,0.6458,SINGLE_MODALITY,['ML'],"['DL', 'NLP']",LOW,,,SINGLE_MODALITY,False,No active safety alerts.,0,[],[],[],Patient TCGA-E9-A3HO evaluated under evidence level [SINGLE_MODALITY]. Synthesized integrated score is 0.0000 yielding raw risk class [LOW]. Contributions (ML: 0.0000 risk weight). Cross-modal concordance: [SINGLE_MODALITY]. No active safety escalations triggered. Final assigned risk is [LOW].
TCGA-FS-A1Z0,0.0,LOW,LOW,0.6497,SINGLE_MODALITY,['ML'],"['DL', 'NLP']",LOW,,,SINGLE_MODALITY,False,No active safety alerts.,0,[],[],[],Patient TCGA-FS-A1Z0 evaluated under evidence level [SINGLE_MODALITY]. Synthesized integrated score is 0.0000 yielding raw risk class [LOW]. Contributions (ML: 0.0000 risk weight). Cross-modal concordance: [SINGLE_MODALITY]. No active safety escalations triggered. Final assigned risk is [LOW].
TCGA-CR-7370,0.8635,HIGH,HIGH,0.5613,SINGLE_MODALITY,['ML'],"['DL', 'NLP']",HIGH,,,SINGLE_MODALITY,True,"Elevated risk patient with incomplete modality coverage (Missing: ['DL', 'NLP']). Clinician review recommended.",0,[],[],[],"Patient TCGA-CR-7370 evaluated under evidence level [SINGLE_MODALITY]. Synthesized integrated score is 0.8635 yielding raw risk class [HIGH]. Contributions (ML: 0.8635 risk weight). Cross-modal concordance: [SINGLE_MODALITY]. Safety Net Override: Elevated risk patient with incomplete modality coverage (Missing: ['DL', 'NLP']). Clinician review recommended. Final assigned risk is [HIGH]."
TCGA-EJ-A7NG,0.0034,LOW,LOW,0.6426,SINGLE_MODALITY,['ML'],"['DL', 'NLP']",MODERATE,,,SINGLE_MODALITY,False,No active safety alerts.,0,[],[],[],Patient TCGA-EJ-A7NG evaluated under evidence level [SINGLE_MODALITY]. Synthesized integrated score is 0.0034 yielding raw risk class [LOW]. Contributions (ML: 0.0034 risk weight). Cross-modal concordance: [SINGLE_MODALITY]. No active safety escalations triggered. Final assigned risk is [LOW].
TCGA-G9-6332,0.0001,LOW,LOW,0.6464,SINGLE_MODALITY,['ML'],"['DL', 'NLP']",LOW,,,SINGLE_MODALITY,False,No active safety alerts.,0,[],[],[],Patient TCGA-G9-6332 evaluated under evidence level [SINGLE_MODALITY]. Synthesized integrated score is 0.0001 yielding raw risk class [LOW]. Contributions (ML: 0.0001 risk weight). Cross-modal concordance: [SINGLE_MODALITY]. No active safety escalations triggered. Final assigned risk is [LOW].
TCGA-DD-A1EC,0.0002,LOW,LOW,0.6329,SINGLE_MODALITY,['ML'],"['DL', 'NLP']",LOW,,,SINGLE_MODALITY,False,No active safety alerts.,0,[],[],[],Patient TCGA-DD-A1EC evaluated under evidence level [SINGLE_MODALITY]. Synthesized integrated score is 0.0002 yielding raw risk class [LOW]. Contributions (ML: 0.0002 risk weight). Cross-modal concordance: [SINGLE_MODALITY]. No active safety escalations triggered. Final assigned risk is [LOW].
TCGA-H8-A6C1,0.0017,LOW,LOW,0.6466,SINGLE_MODALITY,['ML'],"['DL', 'NLP']",MODERATE,,,SINGLE_MODALITY,False,No active safety alerts.,0,[],[],[],Patient TCGA-H8-A6C1 evaluated under evidence level [SINGLE_MODALITY]. Synthesized integrated score is 0.0017 yielding raw risk class [LOW]. Contributions (ML: 0.0017 risk weight). Cross-modal concordance: [SINGLE_MODALITY]. No active safety escalations triggered. Final assigned risk is [LOW].
TCGA-BP-5192,0.0001,LOW,LOW,0.6238,SINGLE_MODALITY,['ML'],"['DL', 'NLP']",LOW,,,SINGLE_MODALITY,False,No active safety alerts.,0,[],[],[],Patient TCGA-BP-5192 evaluated under evidence level [SINGLE_MODALITY]. Synthesized integrated score is 0.0001 yielding raw risk class [LOW]. Contributions (ML: 0.0001 risk weight). Cross-modal concordance: [SINGLE_MODALITY]. No active safety escalations triggered. Final assigned risk is [LOW].
TCGA-XR-A8TD,0.9995,HIGH,HIGH,0.6497,SINGLE_MODALITY,['ML'],"['DL', 'NLP']",HIGH,,,SINGLE_MODALITY,True,"Elevated risk patient with incomplete modality coverage (Missing: ['DL', 'NLP']). Clinician review recommended.",0,[],[],[],"Patient TCGA-XR-A8TD evaluated under evidence level [SINGLE_MODALITY]. Synthesized integrated score is 0.9995 yielding raw risk class [HIGH]. Contributions (ML: 0.9995 risk weight). Cross-modal concordance: [SINGLE_MODALITY]. Safety Net Override: Elevated risk patient with incomplete modality coverage (Missing: ['DL', 'NLP']). Clinician review recommended. Final assigned risk is [HIGH]."
TCGA-BH-A0HX,0.0001,LOW,LOW,0.6429,SINGLE_MODALITY,['ML'],"['DL', 'NLP']",LOW,,,SINGLE_MODALITY,False,No active safety alerts.,0,[],[],[],Patient TCGA-BH-A0HX evaluated under evidence level [SINGLE_MODALITY]. Synthesized integrated score is 0.0001 yielding raw risk class [LOW]. Contributions (ML: 0.0001 risk weight). Cross-modal concordance: [SINGLE_MODALITY]. No active safety escalations triggered. Final assigned risk is [LOW].
TCGA-42-2593,0.0027,LOW,LOW,0.6445,SINGLE_MODALITY,['ML'],"['DL', 'NLP']",MODERATE,,,SINGLE_MODALITY,False,No active safety alerts.,0,[],[],[],Patient TCGA-42-2593 evaluated under evidence level [SINGLE_MODALITY]. Synthesized integrated score is 0.0027 yielding raw risk class [LOW]. Contributions (ML: 0.0027 risk weight). Cross-modal concordance: [SINGLE_MODALITY]. No active safety escalations triggered. Final assigned risk is [LOW].
TCGA-36-1578,0.0001,LOW,LOW,0.646,SINGLE_MODALITY,['ML'],"['DL', 'NLP']",LOW,,,SINGLE_MODALITY,False,No active safety alerts.,0,[],[],[],Patient TCGA-36-1578 evaluated under evidence level [SINGLE_MODALITY]. Synthesized integrated score is 0.0001 yielding raw risk class [LOW]. Contributions (ML: 0.0001 risk weight). Cross-modal concordance: [SINGLE_MODALITY]. No active safety escalations triggered. Final assigned risk is [LOW].
TCGA-D8-A3Z6,0.0322,LOW,LOW,0.6198,SINGLE_MODALITY,['ML'],"['DL', 'NLP']",MODERATE,,,SINGLE_MODALITY,False,No active safety alerts.,0,[],[],[],Patient TCGA-D8-A3Z6 evaluated under evidence level [SINGLE_MODALITY]. Synthesized integrated score is 0.0322 yielding raw risk class [LOW]. Contributions (ML: 0.0322 risk weight). Cross-modal concordance: [SINGLE_MODALITY]. No active safety escalations triggered. Final assigned risk is [LOW].
TCGA-HC-7818,0.0001,LOW,LOW,0.6471,SINGLE_MODALITY,['ML'],"['DL', 'NLP']",LOW,,,SINGLE_MODALITY,False,No active safety alerts.,0,[],[],[],Patient TCGA-HC-7818 evaluated under evidence level [SINGLE_MODALITY]. Synthesized integrated score is 0.0001 yielding raw risk class [LOW]. Contributions (ML: 0.0001 risk weight). Cross-modal concordance: [SINGLE_MODALITY]. No active safety escalations triggered. Final assigned risk is [LOW].
TCGA-AG-A020,0.9974,HIGH,HIGH,0.6483,SINGLE_MODALITY,['ML'],"['DL', 'NLP']",HIGH,,,SINGLE_MODALITY,True,"Elevated risk patient with incomplete modality coverage (Missing: ['DL', 'NLP']). Clinician review recommended.",0,[],[],[],"Patient TCGA-AG-A020 evaluated under evidence level [SINGLE_MODALITY]. Synthesized integrated score is 0.9974 yielding raw risk class [HIGH]. Contributions (ML: 0.9974 risk weight). Cross-modal concordance: [SINGLE_MODALITY]. Safety Net Override: Elevated risk patient with incomplete modality coverage (Missing: ['DL', 'NLP']). Clinician review recommended. Final assigned risk is [HIGH]."
TCGA-DK-A3IM,0.9908,HIGH,HIGH,0.644,SINGLE_MODALITY,['ML'],"['DL', 'NLP']",HIGH,,,SINGLE_MODALITY,True,"Elevated risk patient with incomplete modality coverage (Missing: ['DL', 'NLP']). Clinician review recommended.",0,[],[],[],"Patient TCGA-DK-A3IM evaluated under evidence level [SINGLE_MODALITY]. Synthesized integrated score is 0.9908 yielding raw risk class [HIGH]. Contributions (ML: 0.9908 risk weight). Cross-modal concordance: [SINGLE_MODALITY]. Safety Net Override: Elevated risk patient with incomplete modality coverage (Missing: ['DL', 'NLP']). Clinician review recommended. Final assigned risk is [HIGH]."
TCGA-ED-A8O6,0.0395,LOW,LOW,0.6142,SINGLE_MODALITY,['ML'],"['DL', 'NLP']",MODERATE,,,SINGLE_MODALITY,False,No active safety alerts.,0,[],[],[],Patient TCGA-ED-A8O6 evaluated under evidence level [SINGLE_MODALITY]. Synthesized integrated score is 0.0395 yielding raw risk class [LOW]. Contributions (ML: 0.0395 risk weight). Cross-modal concordance: [SINGLE_MODALITY]. No active safety escalations triggered. Final assigned risk is [LOW].
TCGA-EB-A5SH,0.998,HIGH,HIGH,0.6487,SINGLE_MODALITY,['ML'],"['DL', 'NLP']",HIGH,,,SINGLE_MODALITY,True,"Elevated risk patient with incomplete modality coverage (Missing: ['DL', 'NLP']). Clinician review recommended.",0,[],[],[],"Patient TCGA-EB-A5SH evaluated under evidence level [SINGLE_MODALITY]. Synthesized integrated score is 0.9980 yielding raw risk class [HIGH]. Contributions (ML: 0.9980 risk weight). Cross-modal concordance: [SINGLE_MODALITY]. Safety Net Override: Elevated risk patient with incomplete modality coverage (Missing: ['DL', 'NLP']). Clinician review recommended. Final assigned risk is [HIGH]."
TCGA-AG-4001,0.1245,LOW,LOW,0.568,SINGLE_MODALITY,['ML'],"['DL', 'NLP']",MODERATE,,,SINGLE_MODALITY,False,No active safety alerts.,0,[],[],[],Patient TCGA-AG-4001 evaluated under evidence level [SINGLE_MODALITY]. Synthesized integrated score is 0.1245 yielding raw risk class [LOW]. Contributions (ML: 0.1245 risk weight). Cross-modal concordance: [SINGLE_MODALITY]. No active safety escalations triggered. Final assigned risk is [LOW].
TCGA-61-1903,0.0001,LOW,LOW,0.6469,SINGLE_MODALITY,['ML'],"['DL', 'NLP']",LOW,,,SINGLE_MODALITY,False,No active safety alerts.,0,[],[],[],Patient TCGA-61-1903 evaluated under evidence level [SINGLE_MODALITY]. Synthesized integrated score is 0.0001 yielding raw risk class [LOW]. Contributions (ML: 0.0001 risk weight). Cross-modal concordance: [SINGLE_MODALITY]. No active safety escalations triggered. Final assigned risk is [LOW].
TCGA-D3-A51J,0.9981,HIGH,HIGH,0.6488,SINGLE_MODALITY,['ML'],"['DL', 'NLP']",HIGH,,,SINGLE_MODALITY,True,"Elevated risk patient with incomplete modality coverage (Missing: ['DL', 'NLP']). Clinician review recommended.",0,[],[],[],"Patient TCGA-D3-A51J evaluated under evidence level [SINGLE_MODALITY]. Synthesized integrated score is 0.9981 yielding raw risk class [HIGH]. Contributions (ML: 0.9981 risk weight). Cross-modal concordance: [SINGLE_MODALITY]. Safety Net Override: Elevated risk patient with incomplete modality coverage (Missing: ['DL', 'NLP']). Clinician review recommended. Final assigned risk is [HIGH]."
TCGA-69-7978,0.1593,LOW,LOW,0.5457,SINGLE_MODALITY,['ML'],"['DL', 'NLP']",MODERATE,,,SINGLE_MODALITY,False,No active safety alerts.,0,[],[],[],Patient TCGA-69-7978 evaluated under evidence level [SINGLE_MODALITY]. Synthesized integrated score is 0.1593 yielding raw risk class [LOW]. Contributions (ML: 0.1593 risk weight). Cross-modal concordance: [SINGLE_MODALITY]. No active safety escalations triggered. Final assigned risk is [LOW].
TCGA-QK-A6IJ,0.9985,HIGH,HIGH,0.649,SINGLE_MODALITY,['ML'],"['DL', 'NLP']",HIGH,,,SINGLE_MODALITY,True,"Elevated risk patient with incomplete modality coverage (Missing: ['DL', 'NLP']). Clinician review recommended.",0,[],[],[],"Patient TCGA-QK-A6IJ evaluated under evidence level [SINGLE_MODALITY]. Synthesized integrated score is 0.9985 yielding raw risk class [HIGH]. Contributions (ML: 0.9985 risk weight). Cross-modal concordance: [SINGLE_MODALITY]. Safety Net Override: Elevated risk patient with incomplete modality coverage (Missing: ['DL', 'NLP']). Clinician review recommended. Final assigned risk is [HIGH]."
TCGA-FD-A3N6,0.0017,LOW,LOW,0.6472,SINGLE_MODALITY,['ML'],"['DL', 'NLP']",MODERATE,,,SINGLE_MODALITY,False,No active safety alerts.,0,[],[],[],Patient TCGA-FD-A3N6 evaluated under evidence level [SINGLE_MODALITY]. Synthesized integrated score is 0.0017 yielding raw risk class [LOW]. Contributions (ML: 0.0017 risk weight). Cross-modal concordance: [SINGLE_MODALITY]. No active safety escalations triggered. Final assigned risk is [LOW].
TCGA-56-8629,0.0008,LOW,LOW,0.6477,SINGLE_MODALITY,['ML'],"['DL', 'NLP']",MODERATE,,,SINGLE_MODALITY,False,No active safety alerts.,0,[],[],[],Patient TCGA-56-8629 evaluated under evidence level [SINGLE_MODALITY]. Synthesized integrated score is 0.0008 yielding raw risk class [LOW]. Contributions (ML: 0.0008 risk weight). Cross-modal concordance: [SINGLE_MODALITY]. No active safety escalations triggered. Final assigned risk is [LOW].
TCGA-D8-A141,0.0029,LOW,LOW,0.6433,SINGLE_MODALITY,['ML'],"['DL', 'NLP']",MODERATE,,,SINGLE_MODALITY,False,No active safety alerts.,0,[],[],[],Patient TCGA-D8-A141 evaluated under evidence level [SINGLE_MODALITY]. Synthesized integrated score is 0.0029 yielding raw risk class [LOW]. Contributions (ML: 0.0029 risk weight). Cross-modal concordance: [SINGLE_MODALITY]. No active safety escalations triggered. Final assigned risk is [LOW].
TCGA-43-5668,0.0079,LOW,LOW,0.6419,SINGLE_MODALITY,['ML'],"['DL', 'NLP']",MODERATE,,,SINGLE_MODALITY,False,No active safety alerts.,0,[],[],[],Patient TCGA-43-5668 evaluated under evidence level [SINGLE_MODALITY]. Synthesized integrated score is 0.0079 yielding raw risk class [LOW]. Contributions (ML: 0.0079 risk weight). Cross-modal concordance: [SINGLE_MODALITY]. No active safety escalations triggered. Final assigned risk is [LOW].
TCGA-A7-A6VY,0.0061,LOW,LOW,0.6458,SINGLE_MODALITY,['ML'],"['DL', 'NLP']",MODERATE,,,SINGLE_MODALITY,False,No active safety alerts.,0,[],[],[],Patient TCGA-A7-A6VY evaluated under evidence level [SINGLE_MODALITY]. Synthesized integrated score is 0.0061 yielding raw risk class [LOW]. Contributions (ML: 0.0061 risk weight). Cross-modal concordance: [SINGLE_MODALITY]. No active safety escalations triggered. Final assigned risk is [LOW].
TCGA-DK-A3IK,0.9987,HIGH,HIGH,0.6492,SINGLE_MODALITY,['ML'],"['DL', 'NLP']",HIGH,,,SINGLE_MODALITY,True,"Elevated risk patient with incomplete modality coverage (Missing: ['DL', 'NLP']). Clinician review recommended.",0,[],[],[],"Patient TCGA-DK-A3IK evaluated under evidence level [SINGLE_MODALITY]. Synthesized integrated score is 0.9987 yielding raw risk class [HIGH]. Contributions (ML: 0.9987 risk weight). Cross-modal concordance: [SINGLE_MODALITY]. Safety Net Override: Elevated risk patient with incomplete modality coverage (Missing: ['DL', 'NLP']). Clinician review recommended. Final assigned risk is [HIGH]."
TCGA-EJ-A65F,0.0024,LOW,LOW,0.6451,SINGLE_MODALITY,['ML'],"['DL', 'NLP']",MODERATE,,,SINGLE_MODALITY,False,No active safety alerts.,0,[],[],[],Patient TCGA-EJ-A65F evaluated under evidence level [SINGLE_MODALITY]. Synthesized integrated score is 0.0024 yielding raw risk class [LOW]. Contributions (ML: 0.0024 risk weight). Cross-modal concordance: [SINGLE_MODALITY]. No active safety escalations triggered. Final assigned risk is [LOW].
TCGA-49-AAR9,0.0008,LOW,LOW,0.6479,SINGLE_MODALITY,['ML'],"['DL', 'NLP']",MODERATE,,,SINGLE_MODALITY,False,No active safety alerts.,0,[],[],[],Patient TCGA-49-AAR9 evaluated under evidence level [SINGLE_MODALITY]. Synthesized integrated score is 0.0008 yielding raw risk class [LOW]. Contributions (ML: 0.0008 risk weight). Cross-modal concordance: [SINGLE_MODALITY]. No active safety escalations triggered. Final assigned risk is [LOW].
TCGA-FD-A3SO,0.9997,HIGH,HIGH,0.6498,SINGLE_MODALITY,['ML'],"['DL', 'NLP']",HIGH,,,SINGLE_MODALITY,True,"Elevated risk patient with incomplete modality coverage (Missing: ['DL', 'NLP']). Clinician review recommended.",0,[],[],[],"Patient TCGA-FD-A3SO evaluated under evidence level [SINGLE_MODALITY]. Synthesized integrated score is 0.9997 yielding raw risk class [HIGH]. Contributions (ML: 0.9997 risk weight). Cross-modal concordance: [SINGLE_MODALITY]. Safety Net Override: Elevated risk patient with incomplete modality coverage (Missing: ['DL', 'NLP']). Clinician review recommended. Final assigned risk is [HIGH]."
TCGA-D3-A2JB,0.0229,LOW,LOW,0.6347,SINGLE_MODALITY,['ML'],"['DL', 'NLP']",MODERATE,,,SINGLE_MODALITY,False,No active safety alerts.,0,[],[],[],Patient TCGA-D3-A2JB evaluated under evidence level [SINGLE_MODALITY]. Synthesized integrated score is 0.0229 yielding raw risk class [LOW]. Contributions (ML: 0.0229 risk weight). Cross-modal concordance: [SINGLE_MODALITY]. No active safety escalations triggered. Final assigned risk is [LOW].
TCGA-AA-3655,0.0005,LOW,LOW,0.6485,SINGLE_MODALITY,['ML'],"['DL', 'NLP']",MODERATE,,,SINGLE_MODALITY,False,No active safety alerts.,0,[],[],[],Patient TCGA-AA-3655 evaluated under evidence level [SINGLE_MODALITY]. Synthesized integrated score is 0.0005 yielding raw risk class [LOW]. Contributions (ML: 0.0005 risk weight). Cross-modal concordance: [SINGLE_MODALITY]. No active safety escalations triggered. Final assigned risk is [LOW].
TCGA-D5-6540,0.1238,LOW,LOW,0.3558,SINGLE_MODALITY,['ML'],"['DL', 'NLP']",MODERATE,,,SINGLE_MODALITY,False,No active safety alerts.,0,[],[],[],Patient TCGA-D5-6540 evaluated under evidence level [SINGLE_MODALITY]. Synthesized integrated score is 0.1238 yielding raw risk class [LOW]. Contributions (ML: 0.1238 risk weight). Cross-modal concordance: [SINGLE_MODALITY]. No active safety escalations triggered. Final assigned risk is [LOW].
TCGA-AA-A00E,0.7631,HIGH,HIGH,0.496,SINGLE_MODALITY,['ML'],"['DL', 'NLP']",HIGH,,,SINGLE_MODALITY,True,"Elevated risk patient with incomplete modality coverage (Missing: ['DL', 'NLP']). Clinician review recommended.",0,[],[],[],"Patient TCGA-AA-A00E evaluated under evidence level [SINGLE_MODALITY]. Synthesized integrated score is 0.7631 yielding raw risk class [HIGH]. Contributions (ML: 0.7631 risk weight). Cross-modal concordance: [SINGLE_MODALITY]. Safety Net Override: Elevated risk patient with incomplete modality coverage (Missing: ['DL', 'NLP']). Clinician review recommended. Final assigned risk is [HIGH]."
TCGA-22-4604,0.0011,LOW,LOW,0.6481,SINGLE_MODALITY,['ML'],"['DL', 'NLP']",MODERATE,,,SINGLE_MODALITY,False,No active safety alerts.,0,[],[],[],Patient TCGA-22-4604 evaluated under evidence level [SINGLE_MODALITY]. Synthesized integrated score is 0.0011 yielding raw risk class [LOW]. Contributions (ML: 0.0011 risk weight). Cross-modal concordance: [SINGLE_MODALITY]. No active safety escalations triggered. Final assigned risk is [LOW].
TCGA-EB-A44N,0.001,LOW,LOW,0.6477,SINGLE_MODALITY,['ML'],"['DL', 'NLP']",MODERATE,,,SINGLE_MODALITY,False,No active safety alerts.,0,[],[],[],Patient TCGA-EB-A44N evaluated under evidence level [SINGLE_MODALITY]. Synthesized integrated score is 0.0010 yielding raw risk class [LOW]. Contributions (ML: 0.0010 risk weight). Cross-modal concordance: [SINGLE_MODALITY]. No active safety escalations triggered. Final assigned risk is [LOW].
TCGA-L9-A8F4,0.0001,LOW,LOW,0.6461,SINGLE_MODALITY,['ML'],"['DL', 'NLP']",LOW,,,SINGLE_MODALITY,False,No active safety alerts.,0,[],[],[],Patient TCGA-L9-A8F4 evaluated under evidence level [SINGLE_MODALITY]. Synthesized integrated score is 0.0001 yielding raw risk class [LOW]. Contributions (ML: 0.0001 risk weight). Cross-modal concordance: [SINGLE_MODALITY]. No active safety escalations triggered. Final assigned risk is [LOW].
TCGA-55-6972,0.0001,LOW,LOW,0.64,SINGLE_MODALITY,['ML'],"['DL', 'NLP']",LOW,,,SINGLE_MODALITY,False,No active safety alerts.,0,[],[],[],Patient TCGA-55-6972 evaluated under evidence level [SINGLE_MODALITY]. Synthesized integrated score is 0.0001 yielding raw risk class [LOW]. Contributions (ML: 0.0001 risk weight). Cross-modal concordance: [SINGLE_MODALITY]. No active safety escalations triggered. Final assigned risk is [LOW].
TCGA-A7-A3J1,0.0117,LOW,LOW,0.5736,SINGLE_MODALITY,['ML'],"['DL', 'NLP']",MODERATE,,,SINGLE_MODALITY,False,No active safety alerts.,0,[],[],[],Patient TCGA-A7-A3J1 evaluated under evidence level [SINGLE_MODALITY]. Synthesized integrated score is 0.0117 yielding raw risk class [LOW]. Contributions (ML: 0.0117 risk weight). Cross-modal concordance: [SINGLE_MODALITY]. No active safety escalations triggered. Final assigned risk is [LOW].
TCGA-IB-AAUO,0.0021,LOW,LOW,0.6468,SINGLE_MODALITY,['ML'],"['DL', 'NLP']",MODERATE,,,SINGLE_MODALITY,False,No active safety alerts.,0,[],[],[],Patient TCGA-IB-AAUO evaluated under evidence level [SINGLE_MODALITY]. Synthesized integrated score is 0.0021 yielding raw risk class [LOW]. Contributions (ML: 0.0021 risk weight). Cross-modal concordance: [SINGLE_MODALITY]. No active safety escalations triggered. Final assigned risk is [LOW].
TCGA-DD-A4NE,0.9942,HIGH,HIGH,0.6462,SINGLE_MODALITY,['ML'],"['DL', 'NLP']",HIGH,,,SINGLE_MODALITY,True,"Elevated risk patient with incomplete modality coverage (Missing: ['DL', 'NLP']). Clinician review recommended.",0,[],[],[],"Patient TCGA-DD-A4NE evaluated under evidence level [SINGLE_MODALITY]. Synthesized integrated score is 0.9942 yielding raw risk class [HIGH]. Contributions (ML: 0.9942 risk weight). Cross-modal concordance: [SINGLE_MODALITY]. Safety Net Override: Elevated risk patient with incomplete modality coverage (Missing: ['DL', 'NLP']). Clinician review recommended. Final assigned risk is [HIGH]."
TCGA-BH-A18R,0.0018,LOW,LOW,0.6473,SINGLE_MODALITY,['ML'],"['DL', 'NLP']",MODERATE,,,SINGLE_MODALITY,False,No active safety alerts.,0,[],[],[],Patient TCGA-BH-A18R evaluated under evidence level [SINGLE_MODALITY]. Synthesized integrated score is 0.0018 yielding raw risk class [LOW]. Contributions (ML: 0.0018 risk weight). Cross-modal concordance: [SINGLE_MODALITY]. No active safety escalations triggered. Final assigned risk is [LOW].
TCGA-HC-7738,0.0001,LOW,LOW,0.6458,SINGLE_MODALITY,['ML'],"['DL', 'NLP']",LOW,,,SINGLE_MODALITY,False,No active safety alerts.,0,[],[],[],Patient TCGA-HC-7738 evaluated under evidence level [SINGLE_MODALITY]. Synthesized integrated score is 0.0001 yielding raw risk class [LOW]. Contributions (ML: 0.0001 risk weight). Cross-modal concordance: [SINGLE_MODALITY]. No active safety escalations triggered. Final assigned risk is [LOW].
TCGA-A2-A1FV,0.0023,LOW,LOW,0.6445,SINGLE_MODALITY,['ML'],"['DL', 'NLP']",MODERATE,,,SINGLE_MODALITY,False,No active safety alerts.,0,[],[],[],Patient TCGA-A2-A1FV evaluated under evidence level [SINGLE_MODALITY]. Synthesized integrated score is 0.0023 yielding raw risk class [LOW]. Contributions (ML: 0.0023 risk weight). Cross-modal concordance: [SINGLE_MODALITY]. No active safety escalations triggered. Final assigned risk is [LOW].
TCGA-QB-AA9O,0.9987,HIGH,HIGH,0.6492,SINGLE_MODALITY,['ML'],"['DL', 'NLP']",HIGH,,,SINGLE_MODALITY,True,"Elevated risk patient with incomplete modality coverage (Missing: ['DL', 'NLP']). Clinician review recommended.",0,[],[],[],"Patient TCGA-QB-AA9O evaluated under evidence level [SINGLE_MODALITY]. Synthesized integrated score is 0.9987 yielding raw risk class [HIGH]. Contributions (ML: 0.9987 risk weight). Cross-modal concordance: [SINGLE_MODALITY]. Safety Net Override: Elevated risk patient with incomplete modality coverage (Missing: ['DL', 'NLP']). Clinician review recommended. Final assigned risk is [HIGH]."
TCGA-29-2431,0.0079,LOW,LOW,0.6304,SINGLE_MODALITY,['ML'],"['DL', 'NLP']",MODERATE,,,SINGLE_MODALITY,False,No active safety alerts.,0,[],[],[],Patient TCGA-29-2431 evaluated under evidence level [SINGLE_MODALITY]. Synthesized integrated score is 0.0079 yielding raw risk class [LOW]. Contributions (ML: 0.0079 risk weight). Cross-modal concordance: [SINGLE_MODALITY]. No active safety escalations triggered. Final assigned risk is [LOW].
TCGA-AN-A0XL,0.0,LOW,LOW,0.6471,SINGLE_MODALITY,['ML'],"['DL', 'NLP']",LOW,,,SINGLE_MODALITY,False,No active safety alerts.,0,[],[],[],Patient TCGA-AN-A0XL evaluated under evidence level [SINGLE_MODALITY]. Synthesized integrated score is 0.0000 yielding raw risk class [LOW]. Contributions (ML: 0.0000 risk weight). Cross-modal concordance: [SINGLE_MODALITY]. No active safety escalations triggered. Final assigned risk is [LOW].
TCGA-AR-A0U2,0.9917,HIGH,HIGH,0.6446,SINGLE_MODALITY,['ML'],"['DL', 'NLP']",HIGH,,,SINGLE_MODALITY,True,"Elevated risk patient with incomplete modality coverage (Missing: ['DL', 'NLP']). Clinician review recommended.",0,[],[],[],"Patient TCGA-AR-A0U2 evaluated under evidence level [SINGLE_MODALITY]. Synthesized integrated score is 0.9917 yielding raw risk class [HIGH]. Contributions (ML: 0.9917 risk weight). Cross-modal concordance: [SINGLE_MODALITY]. Safety Net Override: Elevated risk patient with incomplete modality coverage (Missing: ['DL', 'NLP']). Clinician review recommended. Final assigned risk is [HIGH]."
TCGA-XF-AAMH,0.9997,HIGH,HIGH,0.6498,SINGLE_MODALITY,['ML'],"['DL', 'NLP']",HIGH,,,SINGLE_MODALITY,True,"Elevated risk patient with incomplete modality coverage (Missing: ['DL', 'NLP']). Clinician review recommended.",0,[],[],[],"Patient TCGA-XF-AAMH evaluated under evidence level [SINGLE_MODALITY]. Synthesized integrated score is 0.9997 yielding raw risk class [HIGH]. Contributions (ML: 0.9997 risk weight). Cross-modal concordance: [SINGLE_MODALITY]. Safety Net Override: Elevated risk patient with incomplete modality coverage (Missing: ['DL', 'NLP']). Clinician review recommended. Final assigned risk is [HIGH]."
TCGA-A8-A06Z,0.0009,LOW,LOW,0.647,SINGLE_MODALITY,['ML'],"['DL', 'NLP']",MODERATE,,,SINGLE_MODALITY,False,No active safety alerts.,0,[],[],[],Patient TCGA-A8-A06Z evaluated under evidence level [SINGLE_MODALITY]. Synthesized integrated score is 0.0009 yielding raw risk class [LOW]. Contributions (ML: 0.0009 risk weight). Cross-modal concordance: [SINGLE_MODALITY]. No active safety escalations triggered. Final assigned risk is [LOW].
TCGA-BH-A0C1,0.9997,HIGH,HIGH,0.6498,SINGLE_MODALITY,['ML'],"['DL', 'NLP']",HIGH,,,SINGLE_MODALITY,True,"Elevated risk patient with incomplete modality coverage (Missing: ['DL', 'NLP']). Clinician review recommended.",0,[],[],[],"Patient TCGA-BH-A0C1 evaluated under evidence level [SINGLE_MODALITY]. Synthesized integrated score is 0.9997 yielding raw risk class [HIGH]. Contributions (ML: 0.9997 risk weight). Cross-modal concordance: [SINGLE_MODALITY]. Safety Net Override: Elevated risk patient with incomplete modality coverage (Missing: ['DL', 'NLP']). Clinician review recommended. Final assigned risk is [HIGH]."
TCGA-DK-A2I4,0.9977,HIGH,HIGH,0.6485,SINGLE_MODALITY,['ML'],"['DL', 'NLP']",HIGH,,,SINGLE_MODALITY,True,"Elevated risk patient with incomplete modality coverage (Missing: ['DL', 'NLP']). Clinician review recommended.",0,[],[],[],"Patient TCGA-DK-A2I4 evaluated under evidence level [SINGLE_MODALITY]. Synthesized integrated score is 0.9977 yielding raw risk class [HIGH]. Contributions (ML: 0.9977 risk weight). Cross-modal concordance: [SINGLE_MODALITY]. Safety Net Override: Elevated risk patient with incomplete modality coverage (Missing: ['DL', 'NLP']). Clinician review recommended. Final assigned risk is [HIGH]."
TCGA-B8-A54J,0.0019,LOW,LOW,0.644,SINGLE_MODALITY,['ML'],"['DL', 'NLP']",MODERATE,,,SINGLE_MODALITY,False,No active safety alerts.,0,[],[],[],Patient TCGA-B8-A54J evaluated under evidence level [SINGLE_MODALITY]. Synthesized integrated score is 0.0019 yielding raw risk class [LOW]. Contributions (ML: 0.0019 risk weight). Cross-modal concordance: [SINGLE_MODALITY]. No active safety escalations triggered. Final assigned risk is [LOW].
TCGA-75-6214,0.9912,HIGH,HIGH,0.6443,SINGLE_MODALITY,['ML'],"['DL', 'NLP']",HIGH,,,SINGLE_MODALITY,True,"Elevated risk patient with incomplete modality coverage (Missing: ['DL', 'NLP']). Clinician review recommended.",0,[],[],[],"Patient TCGA-75-6214 evaluated under evidence level [SINGLE_MODALITY]. Synthesized integrated score is 0.9912 yielding raw risk class [HIGH]. Contributions (ML: 0.9912 risk weight). Cross-modal concordance: [SINGLE_MODALITY]. Safety Net Override: Elevated risk patient with incomplete modality coverage (Missing: ['DL', 'NLP']). Clinician review recommended. Final assigned risk is [HIGH]."
TCGA-BA-5556,0.9657,HIGH,HIGH,0.6277,SINGLE_MODALITY,['ML'],"['DL', 'NLP']",HIGH,,,SINGLE_MODALITY,True,"Elevated risk patient with incomplete modality coverage (Missing: ['DL', 'NLP']). Clinician review recommended.",0,[],[],[],"Patient TCGA-BA-5556 evaluated under evidence level [SINGLE_MODALITY]. Synthesized integrated score is 0.9657 yielding raw risk class [HIGH]. Contributions (ML: 0.9657 risk weight). Cross-modal concordance: [SINGLE_MODALITY]. Safety Net Override: Elevated risk patient with incomplete modality coverage (Missing: ['DL', 'NLP']). Clinician review recommended. Final assigned risk is [HIGH]."
TCGA-BP-4787,0.9998,HIGH,HIGH,0.6499,SINGLE_MODALITY,['ML'],"['DL', 'NLP']",HIGH,,,SINGLE_MODALITY,True,"Elevated risk patient with incomplete modality coverage (Missing: ['DL', 'NLP']). Clinician review recommended.",0,[],[],[],"Patient TCGA-BP-4787 evaluated under evidence level [SINGLE_MODALITY]. Synthesized integrated score is 0.9998 yielding raw risk class [HIGH]. Contributions (ML: 0.9998 risk weight). Cross-modal concordance: [SINGLE_MODALITY]. Safety Net Override: Elevated risk patient with incomplete modality coverage (Missing: ['DL', 'NLP']). Clinician review recommended. Final assigned risk is [HIGH]."
TCGA-A2-A0ST,0.0001,LOW,LOW,0.6457,SINGLE_MODALITY,['ML'],"['DL', 'NLP']",LOW,,,SINGLE_MODALITY,False,No active safety alerts.,0,[],[],[],Patient TCGA-A2-A0ST evaluated under evidence level [SINGLE_MODALITY]. Synthesized integrated score is 0.0001 yielding raw risk class [LOW]. Contributions (ML: 0.0001 risk weight). Cross-modal concordance: [SINGLE_MODALITY]. No active safety escalations triggered. Final assigned risk is [LOW].
TCGA-OL-A5RV,0.9979,HIGH,HIGH,0.6486,SINGLE_MODALITY,['ML'],"['DL', 'NLP']",HIGH,,,SINGLE_MODALITY,True,"Elevated risk patient with incomplete modality coverage (Missing: ['DL', 'NLP']). Clinician review recommended.",0,[],[],[],"Patient TCGA-OL-A5RV evaluated under evidence level [SINGLE_MODALITY]. Synthesized integrated score is 0.9979 yielding raw risk class [HIGH]. Contributions (ML: 0.9979 risk weight). Cross-modal concordance: [SINGLE_MODALITY]. Safety Net Override: Elevated risk patient with incomplete modality coverage (Missing: ['DL', 'NLP']). Clinician review recommended. Final assigned risk is [HIGH]."
TCGA-CN-5359,0.9998,HIGH,HIGH,0.6499,SINGLE_MODALITY,['ML'],"['DL', 'NLP']",HIGH,,,SINGLE_MODALITY,True,"Elevated risk patient with incomplete modality coverage (Missing: ['DL', 'NLP']). Clinician review recommended.",0,[],[],[],"Patient TCGA-CN-5359 evaluated under evidence level [SINGLE_MODALITY]. Synthesized integrated score is 0.9998 yielding raw risk class [HIGH]. Contributions (ML: 0.9998 risk weight). Cross-modal concordance: [SINGLE_MODALITY]. Safety Net Override: Elevated risk patient with incomplete modality coverage (Missing: ['DL', 'NLP']). Clinician review recommended. Final assigned risk is [HIGH]."
TCGA-KK-A7AV,0.0021,LOW,LOW,0.6441,SINGLE_MODALITY,['ML'],"['DL', 'NLP']",MODERATE,,,SINGLE_MODALITY,False,No active safety alerts.,0,[],[],[],Patient TCGA-KK-A7AV evaluated under evidence level [SINGLE_MODALITY]. Synthesized integrated score is 0.0021 yielding raw risk class [LOW]. Contributions (ML: 0.0021 risk weight). Cross-modal concordance: [SINGLE_MODALITY]. No active safety escalations triggered. Final assigned risk is [LOW].
TCGA-CJ-4644,0.9988,HIGH,HIGH,0.6492,SINGLE_MODALITY,['ML'],"['DL', 'NLP']",HIGH,,,SINGLE_MODALITY,True,"Elevated risk patient with incomplete modality coverage (Missing: ['DL', 'NLP']). Clinician review recommended.",0,[],[],[],"Patient TCGA-CJ-4644 evaluated under evidence level [SINGLE_MODALITY]. Synthesized integrated score is 0.9988 yielding raw risk class [HIGH]. Contributions (ML: 0.9988 risk weight). Cross-modal concordance: [SINGLE_MODALITY]. Safety Net Override: Elevated risk patient with incomplete modality coverage (Missing: ['DL', 'NLP']). Clinician review recommended. Final assigned risk is [HIGH]."
TCGA-AR-A1AJ,0.0044,LOW,LOW,0.6288,SINGLE_MODALITY,['ML'],"['DL', 'NLP']",MODERATE,,,SINGLE_MODALITY,False,No active safety alerts.,0,[],[],[],Patient TCGA-AR-A1AJ evaluated under evidence level [SINGLE_MODALITY]. Synthesized integrated score is 0.0044 yielding raw risk class [LOW]. Contributions (ML: 0.0044 risk weight). Cross-modal concordance: [SINGLE_MODALITY]. No active safety escalations triggered. Final assigned risk is [LOW].
TCGA-HC-8260,0.0017,LOW,LOW,0.6454,SINGLE_MODALITY,['ML'],"['DL', 'NLP']",MODERATE,,,SINGLE_MODALITY,False,No active safety alerts.,0,[],[],[],Patient TCGA-HC-8260 evaluated under evidence level [SINGLE_MODALITY]. Synthesized integrated score is 0.0017 yielding raw risk class [LOW]. Contributions (ML: 0.0017 risk weight). Cross-modal concordance: [SINGLE_MODALITY]. No active safety escalations triggered. Final assigned risk is [LOW].
TCGA-BH-A0BL,0.0083,LOW,LOW,0.6438,SINGLE_MODALITY,['ML'],"['DL', 'NLP']",MODERATE,,,SINGLE_MODALITY,False,No active safety alerts.,0,[],[],[],Patient TCGA-BH-A0BL evaluated under evidence level [SINGLE_MODALITY]. Synthesized integrated score is 0.0083 yielding raw risk class [LOW]. Contributions (ML: 0.0083 risk weight). Cross-modal concordance: [SINGLE_MODALITY]. No active safety escalations triggered. Final assigned risk is [LOW].
TCGA-B0-4849,0.9975,HIGH,HIGH,0.6484,SINGLE_MODALITY,['ML'],"['DL', 'NLP']",HIGH,,,SINGLE_MODALITY,True,"Elevated risk patient with incomplete modality coverage (Missing: ['DL', 'NLP']). Clinician review recommended.",0,[],[],[],"Patient TCGA-B0-4849 evaluated under evidence level [SINGLE_MODALITY]. Synthesized integrated score is 0.9975 yielding raw risk class [HIGH]. Contributions (ML: 0.9975 risk weight). Cross-modal concordance: [SINGLE_MODALITY]. Safety Net Override: Elevated risk patient with incomplete modality coverage (Missing: ['DL', 'NLP']). Clinician review recommended. Final assigned risk is [HIGH]."
TCGA-44-5645,0.0,LOW,LOW,0.6496,SINGLE_MODALITY,['ML'],"['DL', 'NLP']",LOW,,,SINGLE_MODALITY,False,No active safety alerts.,0,[],[],[],Patient TCGA-44-5645 evaluated under evidence level [SINGLE_MODALITY]. Synthesized integrated score is 0.0000 yielding raw risk class [LOW]. Contributions (ML: 0.0000 risk weight). Cross-modal concordance: [SINGLE_MODALITY]. No active safety escalations triggered. Final assigned risk is [LOW].
TCGA-DD-AAD5,0.0001,LOW,LOW,0.6444,SINGLE_MODALITY,['ML'],"['DL', 'NLP']",LOW,,,SINGLE_MODALITY,False,No active safety alerts.,0,[],[],[],Patient TCGA-DD-AAD5 evaluated under evidence level [SINGLE_MODALITY]. Synthesized integrated score is 0.0001 yielding raw risk class [LOW]. Contributions (ML: 0.0001 risk weight). Cross-modal concordance: [SINGLE_MODALITY]. No active safety escalations triggered. Final assigned risk is [LOW].
TCGA-3N-A9WC,0.0333,LOW,LOW,0.6258,SINGLE_MODALITY,['ML'],"['DL', 'NLP']",MODERATE,,,SINGLE_MODALITY,False,No active safety alerts.,0,[],[],[],Patient TCGA-3N-A9WC evaluated under evidence level [SINGLE_MODALITY]. Synthesized integrated score is 0.0333 yielding raw risk class [LOW]. Contributions (ML: 0.0333 risk weight). Cross-modal concordance: [SINGLE_MODALITY]. No active safety escalations triggered. Final assigned risk is [LOW].
TCGA-CJ-4920,0.0,LOW,LOW,0.6495,SINGLE_MODALITY,['ML'],"['DL', 'NLP']",LOW,,,SINGLE_MODALITY,False,No active safety alerts.,0,[],[],[],Patient TCGA-CJ-4920 evaluated under evidence level [SINGLE_MODALITY]. Synthesized integrated score is 0.0000 yielding raw risk class [LOW]. Contributions (ML: 0.0000 risk weight). Cross-modal concordance: [SINGLE_MODALITY]. No active safety escalations triggered. Final assigned risk is [LOW].
TCGA-UY-A8OD,0.0001,LOW,LOW,0.6457,SINGLE_MODALITY,['ML'],"['DL', 'NLP']",LOW,,,SINGLE_MODALITY,False,No active safety alerts.,0,[],[],[],Patient TCGA-UY-A8OD evaluated under evidence level [SINGLE_MODALITY]. Synthesized integrated score is 0.0001 yielding raw risk class [LOW]. Contributions (ML: 0.0001 risk weight). Cross-modal concordance: [SINGLE_MODALITY]. No active safety escalations triggered. Final assigned risk is [LOW].
TCGA-18-3415,0.0026,LOW,LOW,0.6404,SINGLE_MODALITY,['ML'],"['DL', 'NLP']",MODERATE,,,SINGLE_MODALITY,False,No active safety alerts.,0,[],[],[],Patient TCGA-18-3415 evaluated under evidence level [SINGLE_MODALITY]. Synthesized integrated score is 0.0026 yielding raw risk class [LOW]. Contributions (ML: 0.0026 risk weight). Cross-modal concordance: [SINGLE_MODALITY]. No active safety escalations triggered. Final assigned risk is [LOW].
TCGA-GC-A3YS,0.9993,HIGH,HIGH,0.6495,SINGLE_MODALITY,['ML'],"['DL', 'NLP']",HIGH,,,SINGLE_MODALITY,True,"Elevated risk patient with incomplete modality coverage (Missing: ['DL', 'NLP']). Clinician review recommended.",0,[],[],[],"Patient TCGA-GC-A3YS evaluated under evidence level [SINGLE_MODALITY]. Synthesized integrated score is 0.9993 yielding raw risk class [HIGH]. Contributions (ML: 0.9993 risk weight). Cross-modal concordance: [SINGLE_MODALITY]. Safety Net Override: Elevated risk patient with incomplete modality coverage (Missing: ['DL', 'NLP']). Clinician review recommended. Final assigned risk is [HIGH]."
TCGA-AO-A0J9,0.9935,HIGH,HIGH,0.6458,SINGLE_MODALITY,['ML'],"['DL', 'NLP']",HIGH,,,SINGLE_MODALITY,True,"Elevated risk patient with incomplete modality coverage (Missing: ['DL', 'NLP']). Clinician review recommended.",0,[],[],[],"Patient TCGA-AO-A0J9 evaluated under evidence level [SINGLE_MODALITY]. Synthesized integrated score is 0.9935 yielding raw risk class [HIGH]. Contributions (ML: 0.9935 risk weight). Cross-modal concordance: [SINGLE_MODALITY]. Safety Net Override: Elevated risk patient with incomplete modality coverage (Missing: ['DL', 'NLP']). Clinician review recommended. Final assigned risk is [HIGH]."
TCGA-96-8169,0.0001,LOW,LOW,0.6446,SINGLE_MODALITY,['ML'],"['DL', 'NLP']",LOW,,,SINGLE_MODALITY,False,No active safety alerts.,0,[],[],[],Patient TCGA-96-8169 evaluated under evidence level [SINGLE_MODALITY]. Synthesized integrated score is 0.0001 yielding raw risk class [LOW]. Contributions (ML: 0.0001 risk weight). Cross-modal concordance: [SINGLE_MODALITY]. No active safety escalations triggered. Final assigned risk is [LOW].
TCGA-C8-A137,0.9099,HIGH,HIGH,0.5914,SINGLE_MODALITY,['ML'],"['DL', 'NLP']",HIGH,,,SINGLE_MODALITY,True,"Elevated risk patient with incomplete modality coverage (Missing: ['DL', 'NLP']). Clinician review recommended.",0,[],[],[],"Patient TCGA-C8-A137 evaluated under evidence level [SINGLE_MODALITY]. Synthesized integrated score is 0.9099 yielding raw risk class [HIGH]. Contributions (ML: 0.9099 risk weight). Cross-modal concordance: [SINGLE_MODALITY]. Safety Net Override: Elevated risk patient with incomplete modality coverage (Missing: ['DL', 'NLP']). Clinician review recommended. Final assigned risk is [HIGH]."
TCGA-EJ-A46E,0.0001,LOW,LOW,0.6464,SINGLE_MODALITY,['ML'],"['DL', 'NLP']",LOW,,,SINGLE_MODALITY,False,No active safety alerts.,0,[],[],[],Patient TCGA-EJ-A46E evaluated under evidence level [SINGLE_MODALITY]. Synthesized integrated score is 0.0001 yielding raw risk class [LOW]. Contributions (ML: 0.0001 risk weight). Cross-modal concordance: [SINGLE_MODALITY]. No active safety escalations triggered. Final assigned risk is [LOW].
TCGA-86-7955,0.0001,LOW,LOW,0.6438,SINGLE_MODALITY,['ML'],"['DL', 'NLP']",LOW,,,SINGLE_MODALITY,False,No active safety alerts.,0,[],[],[],Patient TCGA-86-7955 evaluated under evidence level [SINGLE_MODALITY]. Synthesized integrated score is 0.0001 yielding raw risk class [LOW]. Contributions (ML: 0.0001 risk weight). Cross-modal concordance: [SINGLE_MODALITY]. No active safety escalations triggered. Final assigned risk is [LOW].
TCGA-A2-A4S3,0.0003,LOW,LOW,0.6141,SINGLE_MODALITY,['ML'],"['DL', 'NLP']",LOW,,,SINGLE_MODALITY,False,No active safety alerts.,0,[],[],[],Patient TCGA-A2-A4S3 evaluated under evidence level [SINGLE_MODALITY]. Synthesized integrated score is 0.0003 yielding raw risk class [LOW]. Contributions (ML: 0.0003 risk weight). Cross-modal concordance: [SINGLE_MODALITY]. No active safety escalations triggered. Final assigned risk is [LOW].
TCGA-2J-AAB9,0.0034,LOW,LOW,0.6441,SINGLE_MODALITY,['ML'],"['DL', 'NLP']",MODERATE,,,SINGLE_MODALITY,False,No active safety alerts.,0,[],[],[],Patient TCGA-2J-AAB9 evaluated under evidence level [SINGLE_MODALITY]. Synthesized integrated score is 0.0034 yielding raw risk class [LOW]. Contributions (ML: 0.0034 risk weight). Cross-modal concordance: [SINGLE_MODALITY]. No active safety escalations triggered. Final assigned risk is [LOW].
TCGA-18-4721,0.0016,LOW,LOW,0.642,SINGLE_MODALITY,['ML'],"['DL', 'NLP']",MODERATE,,,SINGLE_MODALITY,False,No active safety alerts.,0,[],[],[],Patient TCGA-18-4721 evaluated under evidence level [SINGLE_MODALITY]. Synthesized integrated score is 0.0016 yielding raw risk class [LOW]. Contributions (ML: 0.0016 risk weight). Cross-modal concordance: [SINGLE_MODALITY]. No active safety escalations triggered. Final assigned risk is [LOW].
TCGA-CR-6480,0.002,LOW,LOW,0.6466,SINGLE_MODALITY,['ML'],"['DL', 'NLP']",MODERATE,,,SINGLE_MODALITY,False,No active safety alerts.,0,[],[],[],Patient TCGA-CR-6480 evaluated under evidence level [SINGLE_MODALITY]. Synthesized integrated score is 0.0020 yielding raw risk class [LOW]. Contributions (ML: 0.0020 risk weight). Cross-modal concordance: [SINGLE_MODALITY]. No active safety escalations triggered. Final assigned risk is [LOW].
TCGA-BL-A13I,0.9884,HIGH,HIGH,0.6425,SINGLE_MODALITY,['ML'],"['DL', 'NLP']",HIGH,,,SINGLE_MODALITY,True,"Elevated risk patient with incomplete modality coverage (Missing: ['DL', 'NLP']). Clinician review recommended.",0,[],[],[],"Patient TCGA-BL-A13I evaluated under evidence level [SINGLE_MODALITY]. Synthesized integrated score is 0.9884 yielding raw risk class [HIGH]. Contributions (ML: 0.9884 risk weight). Cross-modal concordance: [SINGLE_MODALITY]. Safety Net Override: Elevated risk patient with incomplete modality coverage (Missing: ['DL', 'NLP']). Clinician review recommended. Final assigned risk is [HIGH]."
TCGA-BP-4165,0.0,LOW,LOW,0.6498,SINGLE_MODALITY,['ML'],"['DL', 'NLP']",LOW,,,SINGLE_MODALITY,False,No active safety alerts.,0,[],[],[],Patient TCGA-BP-4165 evaluated under evidence level [SINGLE_MODALITY]. Synthesized integrated score is 0.0000 yielding raw risk class [LOW]. Contributions (ML: 0.0000 risk weight). Cross-modal concordance: [SINGLE_MODALITY]. No active safety escalations triggered. Final assigned risk is [LOW].
TCGA-95-8494,0.0009,LOW,LOW,0.6482,SINGLE_MODALITY,['ML'],"['DL', 'NLP']",MODERATE,,,SINGLE_MODALITY,False,No active safety alerts.,0,[],[],[],Patient TCGA-95-8494 evaluated under evidence level [SINGLE_MODALITY]. Synthesized integrated score is 0.0009 yielding raw risk class [LOW]. Contributions (ML: 0.0009 risk weight). Cross-modal concordance: [SINGLE_MODALITY]. No active safety escalations triggered. Final assigned risk is [LOW].
TCGA-25-2398,0.0168,LOW,LOW,0.6388,SINGLE_MODALITY,['ML'],"['DL', 'NLP']",MODERATE,,,SINGLE_MODALITY,False,No active safety alerts.,0,[],[],[],Patient TCGA-25-2398 evaluated under evidence level [SINGLE_MODALITY]. Synthesized integrated score is 0.0168 yielding raw risk class [LOW]. Contributions (ML: 0.0168 risk weight). Cross-modal concordance: [SINGLE_MODALITY]. No active safety escalations triggered. Final assigned risk is [LOW].
TCGA-NC-A5HI,0.0022,LOW,LOW,0.6414,SINGLE_MODALITY,['ML'],"['DL', 'NLP']",MODERATE,,,SINGLE_MODALITY,False,No active safety alerts.,0,[],[],[],Patient TCGA-NC-A5HI evaluated under evidence level [SINGLE_MODALITY]. Synthesized integrated score is 0.0022 yielding raw risk class [LOW]. Contributions (ML: 0.0022 risk weight). Cross-modal concordance: [SINGLE_MODALITY]. No active safety escalations triggered. Final assigned risk is [LOW].
TCGA-W3-A825,0.0016,LOW,LOW,0.6471,SINGLE_MODALITY,['ML'],"['DL', 'NLP']",MODERATE,,,SINGLE_MODALITY,False,No active safety alerts.,0,[],[],[],Patient TCGA-W3-A825 evaluated under evidence level [SINGLE_MODALITY]. Synthesized integrated score is 0.0016 yielding raw risk class [LOW]. Contributions (ML: 0.0016 risk weight). Cross-modal concordance: [SINGLE_MODALITY]. No active safety escalations triggered. Final assigned risk is [LOW].
TCGA-A2-A25A,0.0037,LOW,LOW,0.6467,SINGLE_MODALITY,['ML'],"['DL', 'NLP']",MODERATE,,,SINGLE_MODALITY,False,No active safety alerts.,0,[],[],[],Patient TCGA-A2-A25A evaluated under evidence level [SINGLE_MODALITY]. Synthesized integrated score is 0.0037 yielding raw risk class [LOW]. Contributions (ML: 0.0037 risk weight). Cross-modal concordance: [SINGLE_MODALITY]. No active safety escalations triggered. Final assigned risk is [LOW].
TCGA-CV-A6K1,0.9986,HIGH,HIGH,0.6491,SINGLE_MODALITY,['ML'],"['DL', 'NLP']",HIGH,,,SINGLE_MODALITY,True,"Elevated risk patient with incomplete modality coverage (Missing: ['DL', 'NLP']). Clinician review recommended.",0,[],[],[],"Patient TCGA-CV-A6K1 evaluated under evidence level [SINGLE_MODALITY]. Synthesized integrated score is 0.9986 yielding raw risk class [HIGH]. Contributions (ML: 0.9986 risk weight). Cross-modal concordance: [SINGLE_MODALITY]. Safety Net Override: Elevated risk patient with incomplete modality coverage (Missing: ['DL', 'NLP']). Clinician review recommended. Final assigned risk is [HIGH]."
TCGA-E9-A1NA,0.0077,LOW,LOW,0.6128,SINGLE_MODALITY,['ML'],"['DL', 'NLP']",MODERATE,,,SINGLE_MODALITY,False,No active safety alerts.,0,[],[],[],Patient TCGA-E9-A1NA evaluated under evidence level [SINGLE_MODALITY]. Synthesized integrated score is 0.0077 yielding raw risk class [LOW]. Contributions (ML: 0.0077 risk weight). Cross-modal concordance: [SINGLE_MODALITY]. No active safety escalations triggered. Final assigned risk is [LOW].
TCGA-24-2020,0.0079,LOW,LOW,0.6446,SINGLE_MODALITY,['ML'],"['DL', 'NLP']",MODERATE,,,SINGLE_MODALITY,False,No active safety alerts.,0,[],[],[],Patient TCGA-24-2020 evaluated under evidence level [SINGLE_MODALITY]. Synthesized integrated score is 0.0079 yielding raw risk class [LOW]. Contributions (ML: 0.0079 risk weight). Cross-modal concordance: [SINGLE_MODALITY]. No active safety escalations triggered. Final assigned risk is [LOW].
TCGA-E9-A3X8,0.0001,LOW,LOW,0.6453,SINGLE_MODALITY,['ML'],"['DL', 'NLP']",LOW,,,SINGLE_MODALITY,False,No active safety alerts.,0,[],[],[],Patient TCGA-E9-A3X8 evaluated under evidence level [SINGLE_MODALITY]. Synthesized integrated score is 0.0001 yielding raw risk class [LOW]. Contributions (ML: 0.0001 risk weight). Cross-modal concordance: [SINGLE_MODALITY]. No active safety escalations triggered. Final assigned risk is [LOW].
TCGA-4T-AA8H,0.0071,LOW,LOW,0.6452,SINGLE_MODALITY,['ML'],"['DL', 'NLP']",MODERATE,,,SINGLE_MODALITY,False,No active safety alerts.,0,[],[],[],Patient TCGA-4T-AA8H evaluated under evidence level [SINGLE_MODALITY]. Synthesized integrated score is 0.0071 yielding raw risk class [LOW]. Contributions (ML: 0.0071 risk weight). Cross-modal concordance: [SINGLE_MODALITY]. No active safety escalations triggered. Final assigned risk is [LOW].
TCGA-55-6543,0.0001,LOW,LOW,0.6235,SINGLE_MODALITY,['ML'],"['DL', 'NLP']",LOW,,,SINGLE_MODALITY,False,No active safety alerts.,0,[],[],[],Patient TCGA-55-6543 evaluated under evidence level [SINGLE_MODALITY]. Synthesized integrated score is 0.0001 yielding raw risk class [LOW]. Contributions (ML: 0.0001 risk weight). Cross-modal concordance: [SINGLE_MODALITY]. No active safety escalations triggered. Final assigned risk is [LOW].
TCGA-C8-A26W,0.0001,LOW,LOW,0.6447,SINGLE_MODALITY,['ML'],"['DL', 'NLP']",LOW,,,SINGLE_MODALITY,False,No active safety alerts.,0,[],[],[],Patient TCGA-C8-A26W evaluated under evidence level [SINGLE_MODALITY]. Synthesized integrated score is 0.0001 yielding raw risk class [LOW]. Contributions (ML: 0.0001 risk weight). Cross-modal concordance: [SINGLE_MODALITY]. No active safety escalations triggered. Final assigned risk is [LOW].
TCGA-M7-A720,0.0001,LOW,LOW,0.6458,SINGLE_MODALITY,['ML'],"['DL', 'NLP']",LOW,,,SINGLE_MODALITY,False,No active safety alerts.,0,[],[],[],Patient TCGA-M7-A720 evaluated under evidence level [SINGLE_MODALITY]. Synthesized integrated score is 0.0001 yielding raw risk class [LOW]. Contributions (ML: 0.0001 risk weight). Cross-modal concordance: [SINGLE_MODALITY]. No active safety escalations triggered. Final assigned risk is [LOW].
TCGA-MT-A67A,0.0314,LOW,LOW,0.6269,SINGLE_MODALITY,['ML'],"['DL', 'NLP']",MODERATE,,,SINGLE_MODALITY,False,No active safety alerts.,0,[],[],[],Patient TCGA-MT-A67A evaluated under evidence level [SINGLE_MODALITY]. Synthesized integrated score is 0.0314 yielding raw risk class [LOW]. Contributions (ML: 0.0314 risk weight). Cross-modal concordance: [SINGLE_MODALITY]. No active safety escalations triggered. Final assigned risk is [LOW].
TCGA-24-1616,0.0175,LOW,LOW,0.6382,SINGLE_MODALITY,['ML'],"['DL', 'NLP']",MODERATE,,,SINGLE_MODALITY,False,No active safety alerts.,0,[],[],[],Patient TCGA-24-1616 evaluated under evidence level [SINGLE_MODALITY]. Synthesized integrated score is 0.0175 yielding raw risk class [LOW]. Contributions (ML: 0.0175 risk weight). Cross-modal concordance: [SINGLE_MODALITY]. No active safety escalations triggered. Final assigned risk is [LOW].
TCGA-D3-A8GK,0.009,LOW,LOW,0.644,SINGLE_MODALITY,['ML'],"['DL', 'NLP']",MODERATE,,,SINGLE_MODALITY,False,No active safety alerts.,0,[],[],[],Patient TCGA-D3-A8GK evaluated under evidence level [SINGLE_MODALITY]. Synthesized integrated score is 0.0090 yielding raw risk class [LOW]. Contributions (ML: 0.0090 risk weight). Cross-modal concordance: [SINGLE_MODALITY]. No active safety escalations triggered. Final assigned risk is [LOW].
TCGA-B0-5113,0.9968,HIGH,HIGH,0.6479,SINGLE_MODALITY,['ML'],"['DL', 'NLP']",HIGH,,,SINGLE_MODALITY,True,"Elevated risk patient with incomplete modality coverage (Missing: ['DL', 'NLP']). Clinician review recommended.",0,[],[],[],"Patient TCGA-B0-5113 evaluated under evidence level [SINGLE_MODALITY]. Synthesized integrated score is 0.9968 yielding raw risk class [HIGH]. Contributions (ML: 0.9968 risk weight). Cross-modal concordance: [SINGLE_MODALITY]. Safety Net Override: Elevated risk patient with incomplete modality coverage (Missing: ['DL', 'NLP']). Clinician review recommended. Final assigned risk is [HIGH]."
TCGA-UU-A93S,0.9997,HIGH,HIGH,0.6498,SINGLE_MODALITY,['ML'],"['DL', 'NLP']",HIGH,,,SINGLE_MODALITY,True,"Elevated risk patient with incomplete modality coverage (Missing: ['DL', 'NLP']). Clinician review recommended.",0,[],[],[],"Patient TCGA-UU-A93S evaluated under evidence level [SINGLE_MODALITY]. Synthesized integrated score is 0.9997 yielding raw risk class [HIGH]. Contributions (ML: 0.9997 risk weight). Cross-modal concordance: [SINGLE_MODALITY]. Safety Net Override: Elevated risk patient with incomplete modality coverage (Missing: ['DL', 'NLP']). Clinician review recommended. Final assigned risk is [HIGH]."
TCGA-FV-A3I1,0.0015,LOW,LOW,0.6457,SINGLE_MODALITY,['ML'],"['DL', 'NLP']",MODERATE,,,SINGLE_MODALITY,False,No active safety alerts.,0,[],[],[],Patient TCGA-FV-A3I1 evaluated under evidence level [SINGLE_MODALITY]. Synthesized integrated score is 0.0015 yielding raw risk class [LOW]. Contributions (ML: 0.0015 risk weight). Cross-modal concordance: [SINGLE_MODALITY]. No active safety escalations triggered. Final assigned risk is [LOW].
TCGA-97-A4M5,0.0002,LOW,LOW,0.6253,SINGLE_MODALITY,['ML'],"['DL', 'NLP']",LOW,,,SINGLE_MODALITY,False,No active safety alerts.,0,[],[],[],Patient TCGA-97-A4M5 evaluated under evidence level [SINGLE_MODALITY]. Synthesized integrated score is 0.0002 yielding raw risk class [LOW]. Contributions (ML: 0.0002 risk weight). Cross-modal concordance: [SINGLE_MODALITY]. No active safety escalations triggered. Final assigned risk is [LOW].
TCGA-B8-5553,0.0,LOW,LOW,0.6499,SINGLE_MODALITY,['ML'],"['DL', 'NLP']",LOW,,,SINGLE_MODALITY,False,No active safety alerts.,0,[],[],[],Patient TCGA-B8-5553 evaluated under evidence level [SINGLE_MODALITY]. Synthesized integrated score is 0.0000 yielding raw risk class [LOW]. Contributions (ML: 0.0000 risk weight). Cross-modal concordance: [SINGLE_MODALITY]. No active safety escalations triggered. Final assigned risk is [LOW].
TCGA-BP-4789,0.0001,LOW,LOW,0.6388,SINGLE_MODALITY,['ML'],"['DL', 'NLP']",LOW,,,SINGLE_MODALITY,False,No active safety alerts.,0,[],[],[],Patient TCGA-BP-4789 evaluated under evidence level [SINGLE_MODALITY]. Synthesized integrated score is 0.0001 yielding raw risk class [LOW]. Contributions (ML: 0.0001 risk weight). Cross-modal concordance: [SINGLE_MODALITY]. No active safety escalations triggered. Final assigned risk is [LOW].
TCGA-D8-A1X8,0.9955,HIGH,HIGH,0.6471,SINGLE_MODALITY,['ML'],"['DL', 'NLP']",HIGH,,,SINGLE_MODALITY,True,"Elevated risk patient with incomplete modality coverage (Missing: ['DL', 'NLP']). Clinician review recommended.",0,[],[],[],"Patient TCGA-D8-A1X8 evaluated under evidence level [SINGLE_MODALITY]. Synthesized integrated score is 0.9955 yielding raw risk class [HIGH]. Contributions (ML: 0.9955 risk weight). Cross-modal concordance: [SINGLE_MODALITY]. Safety Net Override: Elevated risk patient with incomplete modality coverage (Missing: ['DL', 'NLP']). Clinician review recommended. Final assigned risk is [HIGH]."
TCGA-56-7823,0.0009,LOW,LOW,0.6483,SINGLE_MODALITY,['ML'],"['DL', 'NLP']",MODERATE,,,SINGLE_MODALITY,False,No active safety alerts.,0,[],[],[],Patient TCGA-56-7823 evaluated under evidence level [SINGLE_MODALITY]. Synthesized integrated score is 0.0009 yielding raw risk class [LOW]. Contributions (ML: 0.0009 risk weight). Cross-modal concordance: [SINGLE_MODALITY]. No active safety escalations triggered. Final assigned risk is [LOW].
TCGA-DD-AAED,0.0631,LOW,LOW,0.5924,SINGLE_MODALITY,['ML'],"['DL', 'NLP']",MODERATE,,,SINGLE_MODALITY,False,No active safety alerts.,0,[],[],[],Patient TCGA-DD-AAED evaluated under evidence level [SINGLE_MODALITY]. Synthesized integrated score is 0.0631 yielding raw risk class [LOW]. Contributions (ML: 0.0631 risk weight). Cross-modal concordance: [SINGLE_MODALITY]. No active safety escalations triggered. Final assigned risk is [LOW].
TCGA-22-5478,0.0001,LOW,LOW,0.639,SINGLE_MODALITY,['ML'],"['DL', 'NLP']",LOW,,,SINGLE_MODALITY,False,No active safety alerts.,0,[],[],[],Patient TCGA-22-5478 evaluated under evidence level [SINGLE_MODALITY]. Synthesized integrated score is 0.0001 yielding raw risk class [LOW]. Contributions (ML: 0.0001 risk weight). Cross-modal concordance: [SINGLE_MODALITY]. No active safety escalations triggered. Final assigned risk is [LOW].
TCGA-G3-AAV0,0.0001,LOW,LOW,0.6307,SINGLE_MODALITY,['ML'],"['DL', 'NLP']",LOW,,,SINGLE_MODALITY,False,No active safety alerts.,0,[],[],[],Patient TCGA-G3-AAV0 evaluated under evidence level [SINGLE_MODALITY]. Synthesized integrated score is 0.0001 yielding raw risk class [LOW]. Contributions (ML: 0.0001 risk weight). Cross-modal concordance: [SINGLE_MODALITY]. No active safety escalations triggered. Final assigned risk is [LOW].
TCGA-UF-A71D,0.9998,HIGH,HIGH,0.6499,SINGLE_MODALITY,['ML'],"['DL', 'NLP']",HIGH,,,SINGLE_MODALITY,True,"Elevated risk patient with incomplete modality coverage (Missing: ['DL', 'NLP']). Clinician review recommended.",0,[],[],[],"Patient TCGA-UF-A71D evaluated under evidence level [SINGLE_MODALITY]. Synthesized integrated score is 0.9998 yielding raw risk class [HIGH]. Contributions (ML: 0.9998 risk weight). Cross-modal concordance: [SINGLE_MODALITY]. Safety Net Override: Elevated risk patient with incomplete modality coverage (Missing: ['DL', 'NLP']). Clinician review recommended. Final assigned risk is [HIGH]."
TCGA-21-5783,0.005,LOW,LOW,0.6405,SINGLE_MODALITY,['ML'],"['DL', 'NLP']",MODERATE,,,SINGLE_MODALITY,False,No active safety alerts.,0,[],[],[],Patient TCGA-21-5783 evaluated under evidence level [SINGLE_MODALITY]. Synthesized integrated score is 0.0050 yielding raw risk class [LOW]. Contributions (ML: 0.0050 risk weight). Cross-modal concordance: [SINGLE_MODALITY]. No active safety escalations triggered. Final assigned risk is [LOW].
TCGA-59-2351,0.0016,LOW,LOW,0.6462,SINGLE_MODALITY,['ML'],"['DL', 'NLP']",MODERATE,,,SINGLE_MODALITY,False,No active safety alerts.,0,[],[],[],Patient TCGA-59-2351 evaluated under evidence level [SINGLE_MODALITY]. Synthesized integrated score is 0.0016 yielding raw risk class [LOW]. Contributions (ML: 0.0016 risk weight). Cross-modal concordance: [SINGLE_MODALITY]. No active safety escalations triggered. Final assigned risk is [LOW].
TCGA-17-Z033,0.0019,LOW,LOW,0.6464,SINGLE_MODALITY,['ML'],"['DL', 'NLP']",MODERATE,,,SINGLE_MODALITY,False,No active safety alerts.,0,[],[],[],Patient TCGA-17-Z033 evaluated under evidence level [SINGLE_MODALITY]. Synthesized integrated score is 0.0019 yielding raw risk class [LOW]. Contributions (ML: 0.0019 risk weight). Cross-modal concordance: [SINGLE_MODALITY]. No active safety escalations triggered. Final assigned risk is [LOW].
TCGA-44-2668,0.0031,LOW,LOW,0.6381,SINGLE_MODALITY,['ML'],"['DL', 'NLP']",MODERATE,,,SINGLE_MODALITY,False,No active safety alerts.,0,[],[],[],Patient TCGA-44-2668 evaluated under evidence level [SINGLE_MODALITY]. Synthesized integrated score is 0.0031 yielding raw risk class [LOW]. Contributions (ML: 0.0031 risk weight). Cross-modal concordance: [SINGLE_MODALITY]. No active safety escalations triggered. Final assigned risk is [LOW].
TCGA-DD-AACF,0.0,LOW,LOW,0.6498,SINGLE_MODALITY,['ML'],"['DL', 'NLP']",LOW,,,SINGLE_MODALITY,False,No active safety alerts.,0,[],[],[],Patient TCGA-DD-AACF evaluated under evidence level [SINGLE_MODALITY]. Synthesized integrated score is 0.0000 yielding raw risk class [LOW]. Contributions (ML: 0.0000 risk weight). Cross-modal concordance: [SINGLE_MODALITY]. No active safety escalations triggered. Final assigned risk is [LOW].
TCGA-GC-A3RC,0.0009,LOW,LOW,0.6481,SINGLE_MODALITY,['ML'],"['DL', 'NLP']",MODERATE,,,SINGLE_MODALITY,False,No active safety alerts.,0,[],[],[],Patient TCGA-GC-A3RC evaluated under evidence level [SINGLE_MODALITY]. Synthesized integrated score is 0.0009 yielding raw risk class [LOW]. Contributions (ML: 0.0009 risk weight). Cross-modal concordance: [SINGLE_MODALITY]. No active safety escalations triggered. Final assigned risk is [LOW].
TCGA-F5-6814,0.0012,LOW,LOW,0.6468,SINGLE_MODALITY,['ML'],"['DL', 'NLP']",MODERATE,,,SINGLE_MODALITY,False,No active safety alerts.,0,[],[],[],Patient TCGA-F5-6814 evaluated under evidence level [SINGLE_MODALITY]. Synthesized integrated score is 0.0012 yielding raw risk class [LOW]. Contributions (ML: 0.0012 risk weight). Cross-modal concordance: [SINGLE_MODALITY]. No active safety escalations triggered. Final assigned risk is [LOW].
TCGA-BP-4326,0.0043,LOW,LOW,0.6364,SINGLE_MODALITY,['ML'],"['DL', 'NLP']",MODERATE,,,SINGLE_MODALITY,False,No active safety alerts.,0,[],[],[],Patient TCGA-BP-4326 evaluated under evidence level [SINGLE_MODALITY]. Synthesized integrated score is 0.0043 yielding raw risk class [LOW]. Contributions (ML: 0.0043 risk weight). Cross-modal concordance: [SINGLE_MODALITY]. No active safety escalations triggered. Final assigned risk is [LOW].
TCGA-FB-A4P5,0.003,LOW,LOW,0.6446,SINGLE_MODALITY,['ML'],"['DL', 'NLP']",MODERATE,,,SINGLE_MODALITY,False,No active safety alerts.,0,[],[],[],Patient TCGA-FB-A4P5 evaluated under evidence level [SINGLE_MODALITY]. Synthesized integrated score is 0.0030 yielding raw risk class [LOW]. Contributions (ML: 0.0030 risk weight). Cross-modal concordance: [SINGLE_MODALITY]. No active safety escalations triggered. Final assigned risk is [LOW].
TCGA-GN-A4U7,0.9884,HIGH,HIGH,0.6425,SINGLE_MODALITY,['ML'],"['DL', 'NLP']",HIGH,,,SINGLE_MODALITY,True,"Elevated risk patient with incomplete modality coverage (Missing: ['DL', 'NLP']). Clinician review recommended.",0,[],[],[],"Patient TCGA-GN-A4U7 evaluated under evidence level [SINGLE_MODALITY]. Synthesized integrated score is 0.9884 yielding raw risk class [HIGH]. Contributions (ML: 0.9884 risk weight). Cross-modal concordance: [SINGLE_MODALITY]. Safety Net Override: Elevated risk patient with incomplete modality coverage (Missing: ['DL', 'NLP']). Clinician review recommended. Final assigned risk is [HIGH]."
TCGA-G9-6351,0.0272,LOW,LOW,0.6318,SINGLE_MODALITY,['ML'],"['DL', 'NLP']",MODERATE,,,SINGLE_MODALITY,False,No active safety alerts.,0,[],[],[],Patient TCGA-G9-6351 evaluated under evidence level [SINGLE_MODALITY]. Synthesized integrated score is 0.0272 yielding raw risk class [LOW]. Contributions (ML: 0.0272 risk weight). Cross-modal concordance: [SINGLE_MODALITY]. No active safety escalations triggered. Final assigned risk is [LOW].
TCGA-DD-A3A6,0.0,LOW,LOW,0.6464,SINGLE_MODALITY,['ML'],"['DL', 'NLP']",LOW,,,SINGLE_MODALITY,False,No active safety alerts.,0,[],[],[],Patient TCGA-DD-A3A6 evaluated under evidence level [SINGLE_MODALITY]. Synthesized integrated score is 0.0000 yielding raw risk class [LOW]. Contributions (ML: 0.0000 risk weight). Cross-modal concordance: [SINGLE_MODALITY]. No active safety escalations triggered. Final assigned risk is [LOW].
TCGA-MR-A8JO,0.0,LOW,LOW,0.6498,SINGLE_MODALITY,['ML'],"['DL', 'NLP']",LOW,,,SINGLE_MODALITY,False,No active safety alerts.,0,[],[],[],Patient TCGA-MR-A8JO evaluated under evidence level [SINGLE_MODALITY]. Synthesized integrated score is 0.0000 yielding raw risk class [LOW]. Contributions (ML: 0.0000 risk weight). Cross-modal concordance: [SINGLE_MODALITY]. No active safety escalations triggered. Final assigned risk is [LOW].
TCGA-XK-AAJA,0.0001,LOW,LOW,0.6465,SINGLE_MODALITY,['ML'],"['DL', 'NLP']",LOW,,,SINGLE_MODALITY,False,No active safety alerts.,0,[],[],[],Patient TCGA-XK-AAJA evaluated under evidence level [SINGLE_MODALITY]. Synthesized integrated score is 0.0001 yielding raw risk class [LOW]. Contributions (ML: 0.0001 risk weight). Cross-modal concordance: [SINGLE_MODALITY]. No active safety escalations triggered. Final assigned risk is [LOW].
TCGA-BH-A0HL,0.0001,LOW,LOW,0.6472,SINGLE_MODALITY,['ML'],"['DL', 'NLP']",LOW,,,SINGLE_MODALITY,False,No active safety alerts.,0,[],[],[],Patient TCGA-BH-A0HL evaluated under evidence level [SINGLE_MODALITY]. Synthesized integrated score is 0.0001 yielding raw risk class [LOW]. Contributions (ML: 0.0001 risk weight). Cross-modal concordance: [SINGLE_MODALITY]. No active safety escalations triggered. Final assigned risk is [LOW].
TCGA-FB-A4P6,0.0001,LOW,LOW,0.6461,SINGLE_MODALITY,['ML'],"['DL', 'NLP']",LOW,,,SINGLE_MODALITY,False,No active safety alerts.,0,[],[],[],Patient TCGA-FB-A4P6 evaluated under evidence level [SINGLE_MODALITY]. Synthesized integrated score is 0.0001 yielding raw risk class [LOW]. Contributions (ML: 0.0001 risk weight). Cross-modal concordance: [SINGLE_MODALITY]. No active safety escalations triggered. Final assigned risk is [LOW].
TCGA-E9-A1RC,0.9994,HIGH,HIGH,0.6496,SINGLE_MODALITY,['ML'],"['DL', 'NLP']",HIGH,,,SINGLE_MODALITY,True,"Elevated risk patient with incomplete modality coverage (Missing: ['DL', 'NLP']). Clinician review recommended.",0,[],[],[],"Patient TCGA-E9-A1RC evaluated under evidence level [SINGLE_MODALITY]. Synthesized integrated score is 0.9994 yielding raw risk class [HIGH]. Contributions (ML: 0.9994 risk weight). Cross-modal concordance: [SINGLE_MODALITY]. Safety Net Override: Elevated risk patient with incomplete modality coverage (Missing: ['DL', 'NLP']). Clinician review recommended. Final assigned risk is [HIGH]."
TCGA-29-1690,0.0001,LOW,LOW,0.6456,SINGLE_MODALITY,['ML'],"['DL', 'NLP']",LOW,,,SINGLE_MODALITY,False,No active safety alerts.,0,[],[],[],Patient TCGA-29-1690 evaluated under evidence level [SINGLE_MODALITY]. Synthesized integrated score is 0.0001 yielding raw risk class [LOW]. Contributions (ML: 0.0001 risk weight). Cross-modal concordance: [SINGLE_MODALITY]. No active safety escalations triggered. Final assigned risk is [LOW].
TCGA-A2-A0CX,0.0007,LOW,LOW,0.6485,SINGLE_MODALITY,['ML'],"['DL', 'NLP']",MODERATE,,,SINGLE_MODALITY,False,No active safety alerts.,0,[],[],[],Patient TCGA-A2-A0CX evaluated under evidence level [SINGLE_MODALITY]. Synthesized integrated score is 0.0007 yielding raw risk class [LOW]. Contributions (ML: 0.0007 risk weight). Cross-modal concordance: [SINGLE_MODALITY]. No active safety escalations triggered. Final assigned risk is [LOW].
TCGA-K4-A4AB,0.9953,HIGH,HIGH,0.6469,SINGLE_MODALITY,['ML'],"['DL', 'NLP']",HIGH,,,SINGLE_MODALITY,True,"Elevated risk patient with incomplete modality coverage (Missing: ['DL', 'NLP']). Clinician review recommended.",0,[],[],[],"Patient TCGA-K4-A4AB evaluated under evidence level [SINGLE_MODALITY]. Synthesized integrated score is 0.9953 yielding raw risk class [HIGH]. Contributions (ML: 0.9953 risk weight). Cross-modal concordance: [SINGLE_MODALITY]. Safety Net Override: Elevated risk patient with incomplete modality coverage (Missing: ['DL', 'NLP']). Clinician review recommended. Final assigned risk is [HIGH]."
TCGA-IQ-7632,0.9993,HIGH,HIGH,0.6495,SINGLE_MODALITY,['ML'],"['DL', 'NLP']",HIGH,,,SINGLE_MODALITY,True,"Elevated risk patient with incomplete modality coverage (Missing: ['DL', 'NLP']). Clinician review recommended.",0,[],[],[],"Patient TCGA-IQ-7632 evaluated under evidence level [SINGLE_MODALITY]. Synthesized integrated score is 0.9993 yielding raw risk class [HIGH]. Contributions (ML: 0.9993 risk weight). Cross-modal concordance: [SINGLE_MODALITY]. Safety Net Override: Elevated risk patient with incomplete modality coverage (Missing: ['DL', 'NLP']). Clinician review recommended. Final assigned risk is [HIGH]."
TCGA-66-2793,0.9986,HIGH,HIGH,0.6491,SINGLE_MODALITY,['ML'],"['DL', 'NLP']",HIGH,,,SINGLE_MODALITY,True,"Elevated risk patient with incomplete modality coverage (Missing: ['DL', 'NLP']). Clinician review recommended.",0,[],[],[],"Patient TCGA-66-2793 evaluated under evidence level [SINGLE_MODALITY]. Synthesized integrated score is 0.9986 yielding raw risk class [HIGH]. Contributions (ML: 0.9986 risk weight). Cross-modal concordance: [SINGLE_MODALITY]. Safety Net Override: Elevated risk patient with incomplete modality coverage (Missing: ['DL', 'NLP']). Clinician review recommended. Final assigned risk is [HIGH]."
TCGA-AA-3713,0.9992,HIGH,HIGH,0.6495,SINGLE_MODALITY,['ML'],"['DL', 'NLP']",HIGH,,,SINGLE_MODALITY,True,"Elevated risk patient with incomplete modality coverage (Missing: ['DL', 'NLP']). Clinician review recommended.",0,[],[],[],"Patient TCGA-AA-3713 evaluated under evidence level [SINGLE_MODALITY]. Synthesized integrated score is 0.9992 yielding raw risk class [HIGH]. Contributions (ML: 0.9992 risk weight). Cross-modal concordance: [SINGLE_MODALITY]. Safety Net Override: Elevated risk patient with incomplete modality coverage (Missing: ['DL', 'NLP']). Clinician review recommended. Final assigned risk is [HIGH]."
TCGA-CQ-7065,0.9355,HIGH,HIGH,0.6081,SINGLE_MODALITY,['ML'],"['DL', 'NLP']",HIGH,,,SINGLE_MODALITY,True,"Elevated risk patient with incomplete modality coverage (Missing: ['DL', 'NLP']). Clinician review recommended.",0,[],[],[],"Patient TCGA-CQ-7065 evaluated under evidence level [SINGLE_MODALITY]. Synthesized integrated score is 0.9355 yielding raw risk class [HIGH]. Contributions (ML: 0.9355 risk weight). Cross-modal concordance: [SINGLE_MODALITY]. Safety Net Override: Elevated risk patient with incomplete modality coverage (Missing: ['DL', 'NLP']). Clinician review recommended. Final assigned risk is [HIGH]."
TCGA-AS-3778,0.0,LOW,LOW,0.6497,SINGLE_MODALITY,['ML'],"['DL', 'NLP']",LOW,,,SINGLE_MODALITY,False,No active safety alerts.,0,[],[],[],Patient TCGA-AS-3778 evaluated under evidence level [SINGLE_MODALITY]. Synthesized integrated score is 0.0000 yielding raw risk class [LOW]. Contributions (ML: 0.0000 risk weight). Cross-modal concordance: [SINGLE_MODALITY]. No active safety escalations triggered. Final assigned risk is [LOW].
TCGA-BH-A1FM,0.0328,LOW,LOW,0.6221,SINGLE_MODALITY,['ML'],"['DL', 'NLP']",MODERATE,,,SINGLE_MODALITY,False,No active safety alerts.,0,[],[],[],Patient TCGA-BH-A1FM evaluated under evidence level [SINGLE_MODALITY]. Synthesized integrated score is 0.0328 yielding raw risk class [LOW]. Contributions (ML: 0.0328 risk weight). Cross-modal concordance: [SINGLE_MODALITY]. No active safety escalations triggered. Final assigned risk is [LOW].
TCGA-XF-AAMJ,0.966,HIGH,HIGH,0.6279,SINGLE_MODALITY,['ML'],"['DL', 'NLP']",HIGH,,,SINGLE_MODALITY,True,"Elevated risk patient with incomplete modality coverage (Missing: ['DL', 'NLP']). Clinician review recommended.",0,[],[],[],"Patient TCGA-XF-AAMJ evaluated under evidence level [SINGLE_MODALITY]. Synthesized integrated score is 0.9660 yielding raw risk class [HIGH]. Contributions (ML: 0.9660 risk weight). Cross-modal concordance: [SINGLE_MODALITY]. Safety Net Override: Elevated risk patient with incomplete modality coverage (Missing: ['DL', 'NLP']). Clinician review recommended. Final assigned risk is [HIGH]."
TCGA-17-Z011,0.0057,LOW,LOW,0.6345,SINGLE_MODALITY,['ML'],"['DL', 'NLP']",MODERATE,,,SINGLE_MODALITY,False,No active safety alerts.,0,[],[],[],Patient TCGA-17-Z011 evaluated under evidence level [SINGLE_MODALITY]. Synthesized integrated score is 0.0057 yielding raw risk class [LOW]. Contributions (ML: 0.0057 risk weight). Cross-modal concordance: [SINGLE_MODALITY]. No active safety escalations triggered. Final assigned risk is [LOW].
TCGA-DD-AAD3,0.0,LOW,LOW,0.6498,SINGLE_MODALITY,['ML'],"['DL', 'NLP']",LOW,,,SINGLE_MODALITY,False,No active safety alerts.,0,[],[],[],Patient TCGA-DD-AAD3 evaluated under evidence level [SINGLE_MODALITY]. Synthesized integrated score is 0.0000 yielding raw risk class [LOW]. Contributions (ML: 0.0000 risk weight). Cross-modal concordance: [SINGLE_MODALITY]. No active safety escalations triggered. Final assigned risk is [LOW].
TCGA-BA-A6DJ,0.9992,HIGH,HIGH,0.6495,SINGLE_MODALITY,['ML'],"['DL', 'NLP']",HIGH,,,SINGLE_MODALITY,True,"Elevated risk patient with incomplete modality coverage (Missing: ['DL', 'NLP']). Clinician review recommended.",0,[],[],[],"Patient TCGA-BA-A6DJ evaluated under evidence level [SINGLE_MODALITY]. Synthesized integrated score is 0.9992 yielding raw risk class [HIGH]. Contributions (ML: 0.9992 risk weight). Cross-modal concordance: [SINGLE_MODALITY]. Safety Net Override: Elevated risk patient with incomplete modality coverage (Missing: ['DL', 'NLP']). Clinician review recommended. Final assigned risk is [HIGH]."
TCGA-CV-5977,0.9991,HIGH,HIGH,0.6494,SINGLE_MODALITY,['ML'],"['DL', 'NLP']",HIGH,,,SINGLE_MODALITY,True,"Elevated risk patient with incomplete modality coverage (Missing: ['DL', 'NLP']). Clinician review recommended.",0,[],[],[],"Patient TCGA-CV-5977 evaluated under evidence level [SINGLE_MODALITY]. Synthesized integrated score is 0.9991 yielding raw risk class [HIGH]. Contributions (ML: 0.9991 risk weight). Cross-modal concordance: [SINGLE_MODALITY]. Safety Net Override: Elevated risk patient with incomplete modality coverage (Missing: ['DL', 'NLP']). Clinician review recommended. Final assigned risk is [HIGH]."
TCGA-DK-A3IV,0.0022,LOW,LOW,0.645,SINGLE_MODALITY,['ML'],"['DL', 'NLP']",MODERATE,,,SINGLE_MODALITY,False,No active safety alerts.,0,[],[],[],Patient TCGA-DK-A3IV evaluated under evidence level [SINGLE_MODALITY]. Synthesized integrated score is 0.0022 yielding raw risk class [LOW]. Contributions (ML: 0.0022 risk weight). Cross-modal concordance: [SINGLE_MODALITY]. No active safety escalations triggered. Final assigned risk is [LOW].
TCGA-E2-A1L8,0.0,LOW,LOW,0.6462,SINGLE_MODALITY,['ML'],"['DL', 'NLP']",LOW,,,SINGLE_MODALITY,False,No active safety alerts.,0,[],[],[],Patient TCGA-E2-A1L8 evaluated under evidence level [SINGLE_MODALITY]. Synthesized integrated score is 0.0000 yielding raw risk class [LOW]. Contributions (ML: 0.0000 risk weight). Cross-modal concordance: [SINGLE_MODALITY]. No active safety escalations triggered. Final assigned risk is [LOW].
TCGA-DC-4749,0.0001,LOW,LOW,0.6433,SINGLE_MODALITY,['ML'],"['DL', 'NLP']",LOW,,,SINGLE_MODALITY,False,No active safety alerts.,0,[],[],[],Patient TCGA-DC-4749 evaluated under evidence level [SINGLE_MODALITY]. Synthesized integrated score is 0.0001 yielding raw risk class [LOW]. Contributions (ML: 0.0001 risk weight). Cross-modal concordance: [SINGLE_MODALITY]. No active safety escalations triggered. Final assigned risk is [LOW].
TCGA-AA-3712,0.9981,HIGH,HIGH,0.6488,SINGLE_MODALITY,['ML'],"['DL', 'NLP']",HIGH,,,SINGLE_MODALITY,True,"Elevated risk patient with incomplete modality coverage (Missing: ['DL', 'NLP']). Clinician review recommended.",0,[],[],[],"Patient TCGA-AA-3712 evaluated under evidence level [SINGLE_MODALITY]. Synthesized integrated score is 0.9981 yielding raw risk class [HIGH]. Contributions (ML: 0.9981 risk weight). Cross-modal concordance: [SINGLE_MODALITY]. Safety Net Override: Elevated risk patient with incomplete modality coverage (Missing: ['DL', 'NLP']). Clinician review recommended. Final assigned risk is [HIGH]."
TCGA-RG-A7D4,0.0001,LOW,LOW,0.6465,SINGLE_MODALITY,['ML'],"['DL', 'NLP']",LOW,,,SINGLE_MODALITY,False,No active safety alerts.,0,[],[],[],Patient TCGA-RG-A7D4 evaluated under evidence level [SINGLE_MODALITY]. Synthesized integrated score is 0.0001 yielding raw risk class [LOW]. Contributions (ML: 0.0001 risk weight). Cross-modal concordance: [SINGLE_MODALITY]. No active safety escalations triggered. Final assigned risk is [LOW].
TCGA-A2-A3XU,0.0007,LOW,LOW,0.6484,SINGLE_MODALITY,['ML'],"['DL', 'NLP']",MODERATE,,,SINGLE_MODALITY,False,No active safety alerts.,0,[],[],[],Patient TCGA-A2-A3XU evaluated under evidence level [SINGLE_MODALITY]. Synthesized integrated score is 0.0007 yielding raw risk class [LOW]. Contributions (ML: 0.0007 risk weight). Cross-modal concordance: [SINGLE_MODALITY]. No active safety escalations triggered. Final assigned risk is [LOW].
TCGA-AN-A0FJ,0.9988,HIGH,HIGH,0.6492,SINGLE_MODALITY,['ML'],"['DL', 'NLP']",HIGH,,,SINGLE_MODALITY,True,"Elevated risk patient with incomplete modality coverage (Missing: ['DL', 'NLP']). Clinician review recommended.",0,[],[],[],"Patient TCGA-AN-A0FJ evaluated under evidence level [SINGLE_MODALITY]. Synthesized integrated score is 0.9988 yielding raw risk class [HIGH]. Contributions (ML: 0.9988 risk weight). Cross-modal concordance: [SINGLE_MODALITY]. Safety Net Override: Elevated risk patient with incomplete modality coverage (Missing: ['DL', 'NLP']). Clinician review recommended. Final assigned risk is [HIGH]."
TCGA-EW-A424,0.9918,HIGH,HIGH,0.6447,SINGLE_MODALITY,['ML'],"['DL', 'NLP']",HIGH,,,SINGLE_MODALITY,True,"Elevated risk patient with incomplete modality coverage (Missing: ['DL', 'NLP']). Clinician review recommended.",0,[],[],[],"Patient TCGA-EW-A424 evaluated under evidence level [SINGLE_MODALITY]. Synthesized integrated score is 0.9918 yielding raw risk class [HIGH]. Contributions (ML: 0.9918 risk weight). Cross-modal concordance: [SINGLE_MODALITY]. Safety Net Override: Elevated risk patient with incomplete modality coverage (Missing: ['DL', 'NLP']). Clinician review recommended. Final assigned risk is [HIGH]."
TCGA-D5-6530,0.0,LOW,LOW,0.6497,SINGLE_MODALITY,['ML'],"['DL', 'NLP']",LOW,,,SINGLE_MODALITY,False,No active safety alerts.,0,[],[],[],Patient TCGA-D5-6530 evaluated under evidence level [SINGLE_MODALITY]. Synthesized integrated score is 0.0000 yielding raw risk class [LOW]. Contributions (ML: 0.0000 risk weight). Cross-modal concordance: [SINGLE_MODALITY]. No active safety escalations triggered. Final assigned risk is [LOW].
TCGA-CN-4723,0.9988,HIGH,HIGH,0.6492,SINGLE_MODALITY,['ML'],"['DL', 'NLP']",HIGH,,,SINGLE_MODALITY,True,"Elevated risk patient with incomplete modality coverage (Missing: ['DL', 'NLP']). Clinician review recommended.",0,[],[],[],"Patient TCGA-CN-4723 evaluated under evidence level [SINGLE_MODALITY]. Synthesized integrated score is 0.9988 yielding raw risk class [HIGH]. Contributions (ML: 0.9988 risk weight). Cross-modal concordance: [SINGLE_MODALITY]. Safety Net Override: Elevated risk patient with incomplete modality coverage (Missing: ['DL', 'NLP']). Clinician review recommended. Final assigned risk is [HIGH]."
TCGA-FS-A4FC,0.0001,LOW,LOW,0.6461,SINGLE_MODALITY,['ML'],"['DL', 'NLP']",LOW,,,SINGLE_MODALITY,False,No active safety alerts.,0,[],[],[],Patient TCGA-FS-A4FC evaluated under evidence level [SINGLE_MODALITY]. Synthesized integrated score is 0.0001 yielding raw risk class [LOW]. Contributions (ML: 0.0001 risk weight). Cross-modal concordance: [SINGLE_MODALITY]. No active safety escalations triggered. Final assigned risk is [LOW].
TCGA-CW-6088,0.0,LOW,LOW,0.6497,SINGLE_MODALITY,['ML'],"['DL', 'NLP']",LOW,,,SINGLE_MODALITY,False,No active safety alerts.,0,[],[],[],Patient TCGA-CW-6088 evaluated under evidence level [SINGLE_MODALITY]. Synthesized integrated score is 0.0000 yielding raw risk class [LOW]. Contributions (ML: 0.0000 risk weight). Cross-modal concordance: [SINGLE_MODALITY]. No active safety escalations triggered. Final assigned risk is [LOW].
TCGA-B0-5098,0.162,LOW,LOW,0.5433,SINGLE_MODALITY,['ML'],"['DL', 'NLP']",MODERATE,,,SINGLE_MODALITY,False,No active safety alerts.,0,[],[],[],Patient TCGA-B0-5098 evaluated under evidence level [SINGLE_MODALITY]. Synthesized integrated score is 0.1620 yielding raw risk class [LOW]. Contributions (ML: 0.1620 risk weight). Cross-modal concordance: [SINGLE_MODALITY]. No active safety escalations triggered. Final assigned risk is [LOW].
TCGA-AA-3952,0.9958,HIGH,HIGH,0.6473,SINGLE_MODALITY,['ML'],"['DL', 'NLP']",HIGH,,,SINGLE_MODALITY,True,"Elevated risk patient with incomplete modality coverage (Missing: ['DL', 'NLP']). Clinician review recommended.",0,[],[],[],"Patient TCGA-AA-3952 evaluated under evidence level [SINGLE_MODALITY]. Synthesized integrated score is 0.9958 yielding raw risk class [HIGH]. Contributions (ML: 0.9958 risk weight). Cross-modal concordance: [SINGLE_MODALITY]. Safety Net Override: Elevated risk patient with incomplete modality coverage (Missing: ['DL', 'NLP']). Clinician review recommended. Final assigned risk is [HIGH]."
TCGA-AO-A0J8,0.0019,LOW,LOW,0.6445,SINGLE_MODALITY,['ML'],"['DL', 'NLP']",MODERATE,,,SINGLE_MODALITY,False,No active safety alerts.,0,[],[],[],Patient TCGA-AO-A0J8 evaluated under evidence level [SINGLE_MODALITY]. Synthesized integrated score is 0.0019 yielding raw risk class [LOW]. Contributions (ML: 0.0019 risk weight). Cross-modal concordance: [SINGLE_MODALITY]. No active safety escalations triggered. Final assigned risk is [LOW].
TCGA-CJ-4868,0.999,HIGH,HIGH,0.6493,SINGLE_MODALITY,['ML'],"['DL', 'NLP']",HIGH,,,SINGLE_MODALITY,True,"Elevated risk patient with incomplete modality coverage (Missing: ['DL', 'NLP']). Clinician review recommended.",0,[],[],[],"Patient TCGA-CJ-4868 evaluated under evidence level [SINGLE_MODALITY]. Synthesized integrated score is 0.9990 yielding raw risk class [HIGH]. Contributions (ML: 0.9990 risk weight). Cross-modal concordance: [SINGLE_MODALITY]. Safety Net Override: Elevated risk patient with incomplete modality coverage (Missing: ['DL', 'NLP']). Clinician review recommended. Final assigned risk is [HIGH]."
TCGA-D9-A4Z6,0.995,HIGH,HIGH,0.6468,SINGLE_MODALITY,['ML'],"['DL', 'NLP']",HIGH,,,SINGLE_MODALITY,True,"Elevated risk patient with incomplete modality coverage (Missing: ['DL', 'NLP']). Clinician review recommended.",0,[],[],[],"Patient TCGA-D9-A4Z6 evaluated under evidence level [SINGLE_MODALITY]. Synthesized integrated score is 0.9950 yielding raw risk class [HIGH]. Contributions (ML: 0.9950 risk weight). Cross-modal concordance: [SINGLE_MODALITY]. Safety Net Override: Elevated risk patient with incomplete modality coverage (Missing: ['DL', 'NLP']). Clinician review recommended. Final assigned risk is [HIGH]."
TCGA-EW-A1P1,0.9537,HIGH,HIGH,0.6199,SINGLE_MODALITY,['ML'],"['DL', 'NLP']",HIGH,,,SINGLE_MODALITY,True,"Elevated risk patient with incomplete modality coverage (Missing: ['DL', 'NLP']). Clinician review recommended.",0,[],[],[],"Patient TCGA-EW-A1P1 evaluated under evidence level [SINGLE_MODALITY]. Synthesized integrated score is 0.9537 yielding raw risk class [HIGH]. Contributions (ML: 0.9537 risk weight). Cross-modal concordance: [SINGLE_MODALITY]. Safety Net Override: Elevated risk patient with incomplete modality coverage (Missing: ['DL', 'NLP']). Clinician review recommended. Final assigned risk is [HIGH]."
TCGA-CZ-5453,0.0009,LOW,LOW,0.6475,SINGLE_MODALITY,['ML'],"['DL', 'NLP']",MODERATE,,,SINGLE_MODALITY,False,No active safety alerts.,0,[],[],[],Patient TCGA-CZ-5453 evaluated under evidence level [SINGLE_MODALITY]. Synthesized integrated score is 0.0009 yielding raw risk class [LOW]. Contributions (ML: 0.0009 risk weight). Cross-modal concordance: [SINGLE_MODALITY]. No active safety escalations triggered. Final assigned risk is [LOW].
TCGA-CM-6680,0.9934,HIGH,HIGH,0.6457,SINGLE_MODALITY,['ML'],"['DL', 'NLP']",HIGH,,,SINGLE_MODALITY,True,"Elevated risk patient with incomplete modality coverage (Missing: ['DL', 'NLP']). Clinician review recommended.",0,[],[],[],"Patient TCGA-CM-6680 evaluated under evidence level [SINGLE_MODALITY]. Synthesized integrated score is 0.9934 yielding raw risk class [HIGH]. Contributions (ML: 0.9934 risk weight). Cross-modal concordance: [SINGLE_MODALITY]. Safety Net Override: Elevated risk patient with incomplete modality coverage (Missing: ['DL', 'NLP']). Clinician review recommended. Final assigned risk is [HIGH]."
TCGA-CV-7261,0.9995,HIGH,HIGH,0.6497,SINGLE_MODALITY,['ML'],"['DL', 'NLP']",HIGH,,,SINGLE_MODALITY,True,"Elevated risk patient with incomplete modality coverage (Missing: ['DL', 'NLP']). Clinician review recommended.",0,[],[],[],"Patient TCGA-CV-7261 evaluated under evidence level [SINGLE_MODALITY]. Synthesized integrated score is 0.9995 yielding raw risk class [HIGH]. Contributions (ML: 0.9995 risk weight). Cross-modal concordance: [SINGLE_MODALITY]. Safety Net Override: Elevated risk patient with incomplete modality coverage (Missing: ['DL', 'NLP']). Clinician review recommended. Final assigned risk is [HIGH]."
TCGA-46-3766,0.0,LOW,LOW,0.6498,SINGLE_MODALITY,['ML'],"['DL', 'NLP']",LOW,,,SINGLE_MODALITY,False,No active safety alerts.,0,[],[],[],Patient TCGA-46-3766 evaluated under evidence level [SINGLE_MODALITY]. Synthesized integrated score is 0.0000 yielding raw risk class [LOW]. Contributions (ML: 0.0000 risk weight). Cross-modal concordance: [SINGLE_MODALITY]. No active safety escalations triggered. Final assigned risk is [LOW].
TCGA-H7-A6C4,0.9992,HIGH,HIGH,0.6495,SINGLE_MODALITY,['ML'],"['DL', 'NLP']",HIGH,,,SINGLE_MODALITY,True,"Elevated risk patient with incomplete modality coverage (Missing: ['DL', 'NLP']). Clinician review recommended.",0,[],[],[],"Patient TCGA-H7-A6C4 evaluated under evidence level [SINGLE_MODALITY]. Synthesized integrated score is 0.9992 yielding raw risk class [HIGH]. Contributions (ML: 0.9992 risk weight). Cross-modal concordance: [SINGLE_MODALITY]. Safety Net Override: Elevated risk patient with incomplete modality coverage (Missing: ['DL', 'NLP']). Clinician review recommended. Final assigned risk is [HIGH]."
TCGA-L1-A7W4,0.0148,LOW,LOW,0.6401,SINGLE_MODALITY,['ML'],"['DL', 'NLP']",MODERATE,,,SINGLE_MODALITY,False,No active safety alerts.,0,[],[],[],Patient TCGA-L1-A7W4 evaluated under evidence level [SINGLE_MODALITY]. Synthesized integrated score is 0.0148 yielding raw risk class [LOW]. Contributions (ML: 0.0148 risk weight). Cross-modal concordance: [SINGLE_MODALITY]. No active safety escalations triggered. Final assigned risk is [LOW].
TCGA-DD-A4NP,0.0,LOW,LOW,0.6498,SINGLE_MODALITY,['ML'],"['DL', 'NLP']",LOW,,,SINGLE_MODALITY,False,No active safety alerts.,0,[],[],[],Patient TCGA-DD-A4NP evaluated under evidence level [SINGLE_MODALITY]. Synthesized integrated score is 0.0000 yielding raw risk class [LOW]. Contributions (ML: 0.0000 risk weight). Cross-modal concordance: [SINGLE_MODALITY]. No active safety escalations triggered. Final assigned risk is [LOW].
TCGA-A3-3331,0.0,LOW,LOW,0.6498,SINGLE_MODALITY,['ML'],"['DL', 'NLP']",LOW,,,SINGLE_MODALITY,False,No active safety alerts.,0,[],[],[],Patient TCGA-A3-3331 evaluated under evidence level [SINGLE_MODALITY]. Synthesized integrated score is 0.0000 yielding raw risk class [LOW]. Contributions (ML: 0.0000 risk weight). Cross-modal concordance: [SINGLE_MODALITY]. No active safety escalations triggered. Final assigned risk is [LOW].
TCGA-AG-A011,0.0001,LOW,LOW,0.6466,SINGLE_MODALITY,['ML'],"['DL', 'NLP']",LOW,,,SINGLE_MODALITY,False,No active safety alerts.,0,[],[],[],Patient TCGA-AG-A011 evaluated under evidence level [SINGLE_MODALITY]. Synthesized integrated score is 0.0001 yielding raw risk class [LOW]. Contributions (ML: 0.0001 risk weight). Cross-modal concordance: [SINGLE_MODALITY]. No active safety escalations triggered. Final assigned risk is [LOW].
TCGA-ED-A7PX,0.0123,LOW,LOW,0.6417,SINGLE_MODALITY,['ML'],"['DL', 'NLP']",MODERATE,,,SINGLE_MODALITY,False,No active safety alerts.,0,[],[],[],Patient TCGA-ED-A7PX evaluated under evidence level [SINGLE_MODALITY]. Synthesized integrated score is 0.0123 yielding raw risk class [LOW]. Contributions (ML: 0.0123 risk weight). Cross-modal concordance: [SINGLE_MODALITY]. No active safety escalations triggered. Final assigned risk is [LOW].
TCGA-FC-7961,0.0022,LOW,LOW,0.6451,SINGLE_MODALITY,['ML'],"['DL', 'NLP']",MODERATE,,,SINGLE_MODALITY,False,No active safety alerts.,0,[],[],[],Patient TCGA-FC-7961 evaluated under evidence level [SINGLE_MODALITY]. Synthesized integrated score is 0.0022 yielding raw risk class [LOW]. Contributions (ML: 0.0022 risk weight). Cross-modal concordance: [SINGLE_MODALITY]. No active safety escalations triggered. Final assigned risk is [LOW].
TCGA-QG-A5YV,0.9998,HIGH,HIGH,0.6499,SINGLE_MODALITY,['ML'],"['DL', 'NLP']",HIGH,,,SINGLE_MODALITY,True,"Elevated risk patient with incomplete modality coverage (Missing: ['DL', 'NLP']). Clinician review recommended.",0,[],[],[],"Patient TCGA-QG-A5YV evaluated under evidence level [SINGLE_MODALITY]. Synthesized integrated score is 0.9998 yielding raw risk class [HIGH]. Contributions (ML: 0.9998 risk weight). Cross-modal concordance: [SINGLE_MODALITY]. Safety Net Override: Elevated risk patient with incomplete modality coverage (Missing: ['DL', 'NLP']). Clinician review recommended. Final assigned risk is [HIGH]."
TCGA-CJ-5684,0.9313,HIGH,HIGH,0.6053,SINGLE_MODALITY,['ML'],"['DL', 'NLP']",HIGH,,,SINGLE_MODALITY,True,"Elevated risk patient with incomplete modality coverage (Missing: ['DL', 'NLP']). Clinician review recommended.",0,[],[],[],"Patient TCGA-CJ-5684 evaluated under evidence level [SINGLE_MODALITY]. Synthesized integrated score is 0.9313 yielding raw risk class [HIGH]. Contributions (ML: 0.9313 risk weight). Cross-modal concordance: [SINGLE_MODALITY]. Safety Net Override: Elevated risk patient with incomplete modality coverage (Missing: ['DL', 'NLP']). Clinician review recommended. Final assigned risk is [HIGH]."
TCGA-44-7667,0.0042,LOW,LOW,0.6471,SINGLE_MODALITY,['ML'],"['DL', 'NLP']",MODERATE,,,SINGLE_MODALITY,False,No active safety alerts.,0,[],[],[],Patient TCGA-44-7667 evaluated under evidence level [SINGLE_MODALITY]. Synthesized integrated score is 0.0042 yielding raw risk class [LOW]. Contributions (ML: 0.0042 risk weight). Cross-modal concordance: [SINGLE_MODALITY]. No active safety escalations triggered. Final assigned risk is [LOW].
TCGA-AH-6903,0.9904,HIGH,HIGH,0.6438,SINGLE_MODALITY,['ML'],"['DL', 'NLP']",HIGH,,,SINGLE_MODALITY,True,"Elevated risk patient with incomplete modality coverage (Missing: ['DL', 'NLP']). Clinician review recommended.",0,[],[],[],"Patient TCGA-AH-6903 evaluated under evidence level [SINGLE_MODALITY]. Synthesized integrated score is 0.9904 yielding raw risk class [HIGH]. Contributions (ML: 0.9904 risk weight). Cross-modal concordance: [SINGLE_MODALITY]. Safety Net Override: Elevated risk patient with incomplete modality coverage (Missing: ['DL', 'NLP']). Clinician review recommended. Final assigned risk is [HIGH]."
TCGA-WX-AA47,0.9946,HIGH,HIGH,0.6465,SINGLE_MODALITY,['ML'],"['DL', 'NLP']",HIGH,,,SINGLE_MODALITY,True,"Elevated risk patient with incomplete modality coverage (Missing: ['DL', 'NLP']). Clinician review recommended.",0,[],[],[],"Patient TCGA-WX-AA47 evaluated under evidence level [SINGLE_MODALITY]. Synthesized integrated score is 0.9946 yielding raw risk class [HIGH]. Contributions (ML: 0.9946 risk weight). Cross-modal concordance: [SINGLE_MODALITY]. Safety Net Override: Elevated risk patient with incomplete modality coverage (Missing: ['DL', 'NLP']). Clinician review recommended. Final assigned risk is [HIGH]."
TCGA-FS-A1ZH,0.9976,HIGH,HIGH,0.6484,SINGLE_MODALITY,['ML'],"['DL', 'NLP']",HIGH,,,SINGLE_MODALITY,True,"Elevated risk patient with incomplete modality coverage (Missing: ['DL', 'NLP']). Clinician review recommended.",0,[],[],[],"Patient TCGA-FS-A1ZH evaluated under evidence level [SINGLE_MODALITY]. Synthesized integrated score is 0.9976 yielding raw risk class [HIGH]. Contributions (ML: 0.9976 risk weight). Cross-modal concordance: [SINGLE_MODALITY]. Safety Net Override: Elevated risk patient with incomplete modality coverage (Missing: ['DL', 'NLP']). Clinician review recommended. Final assigned risk is [HIGH]."
TCGA-CV-7429,0.9994,HIGH,HIGH,0.6496,SINGLE_MODALITY,['ML'],"['DL', 'NLP']",HIGH,,,SINGLE_MODALITY,True,"Elevated risk patient with incomplete modality coverage (Missing: ['DL', 'NLP']). Clinician review recommended.",0,[],[],[],"Patient TCGA-CV-7429 evaluated under evidence level [SINGLE_MODALITY]. Synthesized integrated score is 0.9994 yielding raw risk class [HIGH]. Contributions (ML: 0.9994 risk weight). Cross-modal concordance: [SINGLE_MODALITY]. Safety Net Override: Elevated risk patient with incomplete modality coverage (Missing: ['DL', 'NLP']). Clinician review recommended. Final assigned risk is [HIGH]."
TCGA-HC-7075,0.0001,LOW,LOW,0.6462,SINGLE_MODALITY,['ML'],"['DL', 'NLP']",LOW,,,SINGLE_MODALITY,False,No active safety alerts.,0,[],[],[],Patient TCGA-HC-7075 evaluated under evidence level [SINGLE_MODALITY]. Synthesized integrated score is 0.0001 yielding raw risk class [LOW]. Contributions (ML: 0.0001 risk weight). Cross-modal concordance: [SINGLE_MODALITY]. No active safety escalations triggered. Final assigned risk is [LOW].
TCGA-A7-A13E,0.0097,LOW,LOW,0.6434,SINGLE_MODALITY,['ML'],"['DL', 'NLP']",MODERATE,,,SINGLE_MODALITY,False,No active safety alerts.,0,[],[],[],Patient TCGA-A7-A13E evaluated under evidence level [SINGLE_MODALITY]. Synthesized integrated score is 0.0097 yielding raw risk class [LOW]. Contributions (ML: 0.0097 risk weight). Cross-modal concordance: [SINGLE_MODALITY]. No active safety escalations triggered. Final assigned risk is [LOW].
TCGA-C8-A8HP,0.9998,HIGH,HIGH,0.6499,SINGLE_MODALITY,['ML'],"['DL', 'NLP']",HIGH,,,SINGLE_MODALITY,True,"Elevated risk patient with incomplete modality coverage (Missing: ['DL', 'NLP']). Clinician review recommended.",0,[],[],[],"Patient TCGA-C8-A8HP evaluated under evidence level [SINGLE_MODALITY]. Synthesized integrated score is 0.9998 yielding raw risk class [HIGH]. Contributions (ML: 0.9998 risk weight). Cross-modal concordance: [SINGLE_MODALITY]. Safety Net Override: Elevated risk patient with incomplete modality coverage (Missing: ['DL', 'NLP']). Clinician review recommended. Final assigned risk is [HIGH]."
TCGA-5C-AAPD,0.943,HIGH,HIGH,0.6129,SINGLE_MODALITY,['ML'],"['DL', 'NLP']",HIGH,,,SINGLE_MODALITY,True,"Elevated risk patient with incomplete modality coverage (Missing: ['DL', 'NLP']). Clinician review recommended.",0,[],[],[],"Patient TCGA-5C-AAPD evaluated under evidence level [SINGLE_MODALITY]. Synthesized integrated score is 0.9430 yielding raw risk class [HIGH]. Contributions (ML: 0.9430 risk weight). Cross-modal concordance: [SINGLE_MODALITY]. Safety Net Override: Elevated risk patient with incomplete modality coverage (Missing: ['DL', 'NLP']). Clinician review recommended. Final assigned risk is [HIGH]."
TCGA-GN-A9SD,0.0001,LOW,LOW,0.6395,SINGLE_MODALITY,['ML'],"['DL', 'NLP']",LOW,,,SINGLE_MODALITY,False,No active safety alerts.,0,[],[],[],Patient TCGA-GN-A9SD evaluated under evidence level [SINGLE_MODALITY]. Synthesized integrated score is 0.0001 yielding raw risk class [LOW]. Contributions (ML: 0.0001 risk weight). Cross-modal concordance: [SINGLE_MODALITY]. No active safety escalations triggered. Final assigned risk is [LOW].
TCGA-B0-4828,0.9998,HIGH,HIGH,0.6499,SINGLE_MODALITY,['ML'],"['DL', 'NLP']",HIGH,,,SINGLE_MODALITY,True,"Elevated risk patient with incomplete modality coverage (Missing: ['DL', 'NLP']). Clinician review recommended.",0,[],[],[],"Patient TCGA-B0-4828 evaluated under evidence level [SINGLE_MODALITY]. Synthesized integrated score is 0.9998 yielding raw risk class [HIGH]. Contributions (ML: 0.9998 risk weight). Cross-modal concordance: [SINGLE_MODALITY]. Safety Net Override: Elevated risk patient with incomplete modality coverage (Missing: ['DL', 'NLP']). Clinician review recommended. Final assigned risk is [HIGH]."
TCGA-CN-6989,0.9987,HIGH,HIGH,0.6492,SINGLE_MODALITY,['ML'],"['DL', 'NLP']",HIGH,,,SINGLE_MODALITY,True,"Elevated risk patient with incomplete modality coverage (Missing: ['DL', 'NLP']). Clinician review recommended.",0,[],[],[],"Patient TCGA-CN-6989 evaluated under evidence level [SINGLE_MODALITY]. Synthesized integrated score is 0.9987 yielding raw risk class [HIGH]. Contributions (ML: 0.9987 risk weight). Cross-modal concordance: [SINGLE_MODALITY]. Safety Net Override: Elevated risk patient with incomplete modality coverage (Missing: ['DL', 'NLP']). Clinician review recommended. Final assigned risk is [HIGH]."
TCGA-YL-A9WY,0.0001,LOW,LOW,0.6465,SINGLE_MODALITY,['ML'],"['DL', 'NLP']",LOW,,,SINGLE_MODALITY,False,No active safety alerts.,0,[],[],[],Patient TCGA-YL-A9WY evaluated under evidence level [SINGLE_MODALITY]. Synthesized integrated score is 0.0001 yielding raw risk class [LOW]. Contributions (ML: 0.0001 risk weight). Cross-modal concordance: [SINGLE_MODALITY]. No active safety escalations triggered. Final assigned risk is [LOW].
TCGA-D8-A1JI,0.0022,LOW,LOW,0.6438,SINGLE_MODALITY,['ML'],"['DL', 'NLP']",MODERATE,,,SINGLE_MODALITY,False,No active safety alerts.,0,[],[],[],Patient TCGA-D8-A1JI evaluated under evidence level [SINGLE_MODALITY]. Synthesized integrated score is 0.0022 yielding raw risk class [LOW]. Contributions (ML: 0.0022 risk weight). Cross-modal concordance: [SINGLE_MODALITY]. No active safety escalations triggered. Final assigned risk is [LOW].
TCGA-EJ-AB20,0.0001,LOW,LOW,0.6468,SINGLE_MODALITY,['ML'],"['DL', 'NLP']",LOW,,,SINGLE_MODALITY,False,No active safety alerts.,0,[],[],[],Patient TCGA-EJ-AB20 evaluated under evidence level [SINGLE_MODALITY]. Synthesized integrated score is 0.0001 yielding raw risk class [LOW]. Contributions (ML: 0.0001 risk weight). Cross-modal concordance: [SINGLE_MODALITY]. No active safety escalations triggered. Final assigned risk is [LOW].
TCGA-55-1594,0.9975,HIGH,HIGH,0.6484,SINGLE_MODALITY,['ML'],"['DL', 'NLP']",HIGH,,,SINGLE_MODALITY,True,"Elevated risk patient with incomplete modality coverage (Missing: ['DL', 'NLP']). Clinician review recommended.",0,[],[],[],"Patient TCGA-55-1594 evaluated under evidence level [SINGLE_MODALITY]. Synthesized integrated score is 0.9975 yielding raw risk class [HIGH]. Contributions (ML: 0.9975 risk weight). Cross-modal concordance: [SINGLE_MODALITY]. Safety Net Override: Elevated risk patient with incomplete modality coverage (Missing: ['DL', 'NLP']). Clinician review recommended. Final assigned risk is [HIGH]."
TCGA-EE-A2GC,0.0192,LOW,LOW,0.6356,SINGLE_MODALITY,['ML'],"['DL', 'NLP']",MODERATE,,,SINGLE_MODALITY,False,No active safety alerts.,0,[],[],[],Patient TCGA-EE-A2GC evaluated under evidence level [SINGLE_MODALITY]. Synthesized integrated score is 0.0192 yielding raw risk class [LOW]. Contributions (ML: 0.0192 risk weight). Cross-modal concordance: [SINGLE_MODALITY]. No active safety escalations triggered. Final assigned risk is [LOW].
TCGA-MW-A4EC,0.0263,LOW,LOW,0.6263,SINGLE_MODALITY,['ML'],"['DL', 'NLP']",MODERATE,,,SINGLE_MODALITY,False,No active safety alerts.,0,[],[],[],Patient TCGA-MW-A4EC evaluated under evidence level [SINGLE_MODALITY]. Synthesized integrated score is 0.0263 yielding raw risk class [LOW]. Contributions (ML: 0.0263 risk weight). Cross-modal concordance: [SINGLE_MODALITY]. No active safety escalations triggered. Final assigned risk is [LOW].
TCGA-A2-A0T6,0.0001,LOW,LOW,0.6434,SINGLE_MODALITY,['ML'],"['DL', 'NLP']",LOW,,,SINGLE_MODALITY,False,No active safety alerts.,0,[],[],[],Patient TCGA-A2-A0T6 evaluated under evidence level [SINGLE_MODALITY]. Synthesized integrated score is 0.0001 yielding raw risk class [LOW]. Contributions (ML: 0.0001 risk weight). Cross-modal concordance: [SINGLE_MODALITY]. No active safety escalations triggered. Final assigned risk is [LOW].
TCGA-56-6546,0.9983,HIGH,HIGH,0.6489,SINGLE_MODALITY,['ML'],"['DL', 'NLP']",HIGH,,,SINGLE_MODALITY,True,"Elevated risk patient with incomplete modality coverage (Missing: ['DL', 'NLP']). Clinician review recommended.",0,[],[],[],"Patient TCGA-56-6546 evaluated under evidence level [SINGLE_MODALITY]. Synthesized integrated score is 0.9983 yielding raw risk class [HIGH]. Contributions (ML: 0.9983 risk weight). Cross-modal concordance: [SINGLE_MODALITY]. Safety Net Override: Elevated risk patient with incomplete modality coverage (Missing: ['DL', 'NLP']). Clinician review recommended. Final assigned risk is [HIGH]."
TCGA-69-A59K,0.5381,MODERATE,MODERATE,0.3498,SINGLE_MODALITY,['ML'],"['DL', 'NLP']",HIGH,,,SINGLE_MODALITY,True,"Elevated risk patient with incomplete modality coverage (Missing: ['DL', 'NLP']). Clinician review recommended.",0,[],[],[],"Patient TCGA-69-A59K evaluated under evidence level [SINGLE_MODALITY]. Synthesized integrated score is 0.5381 yielding raw risk class [MODERATE]. Contributions (ML: 0.5381 risk weight). Cross-modal concordance: [SINGLE_MODALITY]. Safety Net Override: Elevated risk patient with incomplete modality coverage (Missing: ['DL', 'NLP']). Clinician review recommended. Final assigned risk is [MODERATE]."
TCGA-EF-5831,0.0134,LOW,LOW,0.641,SINGLE_MODALITY,['ML'],"['DL', 'NLP']",MODERATE,,,SINGLE_MODALITY,False,No active safety alerts.,0,[],[],[],Patient TCGA-EF-5831 evaluated under evidence level [SINGLE_MODALITY]. Synthesized integrated score is 0.0134 yielding raw risk class [LOW]. Contributions (ML: 0.0134 risk weight). Cross-modal concordance: [SINGLE_MODALITY]. No active safety escalations triggered. Final assigned risk is [LOW].
TCGA-UY-A9PE,0.9992,HIGH,HIGH,0.6495,SINGLE_MODALITY,['ML'],"['DL', 'NLP']",HIGH,,,SINGLE_MODALITY,True,"Elevated risk patient with incomplete modality coverage (Missing: ['DL', 'NLP']). Clinician review recommended.",0,[],[],[],"Patient TCGA-UY-A9PE evaluated under evidence level [SINGLE_MODALITY]. Synthesized integrated score is 0.9992 yielding raw risk class [HIGH]. Contributions (ML: 0.9992 risk weight). Cross-modal concordance: [SINGLE_MODALITY]. Safety Net Override: Elevated risk patient with incomplete modality coverage (Missing: ['DL', 'NLP']). Clinician review recommended. Final assigned risk is [HIGH]."
TCGA-HV-A5A5,0.0264,LOW,LOW,0.6319,SINGLE_MODALITY,['ML'],"['DL', 'NLP']",MODERATE,,,SINGLE_MODALITY,False,No active safety alerts.,0,[],[],[],Patient TCGA-HV-A5A5 evaluated under evidence level [SINGLE_MODALITY]. Synthesized integrated score is 0.0264 yielding raw risk class [LOW]. Contributions (ML: 0.0264 risk weight). Cross-modal concordance: [SINGLE_MODALITY]. No active safety escalations triggered. Final assigned risk is [LOW].
TCGA-HC-A8D1,0.0001,LOW,LOW,0.6437,SINGLE_MODALITY,['ML'],"['DL', 'NLP']",LOW,,,SINGLE_MODALITY,False,No active safety alerts.,0,[],[],[],Patient TCGA-HC-A8D1 evaluated under evidence level [SINGLE_MODALITY]. Synthesized integrated score is 0.0001 yielding raw risk class [LOW]. Contributions (ML: 0.0001 risk weight). Cross-modal concordance: [SINGLE_MODALITY]. No active safety escalations triggered. Final assigned risk is [LOW].
TCGA-T2-A6WZ,0.0019,LOW,LOW,0.6456,SINGLE_MODALITY,['ML'],"['DL', 'NLP']",MODERATE,,,SINGLE_MODALITY,False,No active safety alerts.,0,[],[],[],Patient TCGA-T2-A6WZ evaluated under evidence level [SINGLE_MODALITY]. Synthesized integrated score is 0.0019 yielding raw risk class [LOW]. Contributions (ML: 0.0019 risk weight). Cross-modal concordance: [SINGLE_MODALITY]. No active safety escalations triggered. Final assigned risk is [LOW].
TCGA-BH-A0AZ,0.9489,HIGH,HIGH,0.6168,SINGLE_MODALITY,['ML'],"['DL', 'NLP']",HIGH,,,SINGLE_MODALITY,True,"Elevated risk patient with incomplete modality coverage (Missing: ['DL', 'NLP']). Clinician review recommended.",0,[],[],[],"Patient TCGA-BH-A0AZ evaluated under evidence level [SINGLE_MODALITY]. Synthesized integrated score is 0.9489 yielding raw risk class [HIGH]. Contributions (ML: 0.9489 risk weight). Cross-modal concordance: [SINGLE_MODALITY]. Safety Net Override: Elevated risk patient with incomplete modality coverage (Missing: ['DL', 'NLP']). Clinician review recommended. Final assigned risk is [HIGH]."
TCGA-24-1431,0.0024,LOW,LOW,0.6459,SINGLE_MODALITY,['ML'],"['DL', 'NLP']",MODERATE,,,SINGLE_MODALITY,False,No active safety alerts.,0,[],[],[],Patient TCGA-24-1431 evaluated under evidence level [SINGLE_MODALITY]. Synthesized integrated score is 0.0024 yielding raw risk class [LOW]. Contributions (ML: 0.0024 risk weight). Cross-modal concordance: [SINGLE_MODALITY]. No active safety escalations triggered. Final assigned risk is [LOW].
TCGA-25-2409,0.0028,LOW,LOW,0.6442,SINGLE_MODALITY,['ML'],"['DL', 'NLP']",MODERATE,,,SINGLE_MODALITY,False,No active safety alerts.,0,[],[],[],Patient TCGA-25-2409 evaluated under evidence level [SINGLE_MODALITY]. Synthesized integrated score is 0.0028 yielding raw risk class [LOW]. Contributions (ML: 0.0028 risk weight). Cross-modal concordance: [SINGLE_MODALITY]. No active safety escalations triggered. Final assigned risk is [LOW].
TCGA-FZ-5921,0.0001,LOW,LOW,0.6458,SINGLE_MODALITY,['ML'],"['DL', 'NLP']",LOW,,,SINGLE_MODALITY,False,No active safety alerts.,0,[],[],[],Patient TCGA-FZ-5921 evaluated under evidence level [SINGLE_MODALITY]. Synthesized integrated score is 0.0001 yielding raw risk class [LOW]. Contributions (ML: 0.0001 risk weight). Cross-modal concordance: [SINGLE_MODALITY]. No active safety escalations triggered. Final assigned risk is [LOW].
TCGA-49-AARQ,0.0036,LOW,LOW,0.6351,SINGLE_MODALITY,['ML'],"['DL', 'NLP']",MODERATE,,,SINGLE_MODALITY,False,No active safety alerts.,0,[],[],[],Patient TCGA-49-AARQ evaluated under evidence level [SINGLE_MODALITY]. Synthesized integrated score is 0.0036 yielding raw risk class [LOW]. Contributions (ML: 0.0036 risk weight). Cross-modal concordance: [SINGLE_MODALITY]. No active safety escalations triggered. Final assigned risk is [LOW].
TCGA-ZF-A9RG,0.9891,HIGH,HIGH,0.6429,SINGLE_MODALITY,['ML'],"['DL', 'NLP']",HIGH,,,SINGLE_MODALITY,True,"Elevated risk patient with incomplete modality coverage (Missing: ['DL', 'NLP']). Clinician review recommended.",0,[],[],[],"Patient TCGA-ZF-A9RG evaluated under evidence level [SINGLE_MODALITY]. Synthesized integrated score is 0.9891 yielding raw risk class [HIGH]. Contributions (ML: 0.9891 risk weight). Cross-modal concordance: [SINGLE_MODALITY]. Safety Net Override: Elevated risk patient with incomplete modality coverage (Missing: ['DL', 'NLP']). Clinician review recommended. Final assigned risk is [HIGH]."
TCGA-DD-A4NH,0.9939,HIGH,HIGH,0.646,SINGLE_MODALITY,['ML'],"['DL', 'NLP']",HIGH,,,SINGLE_MODALITY,True,"Elevated risk patient with incomplete modality coverage (Missing: ['DL', 'NLP']). Clinician review recommended.",0,[],[],[],"Patient TCGA-DD-A4NH evaluated under evidence level [SINGLE_MODALITY]. Synthesized integrated score is 0.9939 yielding raw risk class [HIGH]. Contributions (ML: 0.9939 risk weight). Cross-modal concordance: [SINGLE_MODALITY]. Safety Net Override: Elevated risk patient with incomplete modality coverage (Missing: ['DL', 'NLP']). Clinician review recommended. Final assigned risk is [HIGH]."
TCGA-B0-4699,0.9995,HIGH,HIGH,0.6497,SINGLE_MODALITY,['ML'],"['DL', 'NLP']",HIGH,,,SINGLE_MODALITY,True,"Elevated risk patient with incomplete modality coverage (Missing: ['DL', 'NLP']). Clinician review recommended.",0,[],[],[],"Patient TCGA-B0-4699 evaluated under evidence level [SINGLE_MODALITY]. Synthesized integrated score is 0.9995 yielding raw risk class [HIGH]. Contributions (ML: 0.9995 risk weight). Cross-modal concordance: [SINGLE_MODALITY]. Safety Net Override: Elevated risk patient with incomplete modality coverage (Missing: ['DL', 'NLP']). Clinician review recommended. Final assigned risk is [HIGH]."
TCGA-86-A4JF,0.0105,LOW,LOW,0.6429,SINGLE_MODALITY,['ML'],"['DL', 'NLP']",MODERATE,,,SINGLE_MODALITY,False,No active safety alerts.,0,[],[],[],Patient TCGA-86-A4JF evaluated under evidence level [SINGLE_MODALITY]. Synthesized integrated score is 0.0105 yielding raw risk class [LOW]. Contributions (ML: 0.0105 risk weight). Cross-modal concordance: [SINGLE_MODALITY]. No active safety escalations triggered. Final assigned risk is [LOW].
TCGA-E2-A15P,0.0,LOW,LOW,0.6499,SINGLE_MODALITY,['ML'],"['DL', 'NLP']",LOW,,,SINGLE_MODALITY,False,No active safety alerts.,0,[],[],[],Patient TCGA-E2-A15P evaluated under evidence level [SINGLE_MODALITY]. Synthesized integrated score is 0.0000 yielding raw risk class [LOW]. Contributions (ML: 0.0000 risk weight). Cross-modal concordance: [SINGLE_MODALITY]. No active safety escalations triggered. Final assigned risk is [LOW].
TCGA-EW-A1IX,0.0001,LOW,LOW,0.6456,SINGLE_MODALITY,['ML'],"['DL', 'NLP']",LOW,,,SINGLE_MODALITY,False,No active safety alerts.,0,[],[],[],Patient TCGA-EW-A1IX evaluated under evidence level [SINGLE_MODALITY]. Synthesized integrated score is 0.0001 yielding raw risk class [LOW]. Contributions (ML: 0.0001 risk weight). Cross-modal concordance: [SINGLE_MODALITY]. No active safety escalations triggered. Final assigned risk is [LOW].
TCGA-55-6979,0.0068,LOW,LOW,0.6454,SINGLE_MODALITY,['ML'],"['DL', 'NLP']",MODERATE,,,SINGLE_MODALITY,False,No active safety alerts.,0,[],[],[],Patient TCGA-55-6979 evaluated under evidence level [SINGLE_MODALITY]. Synthesized integrated score is 0.0068 yielding raw risk class [LOW]. Contributions (ML: 0.0068 risk weight). Cross-modal concordance: [SINGLE_MODALITY]. No active safety escalations triggered. Final assigned risk is [LOW].
TCGA-86-8281,0.0002,LOW,LOW,0.636,SINGLE_MODALITY,['ML'],"['DL', 'NLP']",LOW,,,SINGLE_MODALITY,False,No active safety alerts.,0,[],[],[],Patient TCGA-86-8281 evaluated under evidence level [SINGLE_MODALITY]. Synthesized integrated score is 0.0002 yielding raw risk class [LOW]. Contributions (ML: 0.0002 risk weight). Cross-modal concordance: [SINGLE_MODALITY]. No active safety escalations triggered. Final assigned risk is [LOW].
TCGA-ZF-AA5P,0.998,HIGH,HIGH,0.6487,SINGLE_MODALITY,['ML'],"['DL', 'NLP']",HIGH,,,SINGLE_MODALITY,True,"Elevated risk patient with incomplete modality coverage (Missing: ['DL', 'NLP']). Clinician review recommended.",0,[],[],[],"Patient TCGA-ZF-AA5P evaluated under evidence level [SINGLE_MODALITY]. Synthesized integrated score is 0.9980 yielding raw risk class [HIGH]. Contributions (ML: 0.9980 risk weight). Cross-modal concordance: [SINGLE_MODALITY]. Safety Net Override: Elevated risk patient with incomplete modality coverage (Missing: ['DL', 'NLP']). Clinician review recommended. Final assigned risk is [HIGH]."
TCGA-A8-A097,0.0001,LOW,LOW,0.6454,SINGLE_MODALITY,['ML'],"['DL', 'NLP']",LOW,,,SINGLE_MODALITY,False,No active safety alerts.,0,[],[],[],Patient TCGA-A8-A097 evaluated under evidence level [SINGLE_MODALITY]. Synthesized integrated score is 0.0001 yielding raw risk class [LOW]. Contributions (ML: 0.0001 risk weight). Cross-modal concordance: [SINGLE_MODALITY]. No active safety escalations triggered. Final assigned risk is [LOW].
TCGA-29-1692,0.0027,LOW,LOW,0.6443,SINGLE_MODALITY,['ML'],"['DL', 'NLP']",MODERATE,,,SINGLE_MODALITY,False,No active safety alerts.,0,[],[],[],Patient TCGA-29-1692 evaluated under evidence level [SINGLE_MODALITY]. Synthesized integrated score is 0.0027 yielding raw risk class [LOW]. Contributions (ML: 0.0027 risk weight). Cross-modal concordance: [SINGLE_MODALITY]. No active safety escalations triggered. Final assigned risk is [LOW].
TCGA-A6-6138,0.0001,LOW,LOW,0.6449,SINGLE_MODALITY,['ML'],"['DL', 'NLP']",LOW,,,SINGLE_MODALITY,False,No active safety alerts.,0,[],[],[],Patient TCGA-A6-6138 evaluated under evidence level [SINGLE_MODALITY]. Synthesized integrated score is 0.0001 yielding raw risk class [LOW]. Contributions (ML: 0.0001 risk weight). Cross-modal concordance: [SINGLE_MODALITY]. No active safety escalations triggered. Final assigned risk is [LOW].
TCGA-EI-6510,0.9981,HIGH,HIGH,0.6488,SINGLE_MODALITY,['ML'],"['DL', 'NLP']",HIGH,,,SINGLE_MODALITY,True,"Elevated risk patient with incomplete modality coverage (Missing: ['DL', 'NLP']). Clinician review recommended.",0,[],[],[],"Patient TCGA-EI-6510 evaluated under evidence level [SINGLE_MODALITY]. Synthesized integrated score is 0.9981 yielding raw risk class [HIGH]. Contributions (ML: 0.9981 risk weight). Cross-modal concordance: [SINGLE_MODALITY]. Safety Net Override: Elevated risk patient with incomplete modality coverage (Missing: ['DL', 'NLP']). Clinician review recommended. Final assigned risk is [HIGH]."
TCGA-EJ-7782,0.0017,LOW,LOW,0.6451,SINGLE_MODALITY,['ML'],"['DL', 'NLP']",MODERATE,,,SINGLE_MODALITY,False,No active safety alerts.,0,[],[],[],Patient TCGA-EJ-7782 evaluated under evidence level [SINGLE_MODALITY]. Synthesized integrated score is 0.0017 yielding raw risk class [LOW]. Contributions (ML: 0.0017 risk weight). Cross-modal concordance: [SINGLE_MODALITY]. No active safety escalations triggered. Final assigned risk is [LOW].
TCGA-DD-A119,0.9972,HIGH,HIGH,0.6482,SINGLE_MODALITY,['ML'],"['DL', 'NLP']",HIGH,,,SINGLE_MODALITY,True,"Elevated risk patient with incomplete modality coverage (Missing: ['DL', 'NLP']). Clinician review recommended.",0,[],[],[],"Patient TCGA-DD-A119 evaluated under evidence level [SINGLE_MODALITY]. Synthesized integrated score is 0.9972 yielding raw risk class [HIGH]. Contributions (ML: 0.9972 risk weight). Cross-modal concordance: [SINGLE_MODALITY]. Safety Net Override: Elevated risk patient with incomplete modality coverage (Missing: ['DL', 'NLP']). Clinician review recommended. Final assigned risk is [HIGH]."
TCGA-D8-A1XS,0.0187,LOW,LOW,0.631,SINGLE_MODALITY,['ML'],"['DL', 'NLP']",MODERATE,,,SINGLE_MODALITY,False,No active safety alerts.,0,[],[],[],Patient TCGA-D8-A1XS evaluated under evidence level [SINGLE_MODALITY]. Synthesized integrated score is 0.0187 yielding raw risk class [LOW]. Contributions (ML: 0.0187 risk weight). Cross-modal concordance: [SINGLE_MODALITY]. No active safety escalations triggered. Final assigned risk is [LOW].
TCGA-G4-6293,0.9977,HIGH,HIGH,0.6485,SINGLE_MODALITY,['ML'],"['DL', 'NLP']",HIGH,,,SINGLE_MODALITY,True,"Elevated risk patient with incomplete modality coverage (Missing: ['DL', 'NLP']). Clinician review recommended.",0,[],[],[],"Patient TCGA-G4-6293 evaluated under evidence level [SINGLE_MODALITY]. Synthesized integrated score is 0.9977 yielding raw risk class [HIGH]. Contributions (ML: 0.9977 risk weight). Cross-modal concordance: [SINGLE_MODALITY]. Safety Net Override: Elevated risk patient with incomplete modality coverage (Missing: ['DL', 'NLP']). Clinician review recommended. Final assigned risk is [HIGH]."
TCGA-O1-A52J,0.0001,LOW,LOW,0.6406,SINGLE_MODALITY,['ML'],"['DL', 'NLP']",LOW,,,SINGLE_MODALITY,False,No active safety alerts.,0,[],[],[],Patient TCGA-O1-A52J evaluated under evidence level [SINGLE_MODALITY]. Synthesized integrated score is 0.0001 yielding raw risk class [LOW]. Contributions (ML: 0.0001 risk weight). Cross-modal concordance: [SINGLE_MODALITY]. No active safety escalations triggered. Final assigned risk is [LOW].
TCGA-E2-A1LS,0.0001,LOW,LOW,0.6326,SINGLE_MODALITY,['ML'],"['DL', 'NLP']",LOW,,,SINGLE_MODALITY,False,No active safety alerts.,0,[],[],[],Patient TCGA-E2-A1LS evaluated under evidence level [SINGLE_MODALITY]. Synthesized integrated score is 0.0001 yielding raw risk class [LOW]. Contributions (ML: 0.0001 risk weight). Cross-modal concordance: [SINGLE_MODALITY]. No active safety escalations triggered. Final assigned risk is [LOW].
TCGA-AO-A1KQ,0.9993,HIGH,HIGH,0.6495,SINGLE_MODALITY,['ML'],"['DL', 'NLP']",HIGH,,,SINGLE_MODALITY,True,"Elevated risk patient with incomplete modality coverage (Missing: ['DL', 'NLP']). Clinician review recommended.",0,[],[],[],"Patient TCGA-AO-A1KQ evaluated under evidence level [SINGLE_MODALITY]. Synthesized integrated score is 0.9993 yielding raw risk class [HIGH]. Contributions (ML: 0.9993 risk weight). Cross-modal concordance: [SINGLE_MODALITY]. Safety Net Override: Elevated risk patient with incomplete modality coverage (Missing: ['DL', 'NLP']). Clinician review recommended. Final assigned risk is [HIGH]."
TCGA-AZ-6598,0.011,LOW,LOW,0.6425,SINGLE_MODALITY,['ML'],"['DL', 'NLP']",MODERATE,,,SINGLE_MODALITY,False,No active safety alerts.,0,[],[],[],Patient TCGA-AZ-6598 evaluated under evidence level [SINGLE_MODALITY]. Synthesized integrated score is 0.0110 yielding raw risk class [LOW]. Contributions (ML: 0.0110 risk weight). Cross-modal concordance: [SINGLE_MODALITY]. No active safety escalations triggered. Final assigned risk is [LOW].
TCGA-WE-AAA0,0.0002,LOW,LOW,0.6429,SINGLE_MODALITY,['ML'],"['DL', 'NLP']",LOW,,,SINGLE_MODALITY,False,No active safety alerts.,0,[],[],[],Patient TCGA-WE-AAA0 evaluated under evidence level [SINGLE_MODALITY]. Synthesized integrated score is 0.0002 yielding raw risk class [LOW]. Contributions (ML: 0.0002 risk weight). Cross-modal concordance: [SINGLE_MODALITY]. No active safety escalations triggered. Final assigned risk is [LOW].
TCGA-BH-A18K,0.0,LOW,LOW,0.6497,SINGLE_MODALITY,['ML'],"['DL', 'NLP']",LOW,,,SINGLE_MODALITY,False,No active safety alerts.,0,[],[],[],Patient TCGA-BH-A18K evaluated under evidence level [SINGLE_MODALITY]. Synthesized integrated score is 0.0000 yielding raw risk class [LOW]. Contributions (ML: 0.0000 risk weight). Cross-modal concordance: [SINGLE_MODALITY]. No active safety escalations triggered. Final assigned risk is [LOW].
TCGA-36-2534,0.0026,LOW,LOW,0.6447,SINGLE_MODALITY,['ML'],"['DL', 'NLP']",MODERATE,,,SINGLE_MODALITY,False,No active safety alerts.,0,[],[],[],Patient TCGA-36-2534 evaluated under evidence level [SINGLE_MODALITY]. Synthesized integrated score is 0.0026 yielding raw risk class [LOW]. Contributions (ML: 0.0026 risk weight). Cross-modal concordance: [SINGLE_MODALITY]. No active safety escalations triggered. Final assigned risk is [LOW].
TCGA-6A-AB49,0.0221,LOW,LOW,0.635,SINGLE_MODALITY,['ML'],"['DL', 'NLP']",MODERATE,,,SINGLE_MODALITY,False,No active safety alerts.,0,[],[],[],Patient TCGA-6A-AB49 evaluated under evidence level [SINGLE_MODALITY]. Synthesized integrated score is 0.0221 yielding raw risk class [LOW]. Contributions (ML: 0.0221 risk weight). Cross-modal concordance: [SINGLE_MODALITY]. No active safety escalations triggered. Final assigned risk is [LOW].
TCGA-AG-A00C,0.9934,HIGH,HIGH,0.6457,SINGLE_MODALITY,['ML'],"['DL', 'NLP']",HIGH,,,SINGLE_MODALITY,True,"Elevated risk patient with incomplete modality coverage (Missing: ['DL', 'NLP']). Clinician review recommended.",0,[],[],[],"Patient TCGA-AG-A00C evaluated under evidence level [SINGLE_MODALITY]. Synthesized integrated score is 0.9934 yielding raw risk class [HIGH]. Contributions (ML: 0.9934 risk weight). Cross-modal concordance: [SINGLE_MODALITY]. Safety Net Override: Elevated risk patient with incomplete modality coverage (Missing: ['DL', 'NLP']). Clinician review recommended. Final assigned risk is [HIGH]."
TCGA-CJ-4895,0.9944,HIGH,HIGH,0.6464,SINGLE_MODALITY,['ML'],"['DL', 'NLP']",HIGH,,,SINGLE_MODALITY,True,"Elevated risk patient with incomplete modality coverage (Missing: ['DL', 'NLP']). Clinician review recommended.",0,[],[],[],"Patient TCGA-CJ-4895 evaluated under evidence level [SINGLE_MODALITY]. Synthesized integrated score is 0.9944 yielding raw risk class [HIGH]. Contributions (ML: 0.9944 risk weight). Cross-modal concordance: [SINGLE_MODALITY]. Safety Net Override: Elevated risk patient with incomplete modality coverage (Missing: ['DL', 'NLP']). Clinician review recommended. Final assigned risk is [HIGH]."
TCGA-85-8277,0.9994,HIGH,HIGH,0.6496,SINGLE_MODALITY,['ML'],"['DL', 'NLP']",HIGH,,,SINGLE_MODALITY,True,"Elevated risk patient with incomplete modality coverage (Missing: ['DL', 'NLP']). Clinician review recommended.",0,[],[],[],"Patient TCGA-85-8277 evaluated under evidence level [SINGLE_MODALITY]. Synthesized integrated score is 0.9994 yielding raw risk class [HIGH]. Contributions (ML: 0.9994 risk weight). Cross-modal concordance: [SINGLE_MODALITY]. Safety Net Override: Elevated risk patient with incomplete modality coverage (Missing: ['DL', 'NLP']). Clinician review recommended. Final assigned risk is [HIGH]."
TCGA-MS-A51U,0.0001,LOW,LOW,0.6456,SINGLE_MODALITY,['ML'],"['DL', 'NLP']",LOW,,,SINGLE_MODALITY,False,No active safety alerts.,0,[],[],[],Patient TCGA-MS-A51U evaluated under evidence level [SINGLE_MODALITY]. Synthesized integrated score is 0.0001 yielding raw risk class [LOW]. Contributions (ML: 0.0001 risk weight). Cross-modal concordance: [SINGLE_MODALITY]. No active safety escalations triggered. Final assigned risk is [LOW].
TCGA-BP-5198,0.9998,HIGH,HIGH,0.6499,SINGLE_MODALITY,['ML'],"['DL', 'NLP']",HIGH,,,SINGLE_MODALITY,True,"Elevated risk patient with incomplete modality coverage (Missing: ['DL', 'NLP']). Clinician review recommended.",0,[],[],[],"Patient TCGA-BP-5198 evaluated under evidence level [SINGLE_MODALITY]. Synthesized integrated score is 0.9998 yielding raw risk class [HIGH]. Contributions (ML: 0.9998 risk weight). Cross-modal concordance: [SINGLE_MODALITY]. Safety Net Override: Elevated risk patient with incomplete modality coverage (Missing: ['DL', 'NLP']). Clinician review recommended. Final assigned risk is [HIGH]."
TCGA-FD-A6TA,0.9995,HIGH,HIGH,0.6497,SINGLE_MODALITY,['ML'],"['DL', 'NLP']",HIGH,,,SINGLE_MODALITY,True,"Elevated risk patient with incomplete modality coverage (Missing: ['DL', 'NLP']). Clinician review recommended.",0,[],[],[],"Patient TCGA-FD-A6TA evaluated under evidence level [SINGLE_MODALITY]. Synthesized integrated score is 0.9995 yielding raw risk class [HIGH]. Contributions (ML: 0.9995 risk weight). Cross-modal concordance: [SINGLE_MODALITY]. Safety Net Override: Elevated risk patient with incomplete modality coverage (Missing: ['DL', 'NLP']). Clinician review recommended. Final assigned risk is [HIGH]."
TCGA-AN-A0AL,0.9982,HIGH,HIGH,0.6488,SINGLE_MODALITY,['ML'],"['DL', 'NLP']",HIGH,,,SINGLE_MODALITY,True,"Elevated risk patient with incomplete modality coverage (Missing: ['DL', 'NLP']). Clinician review recommended.",0,[],[],[],"Patient TCGA-AN-A0AL evaluated under evidence level [SINGLE_MODALITY]. Synthesized integrated score is 0.9982 yielding raw risk class [HIGH]. Contributions (ML: 0.9982 risk weight). Cross-modal concordance: [SINGLE_MODALITY]. Safety Net Override: Elevated risk patient with incomplete modality coverage (Missing: ['DL', 'NLP']). Clinician review recommended. Final assigned risk is [HIGH]."
TCGA-63-A5MW,0.0001,LOW,LOW,0.6434,SINGLE_MODALITY,['ML'],"['DL', 'NLP']",LOW,,,SINGLE_MODALITY,False,No active safety alerts.,0,[],[],[],Patient TCGA-63-A5MW evaluated under evidence level [SINGLE_MODALITY]. Synthesized integrated score is 0.0001 yielding raw risk class [LOW]. Contributions (ML: 0.0001 risk weight). Cross-modal concordance: [SINGLE_MODALITY]. No active safety escalations triggered. Final assigned risk is [LOW].
TCGA-E2-A15F,0.0,LOW,LOW,0.6498,SINGLE_MODALITY,['ML'],"['DL', 'NLP']",LOW,,,SINGLE_MODALITY,False,No active safety alerts.,0,[],[],[],Patient TCGA-E2-A15F evaluated under evidence level [SINGLE_MODALITY]. Synthesized integrated score is 0.0000 yielding raw risk class [LOW]. Contributions (ML: 0.0000 risk weight). Cross-modal concordance: [SINGLE_MODALITY]. No active safety escalations triggered. Final assigned risk is [LOW].
TCGA-FS-A1ZB,0.0009,LOW,LOW,0.6477,SINGLE_MODALITY,['ML'],"['DL', 'NLP']",MODERATE,,,SINGLE_MODALITY,False,No active safety alerts.,0,[],[],[],Patient TCGA-FS-A1ZB evaluated under evidence level [SINGLE_MODALITY]. Synthesized integrated score is 0.0009 yielding raw risk class [LOW]. Contributions (ML: 0.0009 risk weight). Cross-modal concordance: [SINGLE_MODALITY]. No active safety escalations triggered. Final assigned risk is [LOW].
TCGA-44-2662,0.0083,LOW,LOW,0.4228,SINGLE_MODALITY,['ML'],"['DL', 'NLP']",MODERATE,,,SINGLE_MODALITY,False,No active safety alerts.,0,[],[],[],Patient TCGA-44-2662 evaluated under evidence level [SINGLE_MODALITY]. Synthesized integrated score is 0.0083 yielding raw risk class [LOW]. Contributions (ML: 0.0083 risk weight). Cross-modal concordance: [SINGLE_MODALITY]. No active safety escalations triggered. Final assigned risk is [LOW].
TCGA-BH-A0BZ,0.9941,HIGH,HIGH,0.6462,SINGLE_MODALITY,['ML'],"['DL', 'NLP']",HIGH,,,SINGLE_MODALITY,True,"Elevated risk patient with incomplete modality coverage (Missing: ['DL', 'NLP']). Clinician review recommended.",0,[],[],[],"Patient TCGA-BH-A0BZ evaluated under evidence level [SINGLE_MODALITY]. Synthesized integrated score is 0.9941 yielding raw risk class [HIGH]. Contributions (ML: 0.9941 risk weight). Cross-modal concordance: [SINGLE_MODALITY]. Safety Net Override: Elevated risk patient with incomplete modality coverage (Missing: ['DL', 'NLP']). Clinician review recommended. Final assigned risk is [HIGH]."
TCGA-EJ-5505,0.0212,LOW,LOW,0.6357,SINGLE_MODALITY,['ML'],"['DL', 'NLP']",MODERATE,,,SINGLE_MODALITY,False,No active safety alerts.,0,[],[],[],Patient TCGA-EJ-5505 evaluated under evidence level [SINGLE_MODALITY]. Synthesized integrated score is 0.0212 yielding raw risk class [LOW]. Contributions (ML: 0.0212 risk weight). Cross-modal concordance: [SINGLE_MODALITY]. No active safety escalations triggered. Final assigned risk is [LOW].
TCGA-63-7023,0.0009,LOW,LOW,0.6482,SINGLE_MODALITY,['ML'],"['DL', 'NLP']",MODERATE,,,SINGLE_MODALITY,False,No active safety alerts.,0,[],[],[],Patient TCGA-63-7023 evaluated under evidence level [SINGLE_MODALITY]. Synthesized integrated score is 0.0009 yielding raw risk class [LOW]. Contributions (ML: 0.0009 risk weight). Cross-modal concordance: [SINGLE_MODALITY]. No active safety escalations triggered. Final assigned risk is [LOW].
TCGA-AG-3593,0.0,LOW,LOW,0.6464,SINGLE_MODALITY,['ML'],"['DL', 'NLP']",LOW,,,SINGLE_MODALITY,False,No active safety alerts.,0,[],[],[],Patient TCGA-AG-3593 evaluated under evidence level [SINGLE_MODALITY]. Synthesized integrated score is 0.0000 yielding raw risk class [LOW]. Contributions (ML: 0.0000 risk weight). Cross-modal concordance: [SINGLE_MODALITY]. No active safety escalations triggered. Final assigned risk is [LOW].
TCGA-AG-A02N,0.0001,LOW,LOW,0.6464,SINGLE_MODALITY,['ML'],"['DL', 'NLP']",LOW,,,SINGLE_MODALITY,False,No active safety alerts.,0,[],[],[],Patient TCGA-AG-A02N evaluated under evidence level [SINGLE_MODALITY]. Synthesized integrated score is 0.0001 yielding raw risk class [LOW]. Contributions (ML: 0.0001 risk weight). Cross-modal concordance: [SINGLE_MODALITY]. No active safety escalations triggered. Final assigned risk is [LOW].
TCGA-US-A77E,0.0034,LOW,LOW,0.6432,SINGLE_MODALITY,['ML'],"['DL', 'NLP']",MODERATE,,,SINGLE_MODALITY,False,No active safety alerts.,0,[],[],[],Patient TCGA-US-A77E evaluated under evidence level [SINGLE_MODALITY]. Synthesized integrated score is 0.0034 yielding raw risk class [LOW]. Contributions (ML: 0.0034 risk weight). Cross-modal concordance: [SINGLE_MODALITY]. No active safety escalations triggered. Final assigned risk is [LOW].
TCGA-CZ-4864,0.0001,LOW,LOW,0.6461,SINGLE_MODALITY,['ML'],"['DL', 'NLP']",LOW,,,SINGLE_MODALITY,False,No active safety alerts.,0,[],[],[],Patient TCGA-CZ-4864 evaluated under evidence level [SINGLE_MODALITY]. Synthesized integrated score is 0.0001 yielding raw risk class [LOW]. Contributions (ML: 0.0001 risk weight). Cross-modal concordance: [SINGLE_MODALITY]. No active safety escalations triggered. Final assigned risk is [LOW].
TCGA-IB-A5ST,0.0001,LOW,LOW,0.645,SINGLE_MODALITY,['ML'],"['DL', 'NLP']",LOW,,,SINGLE_MODALITY,False,No active safety alerts.,0,[],[],[],Patient TCGA-IB-A5ST evaluated under evidence level [SINGLE_MODALITY]. Synthesized integrated score is 0.0001 yielding raw risk class [LOW]. Contributions (ML: 0.0001 risk weight). Cross-modal concordance: [SINGLE_MODALITY]. No active safety escalations triggered. Final assigned risk is [LOW].
TCGA-US-A776,0.0011,LOW,LOW,0.6475,SINGLE_MODALITY,['ML'],"['DL', 'NLP']",MODERATE,,,SINGLE_MODALITY,False,No active safety alerts.,0,[],[],[],Patient TCGA-US-A776 evaluated under evidence level [SINGLE_MODALITY]. Synthesized integrated score is 0.0011 yielding raw risk class [LOW]. Contributions (ML: 0.0011 risk weight). Cross-modal concordance: [SINGLE_MODALITY]. No active safety escalations triggered. Final assigned risk is [LOW].
TCGA-25-2392,0.0243,LOW,LOW,0.6335,SINGLE_MODALITY,['ML'],"['DL', 'NLP']",MODERATE,,,SINGLE_MODALITY,False,No active safety alerts.,0,[],[],[],Patient TCGA-25-2392 evaluated under evidence level [SINGLE_MODALITY]. Synthesized integrated score is 0.0243 yielding raw risk class [LOW]. Contributions (ML: 0.0243 risk weight). Cross-modal concordance: [SINGLE_MODALITY]. No active safety escalations triggered. Final assigned risk is [LOW].
TCGA-GD-A2C5,0.9992,HIGH,HIGH,0.6495,SINGLE_MODALITY,['ML'],"['DL', 'NLP']",HIGH,,,SINGLE_MODALITY,True,"Elevated risk patient with incomplete modality coverage (Missing: ['DL', 'NLP']). Clinician review recommended.",0,[],[],[],"Patient TCGA-GD-A2C5 evaluated under evidence level [SINGLE_MODALITY]. Synthesized integrated score is 0.9992 yielding raw risk class [HIGH]. Contributions (ML: 0.9992 risk weight). Cross-modal concordance: [SINGLE_MODALITY]. Safety Net Override: Elevated risk patient with incomplete modality coverage (Missing: ['DL', 'NLP']). Clinician review recommended. Final assigned risk is [HIGH]."
TCGA-24-0979,0.0001,LOW,LOW,0.6459,SINGLE_MODALITY,['ML'],"['DL', 'NLP']",LOW,,,SINGLE_MODALITY,False,No active safety alerts.,0,[],[],[],Patient TCGA-24-0979 evaluated under evidence level [SINGLE_MODALITY]. Synthesized integrated score is 0.0001 yielding raw risk class [LOW]. Contributions (ML: 0.0001 risk weight). Cross-modal concordance: [SINGLE_MODALITY]. No active safety escalations triggered. Final assigned risk is [LOW].
TCGA-A8-A091,0.0182,LOW,LOW,0.6377,SINGLE_MODALITY,['ML'],"['DL', 'NLP']",MODERATE,,,SINGLE_MODALITY,False,No active safety alerts.,0,[],[],[],Patient TCGA-A8-A091 evaluated under evidence level [SINGLE_MODALITY]. Synthesized integrated score is 0.0182 yielding raw risk class [LOW]. Contributions (ML: 0.0182 risk weight). Cross-modal concordance: [SINGLE_MODALITY]. No active safety escalations triggered. Final assigned risk is [LOW].
TCGA-63-A5MH,0.0001,LOW,LOW,0.645,SINGLE_MODALITY,['ML'],"['DL', 'NLP']",LOW,,,SINGLE_MODALITY,False,No active safety alerts.,0,[],[],[],Patient TCGA-63-A5MH evaluated under evidence level [SINGLE_MODALITY]. Synthesized integrated score is 0.0001 yielding raw risk class [LOW]. Contributions (ML: 0.0001 risk weight). Cross-modal concordance: [SINGLE_MODALITY]. No active safety escalations triggered. Final assigned risk is [LOW].
TCGA-HC-7737,0.0001,LOW,LOW,0.6462,SINGLE_MODALITY,['ML'],"['DL', 'NLP']",LOW,,,SINGLE_MODALITY,False,No active safety alerts.,0,[],[],[],Patient TCGA-HC-7737 evaluated under evidence level [SINGLE_MODALITY]. Synthesized integrated score is 0.0001 yielding raw risk class [LOW]. Contributions (ML: 0.0001 risk weight). Cross-modal concordance: [SINGLE_MODALITY]. No active safety escalations triggered. Final assigned risk is [LOW].
TCGA-BH-A0HI,0.0001,LOW,LOW,0.6417,SINGLE_MODALITY,['ML'],"['DL', 'NLP']",LOW,,,SINGLE_MODALITY,False,No active safety alerts.,0,[],[],[],Patient TCGA-BH-A0HI evaluated under evidence level [SINGLE_MODALITY]. Synthesized integrated score is 0.0001 yielding raw risk class [LOW]. Contributions (ML: 0.0001 risk weight). Cross-modal concordance: [SINGLE_MODALITY]. No active safety escalations triggered. Final assigned risk is [LOW].
TCGA-CZ-5468,0.9997,HIGH,HIGH,0.6498,SINGLE_MODALITY,['ML'],"['DL', 'NLP']",HIGH,,,SINGLE_MODALITY,True,"Elevated risk patient with incomplete modality coverage (Missing: ['DL', 'NLP']). Clinician review recommended.",0,[],[],[],"Patient TCGA-CZ-5468 evaluated under evidence level [SINGLE_MODALITY]. Synthesized integrated score is 0.9997 yielding raw risk class [HIGH]. Contributions (ML: 0.9997 risk weight). Cross-modal concordance: [SINGLE_MODALITY]. Safety Net Override: Elevated risk patient with incomplete modality coverage (Missing: ['DL', 'NLP']). Clinician review recommended. Final assigned risk is [HIGH]."
TCGA-A3-3317,0.0001,LOW,LOW,0.6457,SINGLE_MODALITY,['ML'],"['DL', 'NLP']",LOW,,,SINGLE_MODALITY,False,No active safety alerts.,0,[],[],[],Patient TCGA-A3-3317 evaluated under evidence level [SINGLE_MODALITY]. Synthesized integrated score is 0.0001 yielding raw risk class [LOW]. Contributions (ML: 0.0001 risk weight). Cross-modal concordance: [SINGLE_MODALITY]. No active safety escalations triggered. Final assigned risk is [LOW].
TCGA-D8-A1XT,0.9175,HIGH,HIGH,0.5964,SINGLE_MODALITY,['ML'],"['DL', 'NLP']",HIGH,,,SINGLE_MODALITY,True,"Elevated risk patient with incomplete modality coverage (Missing: ['DL', 'NLP']). Clinician review recommended.",0,[],[],[],"Patient TCGA-D8-A1XT evaluated under evidence level [SINGLE_MODALITY]. Synthesized integrated score is 0.9175 yielding raw risk class [HIGH]. Contributions (ML: 0.9175 risk weight). Cross-modal concordance: [SINGLE_MODALITY]. Safety Net Override: Elevated risk patient with incomplete modality coverage (Missing: ['DL', 'NLP']). Clinician review recommended. Final assigned risk is [HIGH]."
TCGA-33-AASL,0.0024,LOW,LOW,0.6387,SINGLE_MODALITY,['ML'],"['DL', 'NLP']",MODERATE,,,SINGLE_MODALITY,False,No active safety alerts.,0,[],[],[],Patient TCGA-33-AASL evaluated under evidence level [SINGLE_MODALITY]. Synthesized integrated score is 0.0024 yielding raw risk class [LOW]. Contributions (ML: 0.0024 risk weight). Cross-modal concordance: [SINGLE_MODALITY]. No active safety escalations triggered. Final assigned risk is [LOW].
TCGA-IB-7889,0.0029,LOW,LOW,0.6445,SINGLE_MODALITY,['ML'],"['DL', 'NLP']",MODERATE,,,SINGLE_MODALITY,False,No active safety alerts.,0,[],[],[],Patient TCGA-IB-7889 evaluated under evidence level [SINGLE_MODALITY]. Synthesized integrated score is 0.0029 yielding raw risk class [LOW]. Contributions (ML: 0.0029 risk weight). Cross-modal concordance: [SINGLE_MODALITY]. No active safety escalations triggered. Final assigned risk is [LOW].
TCGA-CV-7413,0.0008,LOW,LOW,0.648,SINGLE_MODALITY,['ML'],"['DL', 'NLP']",MODERATE,,,SINGLE_MODALITY,False,No active safety alerts.,0,[],[],[],Patient TCGA-CV-7413 evaluated under evidence level [SINGLE_MODALITY]. Synthesized integrated score is 0.0008 yielding raw risk class [LOW]. Contributions (ML: 0.0008 risk weight). Cross-modal concordance: [SINGLE_MODALITY]. No active safety escalations triggered. Final assigned risk is [LOW].
TCGA-58-A46L,0.9996,HIGH,HIGH,0.6497,SINGLE_MODALITY,['ML'],"['DL', 'NLP']",HIGH,,,SINGLE_MODALITY,True,"Elevated risk patient with incomplete modality coverage (Missing: ['DL', 'NLP']). Clinician review recommended.",0,[],[],[],"Patient TCGA-58-A46L evaluated under evidence level [SINGLE_MODALITY]. Synthesized integrated score is 0.9996 yielding raw risk class [HIGH]. Contributions (ML: 0.9996 risk weight). Cross-modal concordance: [SINGLE_MODALITY]. Safety Net Override: Elevated risk patient with incomplete modality coverage (Missing: ['DL', 'NLP']). Clinician review recommended. Final assigned risk is [HIGH]."
TCGA-50-5930,0.9944,HIGH,HIGH,0.6464,SINGLE_MODALITY,['ML'],"['DL', 'NLP']",HIGH,,,SINGLE_MODALITY,True,"Elevated risk patient with incomplete modality coverage (Missing: ['DL', 'NLP']). Clinician review recommended.",0,[],[],[],"Patient TCGA-50-5930 evaluated under evidence level [SINGLE_MODALITY]. Synthesized integrated score is 0.9944 yielding raw risk class [HIGH]. Contributions (ML: 0.9944 risk weight). Cross-modal concordance: [SINGLE_MODALITY]. Safety Net Override: Elevated risk patient with incomplete modality coverage (Missing: ['DL', 'NLP']). Clinician review recommended. Final assigned risk is [HIGH]."
TCGA-13-0924,0.0013,LOW,LOW,0.6467,SINGLE_MODALITY,['ML'],"['DL', 'NLP']",MODERATE,,,SINGLE_MODALITY,False,No active safety alerts.,0,[],[],[],Patient TCGA-13-0924 evaluated under evidence level [SINGLE_MODALITY]. Synthesized integrated score is 0.0013 yielding raw risk class [LOW]. Contributions (ML: 0.0013 risk weight). Cross-modal concordance: [SINGLE_MODALITY]. No active safety escalations triggered. Final assigned risk is [LOW].
TCGA-C8-A1HI,0.9985,HIGH,HIGH,0.649,SINGLE_MODALITY,['ML'],"['DL', 'NLP']",HIGH,,,SINGLE_MODALITY,True,"Elevated risk patient with incomplete modality coverage (Missing: ['DL', 'NLP']). Clinician review recommended.",0,[],[],[],"Patient TCGA-C8-A1HI evaluated under evidence level [SINGLE_MODALITY]. Synthesized integrated score is 0.9985 yielding raw risk class [HIGH]. Contributions (ML: 0.9985 risk weight). Cross-modal concordance: [SINGLE_MODALITY]. Safety Net Override: Elevated risk patient with incomplete modality coverage (Missing: ['DL', 'NLP']). Clinician review recommended. Final assigned risk is [HIGH]."
TCGA-E7-A519,0.004,LOW,LOW,0.642,SINGLE_MODALITY,['ML'],"['DL', 'NLP']",MODERATE,,,SINGLE_MODALITY,False,No active safety alerts.,0,[],[],[],Patient TCGA-E7-A519 evaluated under evidence level [SINGLE_MODALITY]. Synthesized integrated score is 0.0040 yielding raw risk class [LOW]. Contributions (ML: 0.0040 risk weight). Cross-modal concordance: [SINGLE_MODALITY]. No active safety escalations triggered. Final assigned risk is [LOW].
TCGA-A8-A08I,0.0,LOW,LOW,0.6464,SINGLE_MODALITY,['ML'],"['DL', 'NLP']",LOW,,,SINGLE_MODALITY,False,No active safety alerts.,0,[],[],[],Patient TCGA-A8-A08I evaluated under evidence level [SINGLE_MODALITY]. Synthesized integrated score is 0.0000 yielding raw risk class [LOW]. Contributions (ML: 0.0000 risk weight). Cross-modal concordance: [SINGLE_MODALITY]. No active safety escalations triggered. Final assigned risk is [LOW].
TCGA-EI-6513,0.9951,HIGH,HIGH,0.6468,SINGLE_MODALITY,['ML'],"['DL', 'NLP']",HIGH,,,SINGLE_MODALITY,True,"Elevated risk patient with incomplete modality coverage (Missing: ['DL', 'NLP']). Clinician review recommended.",0,[],[],[],"Patient TCGA-EI-6513 evaluated under evidence level [SINGLE_MODALITY]. Synthesized integrated score is 0.9951 yielding raw risk class [HIGH]. Contributions (ML: 0.9951 risk weight). Cross-modal concordance: [SINGLE_MODALITY]. Safety Net Override: Elevated risk patient with incomplete modality coverage (Missing: ['DL', 'NLP']). Clinician review recommended. Final assigned risk is [HIGH]."
TCGA-D3-A8GS,0.0049,LOW,LOW,0.6272,SINGLE_MODALITY,['ML'],"['DL', 'NLP']",MODERATE,,,SINGLE_MODALITY,False,No active safety alerts.,0,[],[],[],Patient TCGA-D3-A8GS evaluated under evidence level [SINGLE_MODALITY]. Synthesized integrated score is 0.0049 yielding raw risk class [LOW]. Contributions (ML: 0.0049 risk weight). Cross-modal concordance: [SINGLE_MODALITY]. No active safety escalations triggered. Final assigned risk is [LOW].
TCGA-EE-A3AB,0.9993,HIGH,HIGH,0.6495,SINGLE_MODALITY,['ML'],"['DL', 'NLP']",HIGH,,,SINGLE_MODALITY,True,"Elevated risk patient with incomplete modality coverage (Missing: ['DL', 'NLP']). Clinician review recommended.",0,[],[],[],"Patient TCGA-EE-A3AB evaluated under evidence level [SINGLE_MODALITY]. Synthesized integrated score is 0.9993 yielding raw risk class [HIGH]. Contributions (ML: 0.9993 risk weight). Cross-modal concordance: [SINGLE_MODALITY]. Safety Net Override: Elevated risk patient with incomplete modality coverage (Missing: ['DL', 'NLP']). Clinician review recommended. Final assigned risk is [HIGH]."
TCGA-EI-6882,0.0017,LOW,LOW,0.6467,SINGLE_MODALITY,['ML'],"['DL', 'NLP']",MODERATE,,,SINGLE_MODALITY,False,No active safety alerts.,0,[],[],[],Patient TCGA-EI-6882 evaluated under evidence level [SINGLE_MODALITY]. Synthesized integrated score is 0.0017 yielding raw risk class [LOW]. Contributions (ML: 0.0017 risk weight). Cross-modal concordance: [SINGLE_MODALITY]. No active safety escalations triggered. Final assigned risk is [LOW].
TCGA-G9-6356,0.0001,LOW,LOW,0.6473,SINGLE_MODALITY,['ML'],"['DL', 'NLP']",LOW,,,SINGLE_MODALITY,False,No active safety alerts.,0,[],[],[],Patient TCGA-G9-6356 evaluated under evidence level [SINGLE_MODALITY]. Synthesized integrated score is 0.0001 yielding raw risk class [LOW]. Contributions (ML: 0.0001 risk weight). Cross-modal concordance: [SINGLE_MODALITY]. No active safety escalations triggered. Final assigned risk is [LOW].
TCGA-L3-A4E7,0.0013,LOW,LOW,0.6439,SINGLE_MODALITY,['ML'],"['DL', 'NLP']",MODERATE,,,SINGLE_MODALITY,False,No active safety alerts.,0,[],[],[],Patient TCGA-L3-A4E7 evaluated under evidence level [SINGLE_MODALITY]. Synthesized integrated score is 0.0013 yielding raw risk class [LOW]. Contributions (ML: 0.0013 risk weight). Cross-modal concordance: [SINGLE_MODALITY]. No active safety escalations triggered. Final assigned risk is [LOW].
TCGA-99-8033,0.9989,HIGH,HIGH,0.6493,SINGLE_MODALITY,['ML'],"['DL', 'NLP']",HIGH,,,SINGLE_MODALITY,True,"Elevated risk patient with incomplete modality coverage (Missing: ['DL', 'NLP']). Clinician review recommended.",0,[],[],[],"Patient TCGA-99-8033 evaluated under evidence level [SINGLE_MODALITY]. Synthesized integrated score is 0.9989 yielding raw risk class [HIGH]. Contributions (ML: 0.9989 risk weight). Cross-modal concordance: [SINGLE_MODALITY]. Safety Net Override: Elevated risk patient with incomplete modality coverage (Missing: ['DL', 'NLP']). Clinician review recommended. Final assigned risk is [HIGH]."
TCGA-CN-A49C,0.0178,LOW,LOW,0.6382,SINGLE_MODALITY,['ML'],"['DL', 'NLP']",MODERATE,,,SINGLE_MODALITY,False,No active safety alerts.,0,[],[],[],Patient TCGA-CN-A49C evaluated under evidence level [SINGLE_MODALITY]. Synthesized integrated score is 0.0178 yielding raw risk class [LOW]. Contributions (ML: 0.0178 risk weight). Cross-modal concordance: [SINGLE_MODALITY]. No active safety escalations triggered. Final assigned risk is [LOW].
TCGA-66-2734,0.0001,LOW,LOW,0.6456,SINGLE_MODALITY,['ML'],"['DL', 'NLP']",LOW,,,SINGLE_MODALITY,False,No active safety alerts.,0,[],[],[],Patient TCGA-66-2734 evaluated under evidence level [SINGLE_MODALITY]. Synthesized integrated score is 0.0001 yielding raw risk class [LOW]. Contributions (ML: 0.0001 risk weight). Cross-modal concordance: [SINGLE_MODALITY]. No active safety escalations triggered. Final assigned risk is [LOW].
TCGA-49-AARR,0.0,LOW,LOW,0.6498,SINGLE_MODALITY,['ML'],"['DL', 'NLP']",LOW,,,SINGLE_MODALITY,False,No active safety alerts.,0,[],[],[],Patient TCGA-49-AARR evaluated under evidence level [SINGLE_MODALITY]. Synthesized integrated score is 0.0000 yielding raw risk class [LOW]. Contributions (ML: 0.0000 risk weight). Cross-modal concordance: [SINGLE_MODALITY]. No active safety escalations triggered. Final assigned risk is [LOW].
TCGA-55-6971,0.0045,LOW,LOW,0.5615,SINGLE_MODALITY,['ML'],"['DL', 'NLP']",LOW,,,SINGLE_MODALITY,False,No active safety alerts.,0,[],[],[],Patient TCGA-55-6971 evaluated under evidence level [SINGLE_MODALITY]. Synthesized integrated score is 0.0045 yielding raw risk class [LOW]. Contributions (ML: 0.0045 risk weight). Cross-modal concordance: [SINGLE_MODALITY]. No active safety escalations triggered. Final assigned risk is [LOW].
TCGA-AK-3443,0.0015,LOW,LOW,0.6461,SINGLE_MODALITY,['ML'],"['DL', 'NLP']",MODERATE,,,SINGLE_MODALITY,False,No active safety alerts.,0,[],[],[],Patient TCGA-AK-3443 evaluated under evidence level [SINGLE_MODALITY]. Synthesized integrated score is 0.0015 yielding raw risk class [LOW]. Contributions (ML: 0.0015 risk weight). Cross-modal concordance: [SINGLE_MODALITY]. No active safety escalations triggered. Final assigned risk is [LOW].
TCGA-DK-AA6Q,0.9996,HIGH,HIGH,0.6497,SINGLE_MODALITY,['ML'],"['DL', 'NLP']",HIGH,,,SINGLE_MODALITY,True,"Elevated risk patient with incomplete modality coverage (Missing: ['DL', 'NLP']). Clinician review recommended.",0,[],[],[],"Patient TCGA-DK-AA6Q evaluated under evidence level [SINGLE_MODALITY]. Synthesized integrated score is 0.9996 yielding raw risk class [HIGH]. Contributions (ML: 0.9996 risk weight). Cross-modal concordance: [SINGLE_MODALITY]. Safety Net Override: Elevated risk patient with incomplete modality coverage (Missing: ['DL', 'NLP']). Clinician review recommended. Final assigned risk is [HIGH]."
TCGA-UF-A7JO,0.9991,HIGH,HIGH,0.6494,SINGLE_MODALITY,['ML'],"['DL', 'NLP']",HIGH,,,SINGLE_MODALITY,True,"Elevated risk patient with incomplete modality coverage (Missing: ['DL', 'NLP']). Clinician review recommended.",0,[],[],[],"Patient TCGA-UF-A7JO evaluated under evidence level [SINGLE_MODALITY]. Synthesized integrated score is 0.9991 yielding raw risk class [HIGH]. Contributions (ML: 0.9991 risk weight). Cross-modal concordance: [SINGLE_MODALITY]. Safety Net Override: Elevated risk patient with incomplete modality coverage (Missing: ['DL', 'NLP']). Clinician review recommended. Final assigned risk is [HIGH]."
TCGA-44-6145,0.0,LOW,LOW,0.6498,SINGLE_MODALITY,['ML'],"['DL', 'NLP']",LOW,,,SINGLE_MODALITY,False,No active safety alerts.,0,[],[],[],Patient TCGA-44-6145 evaluated under evidence level [SINGLE_MODALITY]. Synthesized integrated score is 0.0000 yielding raw risk class [LOW]. Contributions (ML: 0.0000 risk weight). Cross-modal concordance: [SINGLE_MODALITY]. No active safety escalations triggered. Final assigned risk is [LOW].
TCGA-49-AARE,0.0002,LOW,LOW,0.6448,SINGLE_MODALITY,['ML'],"['DL', 'NLP']",LOW,,,SINGLE_MODALITY,False,No active safety alerts.,0,[],[],[],Patient TCGA-49-AARE evaluated under evidence level [SINGLE_MODALITY]. Synthesized integrated score is 0.0002 yielding raw risk class [LOW]. Contributions (ML: 0.0002 risk weight). Cross-modal concordance: [SINGLE_MODALITY]. No active safety escalations triggered. Final assigned risk is [LOW].
TCGA-E2-A105,0.0,LOW,LOW,0.6451,SINGLE_MODALITY,['ML'],"['DL', 'NLP']",LOW,,,SINGLE_MODALITY,False,No active safety alerts.,0,[],[],[],Patient TCGA-E2-A105 evaluated under evidence level [SINGLE_MODALITY]. Synthesized integrated score is 0.0000 yielding raw risk class [LOW]. Contributions (ML: 0.0000 risk weight). Cross-modal concordance: [SINGLE_MODALITY]. No active safety escalations triggered. Final assigned risk is [LOW].
TCGA-FS-A1ZG,0.0309,LOW,LOW,0.6184,SINGLE_MODALITY,['ML'],"['DL', 'NLP']",MODERATE,,,SINGLE_MODALITY,False,No active safety alerts.,0,[],[],[],Patient TCGA-FS-A1ZG evaluated under evidence level [SINGLE_MODALITY]. Synthesized integrated score is 0.0309 yielding raw risk class [LOW]. Contributions (ML: 0.0309 risk weight). Cross-modal concordance: [SINGLE_MODALITY]. No active safety escalations triggered. Final assigned risk is [LOW].
TCGA-J4-AAU2,0.0322,LOW,LOW,0.6259,SINGLE_MODALITY,['ML'],"['DL', 'NLP']",MODERATE,,,SINGLE_MODALITY,False,No active safety alerts.,0,[],[],[],Patient TCGA-J4-AAU2 evaluated under evidence level [SINGLE_MODALITY]. Synthesized integrated score is 0.0322 yielding raw risk class [LOW]. Contributions (ML: 0.0322 risk weight). Cross-modal concordance: [SINGLE_MODALITY]. No active safety escalations triggered. Final assigned risk is [LOW].
TCGA-BP-4784,0.0005,LOW,LOW,0.5681,SINGLE_MODALITY,['ML'],"['DL', 'NLP']",LOW,,,SINGLE_MODALITY,False,No active safety alerts.,0,[],[],[],Patient TCGA-BP-4784 evaluated under evidence level [SINGLE_MODALITY]. Synthesized integrated score is 0.0005 yielding raw risk class [LOW]. Contributions (ML: 0.0005 risk weight). Cross-modal concordance: [SINGLE_MODALITY]. No active safety escalations triggered. Final assigned risk is [LOW].
TCGA-A7-A6VW,0.0007,LOW,LOW,0.6482,SINGLE_MODALITY,['ML'],"['DL', 'NLP']",MODERATE,,,SINGLE_MODALITY,False,No active safety alerts.,0,[],[],[],Patient TCGA-A7-A6VW evaluated under evidence level [SINGLE_MODALITY]. Synthesized integrated score is 0.0007 yielding raw risk class [LOW]. Contributions (ML: 0.0007 risk weight). Cross-modal concordance: [SINGLE_MODALITY]. No active safety escalations triggered. Final assigned risk is [LOW].
TCGA-AA-A01Q,0.0118,LOW,LOW,0.6421,SINGLE_MODALITY,['ML'],"['DL', 'NLP']",MODERATE,,,SINGLE_MODALITY,False,No active safety alerts.,0,[],[],[],Patient TCGA-AA-A01Q evaluated under evidence level [SINGLE_MODALITY]. Synthesized integrated score is 0.0118 yielding raw risk class [LOW]. Contributions (ML: 0.0118 risk weight). Cross-modal concordance: [SINGLE_MODALITY]. No active safety escalations triggered. Final assigned risk is [LOW].
TCGA-RP-A6K9,0.0014,LOW,LOW,0.6462,SINGLE_MODALITY,['ML'],"['DL', 'NLP']",MODERATE,,,SINGLE_MODALITY,False,No active safety alerts.,0,[],[],[],Patient TCGA-RP-A6K9 evaluated under evidence level [SINGLE_MODALITY]. Synthesized integrated score is 0.0014 yielding raw risk class [LOW]. Contributions (ML: 0.0014 risk weight). Cross-modal concordance: [SINGLE_MODALITY]. No active safety escalations triggered. Final assigned risk is [LOW].
TCGA-DK-AA6U,0.0498,LOW,LOW,0.617,SINGLE_MODALITY,['ML'],"['DL', 'NLP']",MODERATE,,,SINGLE_MODALITY,False,No active safety alerts.,0,[],[],[],Patient TCGA-DK-AA6U evaluated under evidence level [SINGLE_MODALITY]. Synthesized integrated score is 0.0498 yielding raw risk class [LOW]. Contributions (ML: 0.0498 risk weight). Cross-modal concordance: [SINGLE_MODALITY]. No active safety escalations triggered. Final assigned risk is [LOW].
TCGA-FV-A2QQ,0.0001,LOW,LOW,0.6401,SINGLE_MODALITY,['ML'],"['DL', 'NLP']",LOW,,,SINGLE_MODALITY,False,No active safety alerts.,0,[],[],[],Patient TCGA-FV-A2QQ evaluated under evidence level [SINGLE_MODALITY]. Synthesized integrated score is 0.0001 yielding raw risk class [LOW]. Contributions (ML: 0.0001 risk weight). Cross-modal concordance: [SINGLE_MODALITY]. No active safety escalations triggered. Final assigned risk is [LOW].
TCGA-AK-3465,0.0028,LOW,LOW,0.5887,SINGLE_MODALITY,['ML'],"['DL', 'NLP']",LOW,,,SINGLE_MODALITY,False,No active safety alerts.,0,[],[],[],Patient TCGA-AK-3465 evaluated under evidence level [SINGLE_MODALITY]. Synthesized integrated score is 0.0028 yielding raw risk class [LOW]. Contributions (ML: 0.0028 risk weight). Cross-modal concordance: [SINGLE_MODALITY]. No active safety escalations triggered. Final assigned risk is [LOW].
TCGA-AC-A23G,0.0001,LOW,LOW,0.6458,SINGLE_MODALITY,['ML'],"['DL', 'NLP']",LOW,,,SINGLE_MODALITY,False,No active safety alerts.,0,[],[],[],Patient TCGA-AC-A23G evaluated under evidence level [SINGLE_MODALITY]. Synthesized integrated score is 0.0001 yielding raw risk class [LOW]. Contributions (ML: 0.0001 risk weight). Cross-modal concordance: [SINGLE_MODALITY]. No active safety escalations triggered. Final assigned risk is [LOW].
TCGA-CV-5976,0.9996,HIGH,HIGH,0.6497,SINGLE_MODALITY,['ML'],"['DL', 'NLP']",HIGH,,,SINGLE_MODALITY,True,"Elevated risk patient with incomplete modality coverage (Missing: ['DL', 'NLP']). Clinician review recommended.",0,[],[],[],"Patient TCGA-CV-5976 evaluated under evidence level [SINGLE_MODALITY]. Synthesized integrated score is 0.9996 yielding raw risk class [HIGH]. Contributions (ML: 0.9996 risk weight). Cross-modal concordance: [SINGLE_MODALITY]. Safety Net Override: Elevated risk patient with incomplete modality coverage (Missing: ['DL', 'NLP']). Clinician review recommended. Final assigned risk is [HIGH]."
TCGA-FW-A3I3,0.999,HIGH,HIGH,0.6493,SINGLE_MODALITY,['ML'],"['DL', 'NLP']",HIGH,,,SINGLE_MODALITY,True,"Elevated risk patient with incomplete modality coverage (Missing: ['DL', 'NLP']). Clinician review recommended.",0,[],[],[],"Patient TCGA-FW-A3I3 evaluated under evidence level [SINGLE_MODALITY]. Synthesized integrated score is 0.9990 yielding raw risk class [HIGH]. Contributions (ML: 0.9990 risk weight). Cross-modal concordance: [SINGLE_MODALITY]. Safety Net Override: Elevated risk patient with incomplete modality coverage (Missing: ['DL', 'NLP']). Clinician review recommended. Final assigned risk is [HIGH]."
TCGA-A7-A4SF,0.0,LOW,LOW,0.6456,SINGLE_MODALITY,['ML'],"['DL', 'NLP']",LOW,,,SINGLE_MODALITY,False,No active safety alerts.,0,[],[],[],Patient TCGA-A7-A4SF evaluated under evidence level [SINGLE_MODALITY]. Synthesized integrated score is 0.0000 yielding raw risk class [LOW]. Contributions (ML: 0.0000 risk weight). Cross-modal concordance: [SINGLE_MODALITY]. No active safety escalations triggered. Final assigned risk is [LOW].
TCGA-E2-A14U,0.0,LOW,LOW,0.6497,SINGLE_MODALITY,['ML'],"['DL', 'NLP']",LOW,,,SINGLE_MODALITY,False,No active safety alerts.,0,[],[],[],Patient TCGA-E2-A14U evaluated under evidence level [SINGLE_MODALITY]. Synthesized integrated score is 0.0000 yielding raw risk class [LOW]. Contributions (ML: 0.0000 risk weight). Cross-modal concordance: [SINGLE_MODALITY]. No active safety escalations triggered. Final assigned risk is [LOW].
MIP-PROSTATE-01-0001,0.12,LOW,LOW,0.494,SINGLE_MODALITY,['DL'],"['ML', 'NLP']",,MODERATE,,SINGLE_MODALITY,False,No active safety alerts.,0,[],[],[],Patient MIP-PROSTATE-01-0001 evaluated under evidence level [SINGLE_MODALITY]. Synthesized integrated score is 0.1200 yielding raw risk class [LOW]. Contributions (DL: 0.1200 risk weight). Cross-modal concordance: [SINGLE_MODALITY]. No active safety escalations triggered. Final assigned risk is [LOW].
TCGA-05-4245,0.12,LOW,LOW,0.494,SINGLE_MODALITY,['DL'],"['ML', 'NLP']",,MODERATE,,SINGLE_MODALITY,False,No active safety alerts.,0,[],[],[],Patient TCGA-05-4245 evaluated under evidence level [SINGLE_MODALITY]. Synthesized integrated score is 0.1200 yielding raw risk class [LOW]. Contributions (DL: 0.1200 risk weight). Cross-modal concordance: [SINGLE_MODALITY]. No active safety escalations triggered. Final assigned risk is [LOW].
SYNTH_PAT_00909,0.3021,MODERATE,LOW,0.6365,SINGLE_MODALITY,['NLP'],"['ML', 'DL']",,,HIGH,SINGLE_MODALITY,True,"Acute clinical text probability P(HIGH)=0.3021 >= 0.3; escalated LOW to MODERATE.; Elevated risk patient with incomplete modality coverage (Missing: ['ML', 'DL']). Clinician review recommended.",34,[],[],[],"Patient SYNTH_PAT_00909 evaluated under evidence level [SINGLE_MODALITY]. Synthesized integrated score is 0.3021 yielding raw risk class [LOW]. Contributions (NLP: 0.3021 risk weight). Cross-modal concordance: [SINGLE_MODALITY]. Safety Net Override: Acute clinical text probability P(HIGH)=0.3021 >= 0.3; escalated LOW to MODERATE.; Elevated risk patient with incomplete modality coverage (Missing: ['ML', 'DL']). Clinician review recommended. Final assigned risk is [MODERATE]."
SYNTH_PAT_00568,0.1189,LOW,LOW,0.6351,SINGLE_MODALITY,['NLP'],"['ML', 'DL']",,,HIGH,SINGLE_MODALITY,False,No active safety alerts.,36,[],[],[],Patient SYNTH_PAT_00568 evaluated under evidence level [SINGLE_MODALITY]. Synthesized integrated score is 0.1189 yielding raw risk class [LOW]. Contributions (NLP: 0.1189 risk weight). Cross-modal concordance: [SINGLE_MODALITY]. No active safety escalations triggered. Final assigned risk is [LOW].
SYNTH_PAT_01894,0.5647,MODERATE,MODERATE,0.6315,SINGLE_MODALITY,['NLP'],"['ML', 'DL']",,,HIGH,SINGLE_MODALITY,True,"Elevated risk patient with incomplete modality coverage (Missing: ['ML', 'DL']). Clinician review recommended.",34,[],[],[],"Patient SYNTH_PAT_01894 evaluated under evidence level [SINGLE_MODALITY]. Synthesized integrated score is 0.5647 yielding raw risk class [MODERATE]. Contributions (NLP: 0.5647 risk weight). Cross-modal concordance: [SINGLE_MODALITY]. Safety Net Override: Elevated risk patient with incomplete modality coverage (Missing: ['ML', 'DL']). Clinician review recommended. Final assigned risk is [MODERATE]."
SYNTH_PAT_00249,0.4136,MODERATE,MODERATE,0.6315,SINGLE_MODALITY,['NLP'],"['ML', 'DL']",,,HIGH,SINGLE_MODALITY,True,"Elevated risk patient with incomplete modality coverage (Missing: ['ML', 'DL']). Clinician review recommended.",34,[],[],[],"Patient SYNTH_PAT_00249 evaluated under evidence level [SINGLE_MODALITY]. Synthesized integrated score is 0.4136 yielding raw risk class [MODERATE]. Contributions (NLP: 0.4136 risk weight). Cross-modal concordance: [SINGLE_MODALITY]. Safety Net Override: Elevated risk patient with incomplete modality coverage (Missing: ['ML', 'DL']). Clinician review recommended. Final assigned risk is [MODERATE]."
SYNTH_PAT_01124,0.358,MODERATE,MODERATE,0.6345,SINGLE_MODALITY,['NLP'],"['ML', 'DL']",,,HIGH,SINGLE_MODALITY,True,"Elevated risk patient with incomplete modality coverage (Missing: ['ML', 'DL']). Clinician review recommended.",32,[],[],[],"Patient SYNTH_PAT_01124 evaluated under evidence level [SINGLE_MODALITY]. Synthesized integrated score is 0.3580 yielding raw risk class [MODERATE]. Contributions (NLP: 0.3580 risk weight). Cross-modal concordance: [SINGLE_MODALITY]. Safety Net Override: Elevated risk patient with incomplete modality coverage (Missing: ['ML', 'DL']). Clinician review recommended. Final assigned risk is [MODERATE]."
SYNTH_PAT_02036,0.4062,MODERATE,MODERATE,0.6304,SINGLE_MODALITY,['NLP'],"['ML', 'DL']",,,HIGH,SINGLE_MODALITY,True,"Elevated risk patient with incomplete modality coverage (Missing: ['ML', 'DL']). Clinician review recommended.",31,[],[],[],"Patient SYNTH_PAT_02036 evaluated under evidence level [SINGLE_MODALITY]. Synthesized integrated score is 0.4062 yielding raw risk class [MODERATE]. Contributions (NLP: 0.4062 risk weight). Cross-modal concordance: [SINGLE_MODALITY]. Safety Net Override: Elevated risk patient with incomplete modality coverage (Missing: ['ML', 'DL']). Clinician review recommended. Final assigned risk is [MODERATE]."
SYNTH_PAT_02216,0.2152,LOW,LOW,0.6343,SINGLE_MODALITY,['NLP'],"['ML', 'DL']",,,HIGH,SINGLE_MODALITY,False,No active safety alerts.,32,[],[],[],Patient SYNTH_PAT_02216 evaluated under evidence level [SINGLE_MODALITY]. Synthesized integrated score is 0.2152 yielding raw risk class [LOW]. Contributions (NLP: 0.2152 risk weight). Cross-modal concordance: [SINGLE_MODALITY]. No active safety escalations triggered. Final assigned risk is [LOW].
SYNTH_PAT_00412,0.481,MODERATE,MODERATE,0.6278,SINGLE_MODALITY,['NLP'],"['ML', 'DL']",,,HIGH,SINGLE_MODALITY,True,"Elevated risk patient with incomplete modality coverage (Missing: ['ML', 'DL']). Clinician review recommended.",36,[],[],[],"Patient SYNTH_PAT_00412 evaluated under evidence level [SINGLE_MODALITY]. Synthesized integrated score is 0.4810 yielding raw risk class [MODERATE]. Contributions (NLP: 0.4810 risk weight). Cross-modal concordance: [SINGLE_MODALITY]. Safety Net Override: Elevated risk patient with incomplete modality coverage (Missing: ['ML', 'DL']). Clinician review recommended. Final assigned risk is [MODERATE]."
SYNTH_PAT_00226,0.4232,MODERATE,MODERATE,0.628,SINGLE_MODALITY,['NLP'],"['ML', 'DL']",,,HIGH,SINGLE_MODALITY,True,"Elevated risk patient with incomplete modality coverage (Missing: ['ML', 'DL']). Clinician review recommended.",36,[],[],[],"Patient SYNTH_PAT_00226 evaluated under evidence level [SINGLE_MODALITY]. Synthesized integrated score is 0.4232 yielding raw risk class [MODERATE]. Contributions (NLP: 0.4232 risk weight). Cross-modal concordance: [SINGLE_MODALITY]. Safety Net Override: Elevated risk patient with incomplete modality coverage (Missing: ['ML', 'DL']). Clinician review recommended. Final assigned risk is [MODERATE]."
SYNTH_PAT_01084,0.2324,LOW,LOW,0.6351,SINGLE_MODALITY,['NLP'],"['ML', 'DL']",,,HIGH,SINGLE_MODALITY,False,No active safety alerts.,36,[],[],[],Patient SYNTH_PAT_01084 evaluated under evidence level [SINGLE_MODALITY]. Synthesized integrated score is 0.2324 yielding raw risk class [LOW]. Contributions (NLP: 0.2324 risk weight). Cross-modal concordance: [SINGLE_MODALITY]. No active safety escalations triggered. Final assigned risk is [LOW].
SYNTH_PAT_01705,0.6677,HIGH,HIGH,0.6343,SINGLE_MODALITY,['NLP'],"['ML', 'DL']",,,HIGH,SINGLE_MODALITY,True,"Elevated risk patient with incomplete modality coverage (Missing: ['ML', 'DL']). Clinician review recommended.",31,[],[],[],"Patient SYNTH_PAT_01705 evaluated under evidence level [SINGLE_MODALITY]. Synthesized integrated score is 0.6677 yielding raw risk class [HIGH]. Contributions (NLP: 0.6677 risk weight). Cross-modal concordance: [SINGLE_MODALITY]. Safety Net Override: Elevated risk patient with incomplete modality coverage (Missing: ['ML', 'DL']). Clinician review recommended. Final assigned risk is [HIGH]."
SYNTH_PAT_00683,0.6006,MODERATE,MODERATE,0.6345,SINGLE_MODALITY,['NLP'],"['ML', 'DL']",,,HIGH,SINGLE_MODALITY,True,"Elevated risk patient with incomplete modality coverage (Missing: ['ML', 'DL']). Clinician review recommended.",34,[],[],[],"Patient SYNTH_PAT_00683 evaluated under evidence level [SINGLE_MODALITY]. Synthesized integrated score is 0.6006 yielding raw risk class [MODERATE]. Contributions (NLP: 0.6006 risk weight). Cross-modal concordance: [SINGLE_MODALITY]. Safety Net Override: Elevated risk patient with incomplete modality coverage (Missing: ['ML', 'DL']). Clinician review recommended. Final assigned risk is [MODERATE]."
SYNTH_PAT_02368,0.5986,MODERATE,MODERATE,0.6284,SINGLE_MODALITY,['NLP'],"['ML', 'DL']",,,HIGH,SINGLE_MODALITY,True,"Elevated risk patient with incomplete modality coverage (Missing: ['ML', 'DL']). Clinician review recommended.",31,[],[],[],"Patient SYNTH_PAT_02368 evaluated under evidence level [SINGLE_MODALITY]. Synthesized integrated score is 0.5986 yielding raw risk class [MODERATE]. Contributions (NLP: 0.5986 risk weight). Cross-modal concordance: [SINGLE_MODALITY]. Safety Net Override: Elevated risk patient with incomplete modality coverage (Missing: ['ML', 'DL']). Clinician review recommended. Final assigned risk is [MODERATE]."
SYNTH_PAT_02155,0.2324,LOW,LOW,0.6348,SINGLE_MODALITY,['NLP'],"['ML', 'DL']",,,HIGH,SINGLE_MODALITY,False,No active safety alerts.,36,[],[],[],Patient SYNTH_PAT_02155 evaluated under evidence level [SINGLE_MODALITY]. Synthesized integrated score is 0.2324 yielding raw risk class [LOW]. Contributions (NLP: 0.2324 risk weight). Cross-modal concordance: [SINGLE_MODALITY]. No active safety escalations triggered. Final assigned risk is [LOW].
SYNTH_PAT_01520,0.4705,MODERATE,MODERATE,0.6259,SINGLE_MODALITY,['NLP'],"['ML', 'DL']",,,HIGH,SINGLE_MODALITY,True,"Elevated risk patient with incomplete modality coverage (Missing: ['ML', 'DL']). Clinician review recommended.",32,[],[],[],"Patient SYNTH_PAT_01520 evaluated under evidence level [SINGLE_MODALITY]. Synthesized integrated score is 0.4705 yielding raw risk class [MODERATE]. Contributions (NLP: 0.4705 risk weight). Cross-modal concordance: [SINGLE_MODALITY]. Safety Net Override: Elevated risk patient with incomplete modality coverage (Missing: ['ML', 'DL']). Clinician review recommended. Final assigned risk is [MODERATE]."
SYNTH_PAT_00804,0.4835,MODERATE,MODERATE,0.6358,SINGLE_MODALITY,['NLP'],"['ML', 'DL']",,,HIGH,SINGLE_MODALITY,True,"Elevated risk patient with incomplete modality coverage (Missing: ['ML', 'DL']). Clinician review recommended.",33,[],[],[],"Patient SYNTH_PAT_00804 evaluated under evidence level [SINGLE_MODALITY]. Synthesized integrated score is 0.4835 yielding raw risk class [MODERATE]. Contributions (NLP: 0.4835 risk weight). Cross-modal concordance: [SINGLE_MODALITY]. Safety Net Override: Elevated risk patient with incomplete modality coverage (Missing: ['ML', 'DL']). Clinician review recommended. Final assigned risk is [MODERATE]."
SYNTH_PAT_01509,0.1789,LOW,LOW,0.6308,SINGLE_MODALITY,['NLP'],"['ML', 'DL']",,,HIGH,SINGLE_MODALITY,False,No active safety alerts.,36,[],[],[],Patient SYNTH_PAT_01509 evaluated under evidence level [SINGLE_MODALITY]. Synthesized integrated score is 0.1789 yielding raw risk class [LOW]. Contributions (NLP: 0.1789 risk weight). Cross-modal concordance: [SINGLE_MODALITY]. No active safety escalations triggered. Final assigned risk is [LOW].
SYNTH_PAT_01012,0.2162,LOW,LOW,0.6348,SINGLE_MODALITY,['NLP'],"['ML', 'DL']",,,HIGH,SINGLE_MODALITY,False,No active safety alerts.,41,[],[],[],Patient SYNTH_PAT_01012 evaluated under evidence level [SINGLE_MODALITY]. Synthesized integrated score is 0.2162 yielding raw risk class [LOW]. Contributions (NLP: 0.2162 risk weight). Cross-modal concordance: [SINGLE_MODALITY]. No active safety escalations triggered. Final assigned risk is [LOW].
SYNTH_PAT_01983,0.4452,MODERATE,MODERATE,0.6339,SINGLE_MODALITY,['NLP'],"['ML', 'DL']",,,HIGH,SINGLE_MODALITY,True,"Elevated risk patient with incomplete modality coverage (Missing: ['ML', 'DL']). Clinician review recommended.",34,[],[],[],"Patient SYNTH_PAT_01983 evaluated under evidence level [SINGLE_MODALITY]. Synthesized integrated score is 0.4452 yielding raw risk class [MODERATE]. Contributions (NLP: 0.4452 risk weight). Cross-modal concordance: [SINGLE_MODALITY]. Safety Net Override: Elevated risk patient with incomplete modality coverage (Missing: ['ML', 'DL']). Clinician review recommended. Final assigned risk is [MODERATE]."
SYNTH_PAT_01369,0.3819,MODERATE,MODERATE,0.6226,SINGLE_MODALITY,['NLP'],"['ML', 'DL']",,,HIGH,SINGLE_MODALITY,True,"Elevated risk patient with incomplete modality coverage (Missing: ['ML', 'DL']). Clinician review recommended.",35,[],[],[],"Patient SYNTH_PAT_01369 evaluated under evidence level [SINGLE_MODALITY]. Synthesized integrated score is 0.3819 yielding raw risk class [MODERATE]. Contributions (NLP: 0.3819 risk weight). Cross-modal concordance: [SINGLE_MODALITY]. Safety Net Override: Elevated risk patient with incomplete modality coverage (Missing: ['ML', 'DL']). Clinician review recommended. Final assigned risk is [MODERATE]."
SYNTH_PAT_00704,0.301,MODERATE,LOW,0.6326,SINGLE_MODALITY,['NLP'],"['ML', 'DL']",,,HIGH,SINGLE_MODALITY,True,"Acute clinical text probability P(HIGH)=0.301 >= 0.3; escalated LOW to MODERATE.; Elevated risk patient with incomplete modality coverage (Missing: ['ML', 'DL']). Clinician review recommended.",32,[],[],[],"Patient SYNTH_PAT_00704 evaluated under evidence level [SINGLE_MODALITY]. Synthesized integrated score is 0.3010 yielding raw risk class [LOW]. Contributions (NLP: 0.3010 risk weight). Cross-modal concordance: [SINGLE_MODALITY]. Safety Net Override: Acute clinical text probability P(HIGH)=0.301 >= 0.3; escalated LOW to MODERATE.; Elevated risk patient with incomplete modality coverage (Missing: ['ML', 'DL']). Clinician review recommended. Final assigned risk is [MODERATE]."
SYNTH_PAT_01490,0.3008,MODERATE,LOW,0.6363,SINGLE_MODALITY,['NLP'],"['ML', 'DL']",,,HIGH,SINGLE_MODALITY,True,"Acute clinical text probability P(HIGH)=0.3008 >= 0.3; escalated LOW to MODERATE.; Elevated risk patient with incomplete modality coverage (Missing: ['ML', 'DL']). Clinician review recommended.",33,[],[],[],"Patient SYNTH_PAT_01490 evaluated under evidence level [SINGLE_MODALITY]. Synthesized integrated score is 0.3008 yielding raw risk class [LOW]. Contributions (NLP: 0.3008 risk weight). Cross-modal concordance: [SINGLE_MODALITY]. Safety Net Override: Acute clinical text probability P(HIGH)=0.3008 >= 0.3; escalated LOW to MODERATE.; Elevated risk patient with incomplete modality coverage (Missing: ['ML', 'DL']). Clinician review recommended. Final assigned risk is [MODERATE]."
SYNTH_PAT_00854,0.4111,MODERATE,MODERATE,0.6262,SINGLE_MODALITY,['NLP'],"['ML', 'DL']",,,HIGH,SINGLE_MODALITY,True,"Elevated risk patient with incomplete modality coverage (Missing: ['ML', 'DL']). Clinician review recommended.",32,[],[],[],"Patient SYNTH_PAT_00854 evaluated under evidence level [SINGLE_MODALITY]. Synthesized integrated score is 0.4111 yielding raw risk class [MODERATE]. Contributions (NLP: 0.4111 risk weight). Cross-modal concordance: [SINGLE_MODALITY]. Safety Net Override: Elevated risk patient with incomplete modality coverage (Missing: ['ML', 'DL']). Clinician review recommended. Final assigned risk is [MODERATE]."
SYNTH_PAT_00907,0.3001,MODERATE,LOW,0.6282,SINGLE_MODALITY,['NLP'],"['ML', 'DL']",,,HIGH,SINGLE_MODALITY,True,"Acute clinical text probability P(HIGH)=0.3001 >= 0.3; escalated LOW to MODERATE.; Elevated risk patient with incomplete modality coverage (Missing: ['ML', 'DL']). Clinician review recommended.",33,[],[],[],"Patient SYNTH_PAT_00907 evaluated under evidence level [SINGLE_MODALITY]. Synthesized integrated score is 0.3001 yielding raw risk class [LOW]. Contributions (NLP: 0.3001 risk weight). Cross-modal concordance: [SINGLE_MODALITY]. Safety Net Override: Acute clinical text probability P(HIGH)=0.3001 >= 0.3; escalated LOW to MODERATE.; Elevated risk patient with incomplete modality coverage (Missing: ['ML', 'DL']). Clinician review recommended. Final assigned risk is [MODERATE]."
SYNTH_PAT_01270,0.0394,LOW,LOW,0.6357,SINGLE_MODALITY,['NLP'],"['ML', 'DL']",,,MODERATE,SINGLE_MODALITY,False,No active safety alerts.,36,[],[],[],Patient SYNTH_PAT_01270 evaluated under evidence level [SINGLE_MODALITY]. Synthesized integrated score is 0.0394 yielding raw risk class [LOW]. Contributions (NLP: 0.0394 risk weight). Cross-modal concordance: [SINGLE_MODALITY]. No active safety escalations triggered. Final assigned risk is [LOW].
SYNTH_PAT_00303,0.3822,MODERATE,MODERATE,0.6261,SINGLE_MODALITY,['NLP'],"['ML', 'DL']",,,HIGH,SINGLE_MODALITY,True,"Elevated risk patient with incomplete modality coverage (Missing: ['ML', 'DL']). Clinician review recommended.",35,[],[],[],"Patient SYNTH_PAT_00303 evaluated under evidence level [SINGLE_MODALITY]. Synthesized integrated score is 0.3822 yielding raw risk class [MODERATE]. Contributions (NLP: 0.3822 risk weight). Cross-modal concordance: [SINGLE_MODALITY]. Safety Net Override: Elevated risk patient with incomplete modality coverage (Missing: ['ML', 'DL']). Clinician review recommended. Final assigned risk is [MODERATE]."
SYNTH_PAT_01791,0.2452,LOW,LOW,0.6334,SINGLE_MODALITY,['NLP'],"['ML', 'DL']",,,HIGH,SINGLE_MODALITY,False,No active safety alerts.,34,[],[],[],Patient SYNTH_PAT_01791 evaluated under evidence level [SINGLE_MODALITY]. Synthesized integrated score is 0.2452 yielding raw risk class [LOW]. Contributions (NLP: 0.2452 risk weight). Cross-modal concordance: [SINGLE_MODALITY]. No active safety escalations triggered. Final assigned risk is [LOW].
SYNTH_PAT_00684,0.5591,MODERATE,MODERATE,0.6369,SINGLE_MODALITY,['NLP'],"['ML', 'DL']",,,HIGH,SINGLE_MODALITY,True,"Elevated risk patient with incomplete modality coverage (Missing: ['ML', 'DL']). Clinician review recommended.",33,[],[],[],"Patient SYNTH_PAT_00684 evaluated under evidence level [SINGLE_MODALITY]. Synthesized integrated score is 0.5591 yielding raw risk class [MODERATE]. Contributions (NLP: 0.5591 risk weight). Cross-modal concordance: [SINGLE_MODALITY]. Safety Net Override: Elevated risk patient with incomplete modality coverage (Missing: ['ML', 'DL']). Clinician review recommended. Final assigned risk is [MODERATE]."
SYNTH_PAT_01779,0.4883,MODERATE,MODERATE,0.6288,SINGLE_MODALITY,['NLP'],"['ML', 'DL']",,,HIGH,SINGLE_MODALITY,True,"Elevated risk patient with incomplete modality coverage (Missing: ['ML', 'DL']). Clinician review recommended.",34,[],[],[],"Patient SYNTH_PAT_01779 evaluated under evidence level [SINGLE_MODALITY]. Synthesized integrated score is 0.4883 yielding raw risk class [MODERATE]. Contributions (NLP: 0.4883 risk weight). Cross-modal concordance: [SINGLE_MODALITY]. Safety Net Override: Elevated risk patient with incomplete modality coverage (Missing: ['ML', 'DL']). Clinician review recommended. Final assigned risk is [MODERATE]."
SYNTH_PAT_01029,0.1803,LOW,LOW,0.623,SINGLE_MODALITY,['NLP'],"['ML', 'DL']",,,HIGH,SINGLE_MODALITY,False,No active safety alerts.,42,[],[],[],Patient SYNTH_PAT_01029 evaluated under evidence level [SINGLE_MODALITY]. Synthesized integrated score is 0.1803 yielding raw risk class [LOW]. Contributions (NLP: 0.1803 risk weight). Cross-modal concordance: [SINGLE_MODALITY]. No active safety escalations triggered. Final assigned risk is [LOW].
SYNTH_PAT_01122,0.3024,MODERATE,LOW,0.6323,SINGLE_MODALITY,['NLP'],"['ML', 'DL']",,,HIGH,SINGLE_MODALITY,True,"Acute clinical text probability P(HIGH)=0.3024 >= 0.3; escalated LOW to MODERATE.; Elevated risk patient with incomplete modality coverage (Missing: ['ML', 'DL']). Clinician review recommended.",31,[],[],[],"Patient SYNTH_PAT_01122 evaluated under evidence level [SINGLE_MODALITY]. Synthesized integrated score is 0.3024 yielding raw risk class [LOW]. Contributions (NLP: 0.3024 risk weight). Cross-modal concordance: [SINGLE_MODALITY]. Safety Net Override: Acute clinical text probability P(HIGH)=0.3024 >= 0.3; escalated LOW to MODERATE.; Elevated risk patient with incomplete modality coverage (Missing: ['ML', 'DL']). Clinician review recommended. Final assigned risk is [MODERATE]."
SYNTH_PAT_00620,0.2992,LOW,LOW,0.6293,SINGLE_MODALITY,['NLP'],"['ML', 'DL']",,,HIGH,SINGLE_MODALITY,False,No active safety alerts.,36,[],[],[],Patient SYNTH_PAT_00620 evaluated under evidence level [SINGLE_MODALITY]. Synthesized integrated score is 0.2992 yielding raw risk class [LOW]. Contributions (NLP: 0.2992 risk weight). Cross-modal concordance: [SINGLE_MODALITY]. No active safety escalations triggered. Final assigned risk is [LOW].
SYNTH_PAT_01427,0.4881,MODERATE,MODERATE,0.6351,SINGLE_MODALITY,['NLP'],"['ML', 'DL']",,,HIGH,SINGLE_MODALITY,True,"Elevated risk patient with incomplete modality coverage (Missing: ['ML', 'DL']). Clinician review recommended.",32,[],[],[],"Patient SYNTH_PAT_01427 evaluated under evidence level [SINGLE_MODALITY]. Synthesized integrated score is 0.4881 yielding raw risk class [MODERATE]. Contributions (NLP: 0.4881 risk weight). Cross-modal concordance: [SINGLE_MODALITY]. Safety Net Override: Elevated risk patient with incomplete modality coverage (Missing: ['ML', 'DL']). Clinician review recommended. Final assigned risk is [MODERATE]."
SYNTH_PAT_01034,0.4358,MODERATE,MODERATE,0.628,SINGLE_MODALITY,['NLP'],"['ML', 'DL']",,,HIGH,SINGLE_MODALITY,True,"Elevated risk patient with incomplete modality coverage (Missing: ['ML', 'DL']). Clinician review recommended.",35,[],[],[],"Patient SYNTH_PAT_01034 evaluated under evidence level [SINGLE_MODALITY]. Synthesized integrated score is 0.4358 yielding raw risk class [MODERATE]. Contributions (NLP: 0.4358 risk weight). Cross-modal concordance: [SINGLE_MODALITY]. Safety Net Override: Elevated risk patient with incomplete modality coverage (Missing: ['ML', 'DL']). Clinician review recommended. Final assigned risk is [MODERATE]."
SYNTH_PAT_01131,0.2946,LOW,LOW,0.6369,SINGLE_MODALITY,['NLP'],"['ML', 'DL']",,,HIGH,SINGLE_MODALITY,False,No active safety alerts.,34,[],[],[],Patient SYNTH_PAT_01131 evaluated under evidence level [SINGLE_MODALITY]. Synthesized integrated score is 0.2946 yielding raw risk class [LOW]. Contributions (NLP: 0.2946 risk weight). Cross-modal concordance: [SINGLE_MODALITY]. No active safety escalations triggered. Final assigned risk is [LOW].
SYNTH_PAT_02415,0.4102,MODERATE,MODERATE,0.6317,SINGLE_MODALITY,['NLP'],"['ML', 'DL']",,,HIGH,SINGLE_MODALITY,True,"Elevated risk patient with incomplete modality coverage (Missing: ['ML', 'DL']). Clinician review recommended.",33,[],[],[],"Patient SYNTH_PAT_02415 evaluated under evidence level [SINGLE_MODALITY]. Synthesized integrated score is 0.4102 yielding raw risk class [MODERATE]. Contributions (NLP: 0.4102 risk weight). Cross-modal concordance: [SINGLE_MODALITY]. Safety Net Override: Elevated risk patient with incomplete modality coverage (Missing: ['ML', 'DL']). Clinician review recommended. Final assigned risk is [MODERATE]."
SYNTH_PAT_01114,0.3915,MODERATE,MODERATE,0.623,SINGLE_MODALITY,['NLP'],"['ML', 'DL']",,,HIGH,SINGLE_MODALITY,True,"Elevated risk patient with incomplete modality coverage (Missing: ['ML', 'DL']). Clinician review recommended.",37,[],[],[],"Patient SYNTH_PAT_01114 evaluated under evidence level [SINGLE_MODALITY]. Synthesized integrated score is 0.3915 yielding raw risk class [MODERATE]. Contributions (NLP: 0.3915 risk weight). Cross-modal concordance: [SINGLE_MODALITY]. Safety Net Override: Elevated risk patient with incomplete modality coverage (Missing: ['ML', 'DL']). Clinician review recommended. Final assigned risk is [MODERATE]."
SYNTH_PAT_02131,0.2097,LOW,LOW,0.6302,SINGLE_MODALITY,['NLP'],"['ML', 'DL']",,,HIGH,SINGLE_MODALITY,False,No active safety alerts.,38,[],[],[],Patient SYNTH_PAT_02131 evaluated under evidence level [SINGLE_MODALITY]. Synthesized integrated score is 0.2097 yielding raw risk class [LOW]. Contributions (NLP: 0.2097 risk weight). Cross-modal concordance: [SINGLE_MODALITY]. No active safety escalations triggered. Final assigned risk is [LOW].
SYNTH_PAT_00668,0.4479,MODERATE,MODERATE,0.6355,SINGLE_MODALITY,['NLP'],"['ML', 'DL']",,,HIGH,SINGLE_MODALITY,True,"Elevated risk patient with incomplete modality coverage (Missing: ['ML', 'DL']). Clinician review recommended.",42,[],[],[],"Patient SYNTH_PAT_00668 evaluated under evidence level [SINGLE_MODALITY]. Synthesized integrated score is 0.4479 yielding raw risk class [MODERATE]. Contributions (NLP: 0.4479 risk weight). Cross-modal concordance: [SINGLE_MODALITY]. Safety Net Override: Elevated risk patient with incomplete modality coverage (Missing: ['ML', 'DL']). Clinician review recommended. Final assigned risk is [MODERATE]."
SYNTH_PAT_02384,0.1789,LOW,LOW,0.634,SINGLE_MODALITY,['NLP'],"['ML', 'DL']",,,HIGH,SINGLE_MODALITY,False,No active safety alerts.,40,[],[],[],Patient SYNTH_PAT_02384 evaluated under evidence level [SINGLE_MODALITY]. Synthesized integrated score is 0.1789 yielding raw risk class [LOW]. Contributions (NLP: 0.1789 risk weight). Cross-modal concordance: [SINGLE_MODALITY]. No active safety escalations triggered. Final assigned risk is [LOW].
SYNTH_PAT_01517,0.2066,LOW,LOW,0.6273,SINGLE_MODALITY,['NLP'],"['ML', 'DL']",,,HIGH,SINGLE_MODALITY,False,No active safety alerts.,36,[],[],[],Patient SYNTH_PAT_01517 evaluated under evidence level [SINGLE_MODALITY]. Synthesized integrated score is 0.2066 yielding raw risk class [LOW]. Contributions (NLP: 0.2066 risk weight). Cross-modal concordance: [SINGLE_MODALITY]. No active safety escalations triggered. Final assigned risk is [LOW].
SYNTH_PAT_01265,0.2919,LOW,LOW,0.6282,SINGLE_MODALITY,['NLP'],"['ML', 'DL']",,,HIGH,SINGLE_MODALITY,False,No active safety alerts.,33,[],[],[],Patient SYNTH_PAT_01265 evaluated under evidence level [SINGLE_MODALITY]. Synthesized integrated score is 0.2919 yielding raw risk class [LOW]. Contributions (NLP: 0.2919 risk weight). Cross-modal concordance: [SINGLE_MODALITY]. No active safety escalations triggered. Final assigned risk is [LOW].
SYNTH_PAT_01454,0.2301,LOW,LOW,0.6342,SINGLE_MODALITY,['NLP'],"['ML', 'DL']",,,HIGH,SINGLE_MODALITY,False,No active safety alerts.,33,[],[],[],Patient SYNTH_PAT_01454 evaluated under evidence level [SINGLE_MODALITY]. Synthesized integrated score is 0.2301 yielding raw risk class [LOW]. Contributions (NLP: 0.2301 risk weight). Cross-modal concordance: [SINGLE_MODALITY]. No active safety escalations triggered. Final assigned risk is [LOW].
SYNTH_PAT_01532,0.2403,LOW,LOW,0.6331,SINGLE_MODALITY,['NLP'],"['ML', 'DL']",,,HIGH,SINGLE_MODALITY,False,No active safety alerts.,35,[],[],[],Patient SYNTH_PAT_01532 evaluated under evidence level [SINGLE_MODALITY]. Synthesized integrated score is 0.2403 yielding raw risk class [LOW]. Contributions (NLP: 0.2403 risk weight). Cross-modal concordance: [SINGLE_MODALITY]. No active safety escalations triggered. Final assigned risk is [LOW].
SYNTH_PAT_02452,0.3233,MODERATE,LOW,0.6343,SINGLE_MODALITY,['NLP'],"['ML', 'DL']",,,HIGH,SINGLE_MODALITY,True,"Acute clinical text probability P(HIGH)=0.3233 >= 0.3; escalated LOW to MODERATE.; Elevated risk patient with incomplete modality coverage (Missing: ['ML', 'DL']). Clinician review recommended.",38,[],[],[],"Patient SYNTH_PAT_02452 evaluated under evidence level [SINGLE_MODALITY]. Synthesized integrated score is 0.3233 yielding raw risk class [LOW]. Contributions (NLP: 0.3233 risk weight). Cross-modal concordance: [SINGLE_MODALITY]. Safety Net Override: Acute clinical text probability P(HIGH)=0.3233 >= 0.3; escalated LOW to MODERATE.; Elevated risk patient with incomplete modality coverage (Missing: ['ML', 'DL']). Clinician review recommended. Final assigned risk is [MODERATE]."
SYNTH_PAT_01018,0.488,MODERATE,MODERATE,0.6284,SINGLE_MODALITY,['NLP'],"['ML', 'DL']",,,HIGH,SINGLE_MODALITY,True,"Elevated risk patient with incomplete modality coverage (Missing: ['ML', 'DL']). Clinician review recommended.",34,[],[],[],"Patient SYNTH_PAT_01018 evaluated under evidence level [SINGLE_MODALITY]. Synthesized integrated score is 0.4880 yielding raw risk class [MODERATE]. Contributions (NLP: 0.4880 risk weight). Cross-modal concordance: [SINGLE_MODALITY]. Safety Net Override: Elevated risk patient with incomplete modality coverage (Missing: ['ML', 'DL']). Clinician review recommended. Final assigned risk is [MODERATE]."
SYNTH_PAT_00373,0.1275,LOW,LOW,0.6331,SINGLE_MODALITY,['NLP'],"['ML', 'DL']",,,HIGH,SINGLE_MODALITY,False,No active safety alerts.,36,[],[],[],Patient SYNTH_PAT_00373 evaluated under evidence level [SINGLE_MODALITY]. Synthesized integrated score is 0.1275 yielding raw risk class [LOW]. Contributions (NLP: 0.1275 risk weight). Cross-modal concordance: [SINGLE_MODALITY]. No active safety escalations triggered. Final assigned risk is [LOW].
SYNTH_PAT_01741,0.3794,MODERATE,MODERATE,0.6338,SINGLE_MODALITY,['NLP'],"['ML', 'DL']",,,HIGH,SINGLE_MODALITY,True,"Elevated risk patient with incomplete modality coverage (Missing: ['ML', 'DL']). Clinician review recommended.",34,[],[],[],"Patient SYNTH_PAT_01741 evaluated under evidence level [SINGLE_MODALITY]. Synthesized integrated score is 0.3794 yielding raw risk class [MODERATE]. Contributions (NLP: 0.3794 risk weight). Cross-modal concordance: [SINGLE_MODALITY]. Safety Net Override: Elevated risk patient with incomplete modality coverage (Missing: ['ML', 'DL']). Clinician review recommended. Final assigned risk is [MODERATE]."
SYNTH_PAT_01692,0.4601,MODERATE,MODERATE,0.6292,SINGLE_MODALITY,['NLP'],"['ML', 'DL']",,,HIGH,SINGLE_MODALITY,True,"Elevated risk patient with incomplete modality coverage (Missing: ['ML', 'DL']). Clinician review recommended.",33,[],[],[],"Patient SYNTH_PAT_01692 evaluated under evidence level [SINGLE_MODALITY]. Synthesized integrated score is 0.4601 yielding raw risk class [MODERATE]. Contributions (NLP: 0.4601 risk weight). Cross-modal concordance: [SINGLE_MODALITY]. Safety Net Override: Elevated risk patient with incomplete modality coverage (Missing: ['ML', 'DL']). Clinician review recommended. Final assigned risk is [MODERATE]."
SYNTH_PAT_00938,0.2902,LOW,LOW,0.6272,SINGLE_MODALITY,['NLP'],"['ML', 'DL']",,,HIGH,SINGLE_MODALITY,False,No active safety alerts.,31,[],[],[],Patient SYNTH_PAT_00938 evaluated under evidence level [SINGLE_MODALITY]. Synthesized integrated score is 0.2902 yielding raw risk class [LOW]. Contributions (NLP: 0.2902 risk weight). Cross-modal concordance: [SINGLE_MODALITY]. No active safety escalations triggered. Final assigned risk is [LOW].
SYNTH_PAT_02183,0.4039,MODERATE,MODERATE,0.6268,SINGLE_MODALITY,['NLP'],"['ML', 'DL']",,,HIGH,SINGLE_MODALITY,True,"Elevated risk patient with incomplete modality coverage (Missing: ['ML', 'DL']). Clinician review recommended.",32,[],[],[],"Patient SYNTH_PAT_02183 evaluated under evidence level [SINGLE_MODALITY]. Synthesized integrated score is 0.4039 yielding raw risk class [MODERATE]. Contributions (NLP: 0.4039 risk weight). Cross-modal concordance: [SINGLE_MODALITY]. Safety Net Override: Elevated risk patient with incomplete modality coverage (Missing: ['ML', 'DL']). Clinician review recommended. Final assigned risk is [MODERATE]."
SYNTH_PAT_00197,0.3888,MODERATE,MODERATE,0.6336,SINGLE_MODALITY,['NLP'],"['ML', 'DL']",,,HIGH,SINGLE_MODALITY,True,"Elevated risk patient with incomplete modality coverage (Missing: ['ML', 'DL']). Clinician review recommended.",35,[],[],[],"Patient SYNTH_PAT_00197 evaluated under evidence level [SINGLE_MODALITY]. Synthesized integrated score is 0.3888 yielding raw risk class [MODERATE]. Contributions (NLP: 0.3888 risk weight). Cross-modal concordance: [SINGLE_MODALITY]. Safety Net Override: Elevated risk patient with incomplete modality coverage (Missing: ['ML', 'DL']). Clinician review recommended. Final assigned risk is [MODERATE]."
SYNTH_PAT_01862,0.3157,MODERATE,LOW,0.6336,SINGLE_MODALITY,['NLP'],"['ML', 'DL']",,,HIGH,SINGLE_MODALITY,True,"Acute clinical text probability P(HIGH)=0.3157 >= 0.3; escalated LOW to MODERATE.; Elevated risk patient with incomplete modality coverage (Missing: ['ML', 'DL']). Clinician review recommended.",39,[],[],[],"Patient SYNTH_PAT_01862 evaluated under evidence level [SINGLE_MODALITY]. Synthesized integrated score is 0.3157 yielding raw risk class [LOW]. Contributions (NLP: 0.3157 risk weight). Cross-modal concordance: [SINGLE_MODALITY]. Safety Net Override: Acute clinical text probability P(HIGH)=0.3157 >= 0.3; escalated LOW to MODERATE.; Elevated risk patient with incomplete modality coverage (Missing: ['ML', 'DL']). Clinician review recommended. Final assigned risk is [MODERATE]."
SYNTH_PAT_00648,0.2144,LOW,LOW,0.6362,SINGLE_MODALITY,['NLP'],"['ML', 'DL']",,,HIGH,SINGLE_MODALITY,False,No active safety alerts.,31,[],[],[],Patient SYNTH_PAT_00648 evaluated under evidence level [SINGLE_MODALITY]. Synthesized integrated score is 0.2144 yielding raw risk class [LOW]. Contributions (NLP: 0.2144 risk weight). Cross-modal concordance: [SINGLE_MODALITY]. No active safety escalations triggered. Final assigned risk is [LOW].
SYNTH_PAT_01477,0.1423,LOW,LOW,0.6318,SINGLE_MODALITY,['NLP'],"['ML', 'DL']",,,HIGH,SINGLE_MODALITY,False,No active safety alerts.,34,[],[],[],Patient SYNTH_PAT_01477 evaluated under evidence level [SINGLE_MODALITY]. Synthesized integrated score is 0.1423 yielding raw risk class [LOW]. Contributions (NLP: 0.1423 risk weight). Cross-modal concordance: [SINGLE_MODALITY]. No active safety escalations triggered. Final assigned risk is [LOW].
SYNTH_PAT_02251,0.5447,MODERATE,MODERATE,0.6353,SINGLE_MODALITY,['NLP'],"['ML', 'DL']",,,HIGH,SINGLE_MODALITY,True,"Elevated risk patient with incomplete modality coverage (Missing: ['ML', 'DL']). Clinician review recommended.",31,[],[],[],"Patient SYNTH_PAT_02251 evaluated under evidence level [SINGLE_MODALITY]. Synthesized integrated score is 0.5447 yielding raw risk class [MODERATE]. Contributions (NLP: 0.5447 risk weight). Cross-modal concordance: [SINGLE_MODALITY]. Safety Net Override: Elevated risk patient with incomplete modality coverage (Missing: ['ML', 'DL']). Clinician review recommended. Final assigned risk is [MODERATE]."
SYNTH_PAT_01990,0.3172,MODERATE,LOW,0.6313,SINGLE_MODALITY,['NLP'],"['ML', 'DL']",,,HIGH,SINGLE_MODALITY,True,"Acute clinical text probability P(HIGH)=0.3172 >= 0.3; escalated LOW to MODERATE.; Elevated risk patient with incomplete modality coverage (Missing: ['ML', 'DL']). Clinician review recommended.",34,[],[],[],"Patient SYNTH_PAT_01990 evaluated under evidence level [SINGLE_MODALITY]. Synthesized integrated score is 0.3172 yielding raw risk class [LOW]. Contributions (NLP: 0.3172 risk weight). Cross-modal concordance: [SINGLE_MODALITY]. Safety Net Override: Acute clinical text probability P(HIGH)=0.3172 >= 0.3; escalated LOW to MODERATE.; Elevated risk patient with incomplete modality coverage (Missing: ['ML', 'DL']). Clinician review recommended. Final assigned risk is [MODERATE]."
SYNTH_PAT_00860,0.2847,LOW,LOW,0.6314,SINGLE_MODALITY,['NLP'],"['ML', 'DL']",,,HIGH,SINGLE_MODALITY,False,No active safety alerts.,31,[],[],[],Patient SYNTH_PAT_00860 evaluated under evidence level [SINGLE_MODALITY]. Synthesized integrated score is 0.2847 yielding raw risk class [LOW]. Contributions (NLP: 0.2847 risk weight). Cross-modal concordance: [SINGLE_MODALITY]. No active safety escalations triggered. Final assigned risk is [LOW].
SYNTH_PAT_01070,0.4539,MODERATE,MODERATE,0.6293,SINGLE_MODALITY,['NLP'],"['ML', 'DL']",,,HIGH,SINGLE_MODALITY,True,"Elevated risk patient with incomplete modality coverage (Missing: ['ML', 'DL']). Clinician review recommended.",36,[],[],[],"Patient SYNTH_PAT_01070 evaluated under evidence level [SINGLE_MODALITY]. Synthesized integrated score is 0.4539 yielding raw risk class [MODERATE]. Contributions (NLP: 0.4539 risk weight). Cross-modal concordance: [SINGLE_MODALITY]. Safety Net Override: Elevated risk patient with incomplete modality coverage (Missing: ['ML', 'DL']). Clinician review recommended. Final assigned risk is [MODERATE]."
SYNTH_PAT_02242,0.1291,LOW,LOW,0.636,SINGLE_MODALITY,['NLP'],"['ML', 'DL']",,,HIGH,SINGLE_MODALITY,False,No active safety alerts.,34,[],[],[],Patient SYNTH_PAT_02242 evaluated under evidence level [SINGLE_MODALITY]. Synthesized integrated score is 0.1291 yielding raw risk class [LOW]. Contributions (NLP: 0.1291 risk weight). Cross-modal concordance: [SINGLE_MODALITY]. No active safety escalations triggered. Final assigned risk is [LOW].
SYNTH_PAT_01028,0.3617,MODERATE,MODERATE,0.6243,SINGLE_MODALITY,['NLP'],"['ML', 'DL']",,,HIGH,SINGLE_MODALITY,True,"Elevated risk patient with incomplete modality coverage (Missing: ['ML', 'DL']). Clinician review recommended.",38,[],[],[],"Patient SYNTH_PAT_01028 evaluated under evidence level [SINGLE_MODALITY]. Synthesized integrated score is 0.3617 yielding raw risk class [MODERATE]. Contributions (NLP: 0.3617 risk weight). Cross-modal concordance: [SINGLE_MODALITY]. Safety Net Override: Elevated risk patient with incomplete modality coverage (Missing: ['ML', 'DL']). Clinician review recommended. Final assigned risk is [MODERATE]."
SYNTH_PAT_01695,0.3896,MODERATE,MODERATE,0.6336,SINGLE_MODALITY,['NLP'],"['ML', 'DL']",,,HIGH,SINGLE_MODALITY,True,"Elevated risk patient with incomplete modality coverage (Missing: ['ML', 'DL']). Clinician review recommended.",35,[],[],[],"Patient SYNTH_PAT_01695 evaluated under evidence level [SINGLE_MODALITY]. Synthesized integrated score is 0.3896 yielding raw risk class [MODERATE]. Contributions (NLP: 0.3896 risk weight). Cross-modal concordance: [SINGLE_MODALITY]. Safety Net Override: Elevated risk patient with incomplete modality coverage (Missing: ['ML', 'DL']). Clinician review recommended. Final assigned risk is [MODERATE]."
SYNTH_PAT_00705,0.5021,MODERATE,MODERATE,0.6239,SINGLE_MODALITY,['NLP'],"['ML', 'DL']",,,HIGH,SINGLE_MODALITY,True,"Elevated risk patient with incomplete modality coverage (Missing: ['ML', 'DL']). Clinician review recommended.",42,[],[],[],"Patient SYNTH_PAT_00705 evaluated under evidence level [SINGLE_MODALITY]. Synthesized integrated score is 0.5021 yielding raw risk class [MODERATE]. Contributions (NLP: 0.5021 risk weight). Cross-modal concordance: [SINGLE_MODALITY]. Safety Net Override: Elevated risk patient with incomplete modality coverage (Missing: ['ML', 'DL']). Clinician review recommended. Final assigned risk is [MODERATE]."
SYNTH_PAT_02493,0.5104,MODERATE,MODERATE,0.6222,SINGLE_MODALITY,['NLP'],"['ML', 'DL']",,,HIGH,SINGLE_MODALITY,True,"Elevated risk patient with incomplete modality coverage (Missing: ['ML', 'DL']). Clinician review recommended.",33,[],[],[],"Patient SYNTH_PAT_02493 evaluated under evidence level [SINGLE_MODALITY]. Synthesized integrated score is 0.5104 yielding raw risk class [MODERATE]. Contributions (NLP: 0.5104 risk weight). Cross-modal concordance: [SINGLE_MODALITY]. Safety Net Override: Elevated risk patient with incomplete modality coverage (Missing: ['ML', 'DL']). Clinician review recommended. Final assigned risk is [MODERATE]."
SYNTH_PAT_00614,0.303,MODERATE,LOW,0.6316,SINGLE_MODALITY,['NLP'],"['ML', 'DL']",,,HIGH,SINGLE_MODALITY,True,"Acute clinical text probability P(HIGH)=0.303 >= 0.3; escalated LOW to MODERATE.; Elevated risk patient with incomplete modality coverage (Missing: ['ML', 'DL']). Clinician review recommended.",36,[],[],[],"Patient SYNTH_PAT_00614 evaluated under evidence level [SINGLE_MODALITY]. Synthesized integrated score is 0.3030 yielding raw risk class [LOW]. Contributions (NLP: 0.3030 risk weight). Cross-modal concordance: [SINGLE_MODALITY]. Safety Net Override: Acute clinical text probability P(HIGH)=0.303 >= 0.3; escalated LOW to MODERATE.; Elevated risk patient with incomplete modality coverage (Missing: ['ML', 'DL']). Clinician review recommended. Final assigned risk is [MODERATE]."
SYNTH_PAT_00832,0.3031,MODERATE,LOW,0.6363,SINGLE_MODALITY,['NLP'],"['ML', 'DL']",,,HIGH,SINGLE_MODALITY,True,"Acute clinical text probability P(HIGH)=0.3031 >= 0.3; escalated LOW to MODERATE.; Elevated risk patient with incomplete modality coverage (Missing: ['ML', 'DL']). Clinician review recommended.",35,[],[],[],"Patient SYNTH_PAT_00832 evaluated under evidence level [SINGLE_MODALITY]. Synthesized integrated score is 0.3031 yielding raw risk class [LOW]. Contributions (NLP: 0.3031 risk weight). Cross-modal concordance: [SINGLE_MODALITY]. Safety Net Override: Acute clinical text probability P(HIGH)=0.3031 >= 0.3; escalated LOW to MODERATE.; Elevated risk patient with incomplete modality coverage (Missing: ['ML', 'DL']). Clinician review recommended. Final assigned risk is [MODERATE]."
SYNTH_PAT_00592,0.4466,MODERATE,MODERATE,0.6202,SINGLE_MODALITY,['NLP'],"['ML', 'DL']",,,HIGH,SINGLE_MODALITY,True,"Elevated risk patient with incomplete modality coverage (Missing: ['ML', 'DL']). Clinician review recommended.",36,[],[],[],"Patient SYNTH_PAT_00592 evaluated under evidence level [SINGLE_MODALITY]. Synthesized integrated score is 0.4466 yielding raw risk class [MODERATE]. Contributions (NLP: 0.4466 risk weight). Cross-modal concordance: [SINGLE_MODALITY]. Safety Net Override: Elevated risk patient with incomplete modality coverage (Missing: ['ML', 'DL']). Clinician review recommended. Final assigned risk is [MODERATE]."
SYNTH_PAT_02496,0.2209,LOW,LOW,0.6306,SINGLE_MODALITY,['NLP'],"['ML', 'DL']",,,HIGH,SINGLE_MODALITY,False,No active safety alerts.,33,[],[],[],Patient SYNTH_PAT_02496 evaluated under evidence level [SINGLE_MODALITY]. Synthesized integrated score is 0.2209 yielding raw risk class [LOW]. Contributions (NLP: 0.2209 risk weight). Cross-modal concordance: [SINGLE_MODALITY]. No active safety escalations triggered. Final assigned risk is [LOW].
SYNTH_PAT_01338,0.1166,LOW,LOW,0.636,SINGLE_MODALITY,['NLP'],"['ML', 'DL']",,,HIGH,SINGLE_MODALITY,False,No active safety alerts.,35,[],[],[],Patient SYNTH_PAT_01338 evaluated under evidence level [SINGLE_MODALITY]. Synthesized integrated score is 0.1166 yielding raw risk class [LOW]. Contributions (NLP: 0.1166 risk weight). Cross-modal concordance: [SINGLE_MODALITY]. No active safety escalations triggered. Final assigned risk is [LOW].
SYNTH_PAT_02457,0.2085,LOW,LOW,0.6292,SINGLE_MODALITY,['NLP'],"['ML', 'DL']",,,HIGH,SINGLE_MODALITY,False,No active safety alerts.,34,[],[],[],Patient SYNTH_PAT_02457 evaluated under evidence level [SINGLE_MODALITY]. Synthesized integrated score is 0.2085 yielding raw risk class [LOW]. Contributions (NLP: 0.2085 risk weight). Cross-modal concordance: [SINGLE_MODALITY]. No active safety escalations triggered. Final assigned risk is [LOW].
SYNTH_PAT_01795,0.4021,MODERATE,MODERATE,0.6352,SINGLE_MODALITY,['NLP'],"['ML', 'DL']",,,HIGH,SINGLE_MODALITY,True,"Elevated risk patient with incomplete modality coverage (Missing: ['ML', 'DL']). Clinician review recommended.",37,[],[],[],"Patient SYNTH_PAT_01795 evaluated under evidence level [SINGLE_MODALITY]. Synthesized integrated score is 0.4021 yielding raw risk class [MODERATE]. Contributions (NLP: 0.4021 risk weight). Cross-modal concordance: [SINGLE_MODALITY]. Safety Net Override: Elevated risk patient with incomplete modality coverage (Missing: ['ML', 'DL']). Clinician review recommended. Final assigned risk is [MODERATE]."
SYNTH_PAT_00784,0.3192,MODERATE,LOW,0.6314,SINGLE_MODALITY,['NLP'],"['ML', 'DL']",,,HIGH,SINGLE_MODALITY,True,"Acute clinical text probability P(HIGH)=0.3192 >= 0.3; escalated LOW to MODERATE.; Elevated risk patient with incomplete modality coverage (Missing: ['ML', 'DL']). Clinician review recommended.",32,[],[],[],"Patient SYNTH_PAT_00784 evaluated under evidence level [SINGLE_MODALITY]. Synthesized integrated score is 0.3192 yielding raw risk class [LOW]. Contributions (NLP: 0.3192 risk weight). Cross-modal concordance: [SINGLE_MODALITY]. Safety Net Override: Acute clinical text probability P(HIGH)=0.3192 >= 0.3; escalated LOW to MODERATE.; Elevated risk patient with incomplete modality coverage (Missing: ['ML', 'DL']). Clinician review recommended. Final assigned risk is [MODERATE]."
SYNTH_PAT_02376,0.204,LOW,LOW,0.6319,SINGLE_MODALITY,['NLP'],"['ML', 'DL']",,,HIGH,SINGLE_MODALITY,False,No active safety alerts.,35,[],[],[],Patient SYNTH_PAT_02376 evaluated under evidence level [SINGLE_MODALITY]. Synthesized integrated score is 0.2040 yielding raw risk class [LOW]. Contributions (NLP: 0.2040 risk weight). Cross-modal concordance: [SINGLE_MODALITY]. No active safety escalations triggered. Final assigned risk is [LOW].
SYNTH_PAT_01032,0.3254,MODERATE,LOW,0.6319,SINGLE_MODALITY,['NLP'],"['ML', 'DL']",,,HIGH,SINGLE_MODALITY,True,"Acute clinical text probability P(HIGH)=0.3254 >= 0.3; escalated LOW to MODERATE.; Elevated risk patient with incomplete modality coverage (Missing: ['ML', 'DL']). Clinician review recommended.",32,[],[],[],"Patient SYNTH_PAT_01032 evaluated under evidence level [SINGLE_MODALITY]. Synthesized integrated score is 0.3254 yielding raw risk class [LOW]. Contributions (NLP: 0.3254 risk weight). Cross-modal concordance: [SINGLE_MODALITY]. Safety Net Override: Acute clinical text probability P(HIGH)=0.3254 >= 0.3; escalated LOW to MODERATE.; Elevated risk patient with incomplete modality coverage (Missing: ['ML', 'DL']). Clinician review recommended. Final assigned risk is [MODERATE]."
SYNTH_PAT_00429,0.3119,MODERATE,LOW,0.6299,SINGLE_MODALITY,['NLP'],"['ML', 'DL']",,,HIGH,SINGLE_MODALITY,True,"Acute clinical text probability P(HIGH)=0.3119 >= 0.3; escalated LOW to MODERATE.; Elevated risk patient with incomplete modality coverage (Missing: ['ML', 'DL']). Clinician review recommended.",34,[],[],[],"Patient SYNTH_PAT_00429 evaluated under evidence level [SINGLE_MODALITY]. Synthesized integrated score is 0.3119 yielding raw risk class [LOW]. Contributions (NLP: 0.3119 risk weight). Cross-modal concordance: [SINGLE_MODALITY]. Safety Net Override: Acute clinical text probability P(HIGH)=0.3119 >= 0.3; escalated LOW to MODERATE.; Elevated risk patient with incomplete modality coverage (Missing: ['ML', 'DL']). Clinician review recommended. Final assigned risk is [MODERATE]."
SYNTH_PAT_01234,0.3194,MODERATE,LOW,0.6195,SINGLE_MODALITY,['NLP'],"['ML', 'DL']",,,HIGH,SINGLE_MODALITY,True,"Acute clinical text probability P(HIGH)=0.3194 >= 0.3; escalated LOW to MODERATE.; Elevated risk patient with incomplete modality coverage (Missing: ['ML', 'DL']). Clinician review recommended.",37,[],[],[],"Patient SYNTH_PAT_01234 evaluated under evidence level [SINGLE_MODALITY]. Synthesized integrated score is 0.3194 yielding raw risk class [LOW]. Contributions (NLP: 0.3194 risk weight). Cross-modal concordance: [SINGLE_MODALITY]. Safety Net Override: Acute clinical text probability P(HIGH)=0.3194 >= 0.3; escalated LOW to MODERATE.; Elevated risk patient with incomplete modality coverage (Missing: ['ML', 'DL']). Clinician review recommended. Final assigned risk is [MODERATE]."
SYNTH_PAT_02373,0.2938,LOW,LOW,0.6336,SINGLE_MODALITY,['NLP'],"['ML', 'DL']",,,HIGH,SINGLE_MODALITY,False,No active safety alerts.,37,[],[],[],Patient SYNTH_PAT_02373 evaluated under evidence level [SINGLE_MODALITY]. Synthesized integrated score is 0.2938 yielding raw risk class [LOW]. Contributions (NLP: 0.2938 risk weight). Cross-modal concordance: [SINGLE_MODALITY]. No active safety escalations triggered. Final assigned risk is [LOW].
SYNTH_PAT_02437,0.2085,LOW,LOW,0.6341,SINGLE_MODALITY,['NLP'],"['ML', 'DL']",,,HIGH,SINGLE_MODALITY,False,No active safety alerts.,40,[],[],[],Patient SYNTH_PAT_02437 evaluated under evidence level [SINGLE_MODALITY]. Synthesized integrated score is 0.2085 yielding raw risk class [LOW]. Contributions (NLP: 0.2085 risk weight). Cross-modal concordance: [SINGLE_MODALITY]. No active safety escalations triggered. Final assigned risk is [LOW].
SYNTH_PAT_01553,0.1165,LOW,LOW,0.6341,SINGLE_MODALITY,['NLP'],"['ML', 'DL']",,,HIGH,SINGLE_MODALITY,False,No active safety alerts.,33,[],[],[],Patient SYNTH_PAT_01553 evaluated under evidence level [SINGLE_MODALITY]. Synthesized integrated score is 0.1165 yielding raw risk class [LOW]. Contributions (NLP: 0.1165 risk weight). Cross-modal concordance: [SINGLE_MODALITY]. No active safety escalations triggered. Final assigned risk is [LOW].
SYNTH_PAT_02079,0.57,MODERATE,MODERATE,0.6365,SINGLE_MODALITY,['NLP'],"['ML', 'DL']",,,HIGH,SINGLE_MODALITY,True,"Elevated risk patient with incomplete modality coverage (Missing: ['ML', 'DL']). Clinician review recommended.",36,[],[],[],"Patient SYNTH_PAT_02079 evaluated under evidence level [SINGLE_MODALITY]. Synthesized integrated score is 0.5700 yielding raw risk class [MODERATE]. Contributions (NLP: 0.5700 risk weight). Cross-modal concordance: [SINGLE_MODALITY]. Safety Net Override: Elevated risk patient with incomplete modality coverage (Missing: ['ML', 'DL']). Clinician review recommended. Final assigned risk is [MODERATE]."
SYNTH_PAT_01989,0.1189,LOW,LOW,0.6233,SINGLE_MODALITY,['NLP'],"['ML', 'DL']",,,HIGH,SINGLE_MODALITY,False,No active safety alerts.,35,[],[],[],Patient SYNTH_PAT_01989 evaluated under evidence level [SINGLE_MODALITY]. Synthesized integrated score is 0.1189 yielding raw risk class [LOW]. Contributions (NLP: 0.1189 risk weight). Cross-modal concordance: [SINGLE_MODALITY]. No active safety escalations triggered. Final assigned risk is [LOW].
SYNTH_PAT_01082,0.2955,LOW,LOW,0.6283,SINGLE_MODALITY,['NLP'],"['ML', 'DL']",,,HIGH,SINGLE_MODALITY,False,No active safety alerts.,33,[],[],[],Patient SYNTH_PAT_01082 evaluated under evidence level [SINGLE_MODALITY]. Synthesized integrated score is 0.2955 yielding raw risk class [LOW]. Contributions (NLP: 0.2955 risk weight). Cross-modal concordance: [SINGLE_MODALITY]. No active safety escalations triggered. Final assigned risk is [LOW].
SYNTH_PAT_02245,0.4217,MODERATE,MODERATE,0.628,SINGLE_MODALITY,['NLP'],"['ML', 'DL']",,,HIGH,SINGLE_MODALITY,True,"Elevated risk patient with incomplete modality coverage (Missing: ['ML', 'DL']). Clinician review recommended.",36,[],[],[],"Patient SYNTH_PAT_02245 evaluated under evidence level [SINGLE_MODALITY]. Synthesized integrated score is 0.4217 yielding raw risk class [MODERATE]. Contributions (NLP: 0.4217 risk weight). Cross-modal concordance: [SINGLE_MODALITY]. Safety Net Override: Elevated risk patient with incomplete modality coverage (Missing: ['ML', 'DL']). Clinician review recommended. Final assigned risk is [MODERATE]."
SYNTH_PAT_02088,0.1533,LOW,LOW,0.6276,SINGLE_MODALITY,['NLP'],"['ML', 'DL']",,,HIGH,SINGLE_MODALITY,False,No active safety alerts.,39,[],[],[],Patient SYNTH_PAT_02088 evaluated under evidence level [SINGLE_MODALITY]. Synthesized integrated score is 0.1533 yielding raw risk class [LOW]. Contributions (NLP: 0.1533 risk weight). Cross-modal concordance: [SINGLE_MODALITY]. No active safety escalations triggered. Final assigned risk is [LOW].
SYNTH_PAT_01611,0.3103,MODERATE,LOW,0.6354,SINGLE_MODALITY,['NLP'],"['ML', 'DL']",,,HIGH,SINGLE_MODALITY,True,"Acute clinical text probability P(HIGH)=0.3103 >= 0.3; escalated LOW to MODERATE.; Elevated risk patient with incomplete modality coverage (Missing: ['ML', 'DL']). Clinician review recommended.",35,[],[],[],"Patient SYNTH_PAT_01611 evaluated under evidence level [SINGLE_MODALITY]. Synthesized integrated score is 0.3103 yielding raw risk class [LOW]. Contributions (NLP: 0.3103 risk weight). Cross-modal concordance: [SINGLE_MODALITY]. Safety Net Override: Acute clinical text probability P(HIGH)=0.3103 >= 0.3; escalated LOW to MODERATE.; Elevated risk patient with incomplete modality coverage (Missing: ['ML', 'DL']). Clinician review recommended. Final assigned risk is [MODERATE]."
SYNTH_PAT_02436,0.3068,MODERATE,LOW,0.6354,SINGLE_MODALITY,['NLP'],"['ML', 'DL']",,,HIGH,SINGLE_MODALITY,True,"Acute clinical text probability P(HIGH)=0.3068 >= 0.3; escalated LOW to MODERATE.; Elevated risk patient with incomplete modality coverage (Missing: ['ML', 'DL']). Clinician review recommended.",35,[],[],[],"Patient SYNTH_PAT_02436 evaluated under evidence level [SINGLE_MODALITY]. Synthesized integrated score is 0.3068 yielding raw risk class [LOW]. Contributions (NLP: 0.3068 risk weight). Cross-modal concordance: [SINGLE_MODALITY]. Safety Net Override: Acute clinical text probability P(HIGH)=0.3068 >= 0.3; escalated LOW to MODERATE.; Elevated risk patient with incomplete modality coverage (Missing: ['ML', 'DL']). Clinician review recommended. Final assigned risk is [MODERATE]."
SYNTH_PAT_00259,0.5469,MODERATE,MODERATE,0.6314,SINGLE_MODALITY,['NLP'],"['ML', 'DL']",,,HIGH,SINGLE_MODALITY,True,"Elevated risk patient with incomplete modality coverage (Missing: ['ML', 'DL']). Clinician review recommended.",30,[],[],[],"Patient SYNTH_PAT_00259 evaluated under evidence level [SINGLE_MODALITY]. Synthesized integrated score is 0.5469 yielding raw risk class [MODERATE]. Contributions (NLP: 0.5469 risk weight). Cross-modal concordance: [SINGLE_MODALITY]. Safety Net Override: Elevated risk patient with incomplete modality coverage (Missing: ['ML', 'DL']). Clinician review recommended. Final assigned risk is [MODERATE]."
SYNTH_PAT_01092,0.4589,MODERATE,MODERATE,0.6217,SINGLE_MODALITY,['NLP'],"['ML', 'DL']",,,HIGH,SINGLE_MODALITY,True,"Elevated risk patient with incomplete modality coverage (Missing: ['ML', 'DL']). Clinician review recommended.",35,[],[],[],"Patient SYNTH_PAT_01092 evaluated under evidence level [SINGLE_MODALITY]. Synthesized integrated score is 0.4589 yielding raw risk class [MODERATE]. Contributions (NLP: 0.4589 risk weight). Cross-modal concordance: [SINGLE_MODALITY]. Safety Net Override: Elevated risk patient with incomplete modality coverage (Missing: ['ML', 'DL']). Clinician review recommended. Final assigned risk is [MODERATE]."
SYNTH_PAT_00473,0.1571,LOW,LOW,0.6283,SINGLE_MODALITY,['NLP'],"['ML', 'DL']",,,HIGH,SINGLE_MODALITY,False,No active safety alerts.,34,[],[],[],Patient SYNTH_PAT_00473 evaluated under evidence level [SINGLE_MODALITY]. Synthesized integrated score is 0.1571 yielding raw risk class [LOW]. Contributions (NLP: 0.1571 risk weight). Cross-modal concordance: [SINGLE_MODALITY]. No active safety escalations triggered. Final assigned risk is [LOW].
SYNTH_PAT_01941,0.4057,MODERATE,MODERATE,0.635,SINGLE_MODALITY,['NLP'],"['ML', 'DL']",,,HIGH,SINGLE_MODALITY,True,"Elevated risk patient with incomplete modality coverage (Missing: ['ML', 'DL']). Clinician review recommended.",37,[],[],[],"Patient SYNTH_PAT_01941 evaluated under evidence level [SINGLE_MODALITY]. Synthesized integrated score is 0.4057 yielding raw risk class [MODERATE]. Contributions (NLP: 0.4057 risk weight). Cross-modal concordance: [SINGLE_MODALITY]. Safety Net Override: Elevated risk patient with incomplete modality coverage (Missing: ['ML', 'DL']). Clinician review recommended. Final assigned risk is [MODERATE]."
SYNTH_PAT_00940,0.2064,LOW,LOW,0.6339,SINGLE_MODALITY,['NLP'],"['ML', 'DL']",,,HIGH,SINGLE_MODALITY,False,No active safety alerts.,33,[],[],[],Patient SYNTH_PAT_00940 evaluated under evidence level [SINGLE_MODALITY]. Synthesized integrated score is 0.2064 yielding raw risk class [LOW]. Contributions (NLP: 0.2064 risk weight). Cross-modal concordance: [SINGLE_MODALITY]. No active safety escalations triggered. Final assigned risk is [LOW].
SYNTH_PAT_02357,0.2691,LOW,LOW,0.6312,SINGLE_MODALITY,['NLP'],"['ML', 'DL']",,,HIGH,SINGLE_MODALITY,False,No active safety alerts.,37,[],[],[],Patient SYNTH_PAT_02357 evaluated under evidence level [SINGLE_MODALITY]. Synthesized integrated score is 0.2691 yielding raw risk class [LOW]. Contributions (NLP: 0.2691 risk weight). Cross-modal concordance: [SINGLE_MODALITY]. No active safety escalations triggered. Final assigned risk is [LOW].
SYNTH_PAT_01371,0.2151,LOW,LOW,0.6276,SINGLE_MODALITY,['NLP'],"['ML', 'DL']",,,HIGH,SINGLE_MODALITY,False,No active safety alerts.,34,[],[],[],Patient SYNTH_PAT_01371 evaluated under evidence level [SINGLE_MODALITY]. Synthesized integrated score is 0.2151 yielding raw risk class [LOW]. Contributions (NLP: 0.2151 risk weight). Cross-modal concordance: [SINGLE_MODALITY]. No active safety escalations triggered. Final assigned risk is [LOW].
SYNTH_PAT_00386,0.2763,LOW,LOW,0.6287,SINGLE_MODALITY,['NLP'],"['ML', 'DL']",,,HIGH,SINGLE_MODALITY,False,No active safety alerts.,40,[],[],[],Patient SYNTH_PAT_00386 evaluated under evidence level [SINGLE_MODALITY]. Synthesized integrated score is 0.2763 yielding raw risk class [LOW]. Contributions (NLP: 0.2763 risk weight). Cross-modal concordance: [SINGLE_MODALITY]. No active safety escalations triggered. Final assigned risk is [LOW].
SYNTH_PAT_01362,0.2953,LOW,LOW,0.6308,SINGLE_MODALITY,['NLP'],"['ML', 'DL']",,,HIGH,SINGLE_MODALITY,False,No active safety alerts.,33,[],[],[],Patient SYNTH_PAT_01362 evaluated under evidence level [SINGLE_MODALITY]. Synthesized integrated score is 0.2953 yielding raw risk class [LOW]. Contributions (NLP: 0.2953 risk weight). Cross-modal concordance: [SINGLE_MODALITY]. No active safety escalations triggered. Final assigned risk is [LOW].
SYNTH_PAT_02372,0.4527,MODERATE,MODERATE,0.6303,SINGLE_MODALITY,['NLP'],"['ML', 'DL']",,,HIGH,SINGLE_MODALITY,True,"Elevated risk patient with incomplete modality coverage (Missing: ['ML', 'DL']). Clinician review recommended.",34,[],[],[],"Patient SYNTH_PAT_02372 evaluated under evidence level [SINGLE_MODALITY]. Synthesized integrated score is 0.4527 yielding raw risk class [MODERATE]. Contributions (NLP: 0.4527 risk weight). Cross-modal concordance: [SINGLE_MODALITY]. Safety Net Override: Elevated risk patient with incomplete modality coverage (Missing: ['ML', 'DL']). Clinician review recommended. Final assigned risk is [MODERATE]."
SYNTH_PAT_02405,0.3895,MODERATE,MODERATE,0.6362,SINGLE_MODALITY,['NLP'],"['ML', 'DL']",,,HIGH,SINGLE_MODALITY,True,"Elevated risk patient with incomplete modality coverage (Missing: ['ML', 'DL']). Clinician review recommended.",33,[],[],[],"Patient SYNTH_PAT_02405 evaluated under evidence level [SINGLE_MODALITY]. Synthesized integrated score is 0.3895 yielding raw risk class [MODERATE]. Contributions (NLP: 0.3895 risk weight). Cross-modal concordance: [SINGLE_MODALITY]. Safety Net Override: Elevated risk patient with incomplete modality coverage (Missing: ['ML', 'DL']). Clinician review recommended. Final assigned risk is [MODERATE]."
SYNTH_PAT_01417,0.2119,LOW,LOW,0.63,SINGLE_MODALITY,['NLP'],"['ML', 'DL']",,,HIGH,SINGLE_MODALITY,False,No active safety alerts.,31,[],[],[],Patient SYNTH_PAT_01417 evaluated under evidence level [SINGLE_MODALITY]. Synthesized integrated score is 0.2119 yielding raw risk class [LOW]. Contributions (NLP: 0.2119 risk weight). Cross-modal concordance: [SINGLE_MODALITY]. No active safety escalations triggered. Final assigned risk is [LOW].
SYNTH_PAT_02153,0.3393,MODERATE,MODERATE,0.622,SINGLE_MODALITY,['NLP'],"['ML', 'DL']",,,HIGH,SINGLE_MODALITY,True,"Elevated risk patient with incomplete modality coverage (Missing: ['ML', 'DL']). Clinician review recommended.",34,[],[],[],"Patient SYNTH_PAT_02153 evaluated under evidence level [SINGLE_MODALITY]. Synthesized integrated score is 0.3393 yielding raw risk class [MODERATE]. Contributions (NLP: 0.3393 risk weight). Cross-modal concordance: [SINGLE_MODALITY]. Safety Net Override: Elevated risk patient with incomplete modality coverage (Missing: ['ML', 'DL']). Clinician review recommended. Final assigned risk is [MODERATE]."
SYNTH_PAT_01438,0.2105,LOW,LOW,0.6364,SINGLE_MODALITY,['NLP'],"['ML', 'DL']",,,HIGH,SINGLE_MODALITY,False,No active safety alerts.,36,[],[],[],Patient SYNTH_PAT_01438 evaluated under evidence level [SINGLE_MODALITY]. Synthesized integrated score is 0.2105 yielding raw risk class [LOW]. Contributions (NLP: 0.2105 risk weight). Cross-modal concordance: [SINGLE_MODALITY]. No active safety escalations triggered. Final assigned risk is [LOW].
SYNTH_PAT_00604,0.4193,MODERATE,MODERATE,0.6352,SINGLE_MODALITY,['NLP'],"['ML', 'DL']",,,HIGH,SINGLE_MODALITY,True,"Elevated risk patient with incomplete modality coverage (Missing: ['ML', 'DL']). Clinician review recommended.",32,[],[],[],"Patient SYNTH_PAT_00604 evaluated under evidence level [SINGLE_MODALITY]. Synthesized integrated score is 0.4193 yielding raw risk class [MODERATE]. Contributions (NLP: 0.4193 risk weight). Cross-modal concordance: [SINGLE_MODALITY]. Safety Net Override: Elevated risk patient with incomplete modality coverage (Missing: ['ML', 'DL']). Clinician review recommended. Final assigned risk is [MODERATE]."
SYNTH_PAT_00665,0.4919,MODERATE,MODERATE,0.6321,SINGLE_MODALITY,['NLP'],"['ML', 'DL']",,,HIGH,SINGLE_MODALITY,True,"Elevated risk patient with incomplete modality coverage (Missing: ['ML', 'DL']). Clinician review recommended.",32,[],[],[],"Patient SYNTH_PAT_00665 evaluated under evidence level [SINGLE_MODALITY]. Synthesized integrated score is 0.4919 yielding raw risk class [MODERATE]. Contributions (NLP: 0.4919 risk weight). Cross-modal concordance: [SINGLE_MODALITY]. Safety Net Override: Elevated risk patient with incomplete modality coverage (Missing: ['ML', 'DL']). Clinician review recommended. Final assigned risk is [MODERATE]."
SYNTH_PAT_02132,0.1845,LOW,LOW,0.6364,SINGLE_MODALITY,['NLP'],"['ML', 'DL']",,,HIGH,SINGLE_MODALITY,False,No active safety alerts.,35,[],[],[],Patient SYNTH_PAT_02132 evaluated under evidence level [SINGLE_MODALITY]. Synthesized integrated score is 0.1845 yielding raw risk class [LOW]. Contributions (NLP: 0.1845 risk weight). Cross-modal concordance: [SINGLE_MODALITY]. No active safety escalations triggered. Final assigned risk is [LOW].
SYNTH_PAT_00228,0.2162,LOW,LOW,0.6355,SINGLE_MODALITY,['NLP'],"['ML', 'DL']",,,HIGH,SINGLE_MODALITY,False,No active safety alerts.,33,[],[],[],Patient SYNTH_PAT_00228 evaluated under evidence level [SINGLE_MODALITY]. Synthesized integrated score is 0.2162 yielding raw risk class [LOW]. Contributions (NLP: 0.2162 risk weight). Cross-modal concordance: [SINGLE_MODALITY]. No active safety escalations triggered. Final assigned risk is [LOW].
SYNTH_PAT_00708,0.4004,MODERATE,MODERATE,0.6341,SINGLE_MODALITY,['NLP'],"['ML', 'DL']",,,HIGH,SINGLE_MODALITY,True,"Elevated risk patient with incomplete modality coverage (Missing: ['ML', 'DL']). Clinician review recommended.",36,[],[],[],"Patient SYNTH_PAT_00708 evaluated under evidence level [SINGLE_MODALITY]. Synthesized integrated score is 0.4004 yielding raw risk class [MODERATE]. Contributions (NLP: 0.4004 risk weight). Cross-modal concordance: [SINGLE_MODALITY]. Safety Net Override: Elevated risk patient with incomplete modality coverage (Missing: ['ML', 'DL']). Clinician review recommended. Final assigned risk is [MODERATE]."
SYNTH_PAT_01445,0.2913,LOW,LOW,0.6363,SINGLE_MODALITY,['NLP'],"['ML', 'DL']",,,HIGH,SINGLE_MODALITY,False,No active safety alerts.,32,[],[],[],Patient SYNTH_PAT_01445 evaluated under evidence level [SINGLE_MODALITY]. Synthesized integrated score is 0.2913 yielding raw risk class [LOW]. Contributions (NLP: 0.2913 risk weight). Cross-modal concordance: [SINGLE_MODALITY]. No active safety escalations triggered. Final assigned risk is [LOW].
SYNTH_PAT_00871,0.2064,LOW,LOW,0.6291,SINGLE_MODALITY,['NLP'],"['ML', 'DL']",,,HIGH,SINGLE_MODALITY,False,No active safety alerts.,35,[],[],[],Patient SYNTH_PAT_00871 evaluated under evidence level [SINGLE_MODALITY]. Synthesized integrated score is 0.2064 yielding raw risk class [LOW]. Contributions (NLP: 0.2064 risk weight). Cross-modal concordance: [SINGLE_MODALITY]. No active safety escalations triggered. Final assigned risk is [LOW].
SYNTH_PAT_01147,0.1447,LOW,LOW,0.6337,SINGLE_MODALITY,['NLP'],"['ML', 'DL']",,,HIGH,SINGLE_MODALITY,False,No active safety alerts.,34,[],[],[],Patient SYNTH_PAT_01147 evaluated under evidence level [SINGLE_MODALITY]. Synthesized integrated score is 0.1447 yielding raw risk class [LOW]. Contributions (NLP: 0.1447 risk weight). Cross-modal concordance: [SINGLE_MODALITY]. No active safety escalations triggered. Final assigned risk is [LOW].
SYNTH_PAT_01601,0.3856,MODERATE,MODERATE,0.6146,SINGLE_MODALITY,['NLP'],"['ML', 'DL']",,,HIGH,SINGLE_MODALITY,True,"Elevated risk patient with incomplete modality coverage (Missing: ['ML', 'DL']). Clinician review recommended.",36,[],[],[],"Patient SYNTH_PAT_01601 evaluated under evidence level [SINGLE_MODALITY]. Synthesized integrated score is 0.3856 yielding raw risk class [MODERATE]. Contributions (NLP: 0.3856 risk weight). Cross-modal concordance: [SINGLE_MODALITY]. Safety Net Override: Elevated risk patient with incomplete modality coverage (Missing: ['ML', 'DL']). Clinician review recommended. Final assigned risk is [MODERATE]."
SYNTH_PAT_00652,0.2998,LOW,LOW,0.6299,SINGLE_MODALITY,['NLP'],"['ML', 'DL']",,,HIGH,SINGLE_MODALITY,False,No active safety alerts.,35,[],[],[],Patient SYNTH_PAT_00652 evaluated under evidence level [SINGLE_MODALITY]. Synthesized integrated score is 0.2998 yielding raw risk class [LOW]. Contributions (NLP: 0.2998 risk weight). Cross-modal concordance: [SINGLE_MODALITY]. No active safety escalations triggered. Final assigned risk is [LOW].
SYNTH_PAT_00492,0.2091,LOW,LOW,0.6355,SINGLE_MODALITY,['NLP'],"['ML', 'DL']",,,HIGH,SINGLE_MODALITY,False,No active safety alerts.,32,[],[],[],Patient SYNTH_PAT_00492 evaluated under evidence level [SINGLE_MODALITY]. Synthesized integrated score is 0.2091 yielding raw risk class [LOW]. Contributions (NLP: 0.2091 risk weight). Cross-modal concordance: [SINGLE_MODALITY]. No active safety escalations triggered. Final assigned risk is [LOW].
SYNTH_PAT_01967,0.2257,LOW,LOW,0.6316,SINGLE_MODALITY,['NLP'],"['ML', 'DL']",,,HIGH,SINGLE_MODALITY,False,No active safety alerts.,30,[],[],[],Patient SYNTH_PAT_01967 evaluated under evidence level [SINGLE_MODALITY]. Synthesized integrated score is 0.2257 yielding raw risk class [LOW]. Contributions (NLP: 0.2257 risk weight). Cross-modal concordance: [SINGLE_MODALITY]. No active safety escalations triggered. Final assigned risk is [LOW].
SYNTH_PAT_02350,0.2145,LOW,LOW,0.6304,SINGLE_MODALITY,['NLP'],"['ML', 'DL']",,,HIGH,SINGLE_MODALITY,False,No active safety alerts.,38,[],[],[],Patient SYNTH_PAT_02350 evaluated under evidence level [SINGLE_MODALITY]. Synthesized integrated score is 0.2145 yielding raw risk class [LOW]. Contributions (NLP: 0.2145 risk weight). Cross-modal concordance: [SINGLE_MODALITY]. No active safety escalations triggered. Final assigned risk is [LOW].
SYNTH_PAT_00291,0.3557,MODERATE,MODERATE,0.6347,SINGLE_MODALITY,['NLP'],"['ML', 'DL']",,,HIGH,SINGLE_MODALITY,True,"Elevated risk patient with incomplete modality coverage (Missing: ['ML', 'DL']). Clinician review recommended.",35,[],[],[],"Patient SYNTH_PAT_00291 evaluated under evidence level [SINGLE_MODALITY]. Synthesized integrated score is 0.3557 yielding raw risk class [MODERATE]. Contributions (NLP: 0.3557 risk weight). Cross-modal concordance: [SINGLE_MODALITY]. Safety Net Override: Elevated risk patient with incomplete modality coverage (Missing: ['ML', 'DL']). Clinician review recommended. Final assigned risk is [MODERATE]."
SYNTH_PAT_01049,0.2693,LOW,LOW,0.6326,SINGLE_MODALITY,['NLP'],"['ML', 'DL']",,,HIGH,SINGLE_MODALITY,False,No active safety alerts.,39,[],[],[],Patient SYNTH_PAT_01049 evaluated under evidence level [SINGLE_MODALITY]. Synthesized integrated score is 0.2693 yielding raw risk class [LOW]. Contributions (NLP: 0.2693 risk weight). Cross-modal concordance: [SINGLE_MODALITY]. No active safety escalations triggered. Final assigned risk is [LOW].
SYNTH_PAT_01857,0.3985,MODERATE,MODERATE,0.6358,SINGLE_MODALITY,['NLP'],"['ML', 'DL']",,,HIGH,SINGLE_MODALITY,True,"Elevated risk patient with incomplete modality coverage (Missing: ['ML', 'DL']). Clinician review recommended.",38,[],[],[],"Patient SYNTH_PAT_01857 evaluated under evidence level [SINGLE_MODALITY]. Synthesized integrated score is 0.3985 yielding raw risk class [MODERATE]. Contributions (NLP: 0.3985 risk weight). Cross-modal concordance: [SINGLE_MODALITY]. Safety Net Override: Elevated risk patient with incomplete modality coverage (Missing: ['ML', 'DL']). Clinician review recommended. Final assigned risk is [MODERATE]."
SYNTH_PAT_02408,0.3194,MODERATE,LOW,0.6359,SINGLE_MODALITY,['NLP'],"['ML', 'DL']",,,HIGH,SINGLE_MODALITY,True,"Acute clinical text probability P(HIGH)=0.3194 >= 0.3; escalated LOW to MODERATE.; Elevated risk patient with incomplete modality coverage (Missing: ['ML', 'DL']). Clinician review recommended.",32,[],[],[],"Patient SYNTH_PAT_02408 evaluated under evidence level [SINGLE_MODALITY]. Synthesized integrated score is 0.3194 yielding raw risk class [LOW]. Contributions (NLP: 0.3194 risk weight). Cross-modal concordance: [SINGLE_MODALITY]. Safety Net Override: Acute clinical text probability P(HIGH)=0.3194 >= 0.3; escalated LOW to MODERATE.; Elevated risk patient with incomplete modality coverage (Missing: ['ML', 'DL']). Clinician review recommended. Final assigned risk is [MODERATE]."
SYNTH_PAT_01069,0.0486,LOW,LOW,0.6356,SINGLE_MODALITY,['NLP'],"['ML', 'DL']",,,MODERATE,SINGLE_MODALITY,False,No active safety alerts.,33,[],[],[],Patient SYNTH_PAT_01069 evaluated under evidence level [SINGLE_MODALITY]. Synthesized integrated score is 0.0486 yielding raw risk class [LOW]. Contributions (NLP: 0.0486 risk weight). Cross-modal concordance: [SINGLE_MODALITY]. No active safety escalations triggered. Final assigned risk is [LOW].
SYNTH_PAT_01053,0.2159,LOW,LOW,0.6349,SINGLE_MODALITY,['NLP'],"['ML', 'DL']",,,HIGH,SINGLE_MODALITY,False,No active safety alerts.,31,[],[],[],Patient SYNTH_PAT_01053 evaluated under evidence level [SINGLE_MODALITY]. Synthesized integrated score is 0.2159 yielding raw risk class [LOW]. Contributions (NLP: 0.2159 risk weight). Cross-modal concordance: [SINGLE_MODALITY]. No active safety escalations triggered. Final assigned risk is [LOW].
SYNTH_PAT_01262,0.3128,MODERATE,LOW,0.6345,SINGLE_MODALITY,['NLP'],"['ML', 'DL']",,,HIGH,SINGLE_MODALITY,True,"Acute clinical text probability P(HIGH)=0.3128 >= 0.3; escalated LOW to MODERATE.; Elevated risk patient with incomplete modality coverage (Missing: ['ML', 'DL']). Clinician review recommended.",32,[],[],[],"Patient SYNTH_PAT_01262 evaluated under evidence level [SINGLE_MODALITY]. Synthesized integrated score is 0.3128 yielding raw risk class [LOW]. Contributions (NLP: 0.3128 risk weight). Cross-modal concordance: [SINGLE_MODALITY]. Safety Net Override: Acute clinical text probability P(HIGH)=0.3128 >= 0.3; escalated LOW to MODERATE.; Elevated risk patient with incomplete modality coverage (Missing: ['ML', 'DL']). Clinician review recommended. Final assigned risk is [MODERATE]."
SYNTH_PAT_01486,0.2764,LOW,LOW,0.6357,SINGLE_MODALITY,['NLP'],"['ML', 'DL']",,,HIGH,SINGLE_MODALITY,False,No active safety alerts.,37,[],[],[],Patient SYNTH_PAT_01486 evaluated under evidence level [SINGLE_MODALITY]. Synthesized integrated score is 0.2764 yielding raw risk class [LOW]. Contributions (NLP: 0.2764 risk weight). Cross-modal concordance: [SINGLE_MODALITY]. No active safety escalations triggered. Final assigned risk is [LOW].
SYNTH_PAT_02176,0.4024,MODERATE,MODERATE,0.6321,SINGLE_MODALITY,['NLP'],"['ML', 'DL']",,,HIGH,SINGLE_MODALITY,True,"Elevated risk patient with incomplete modality coverage (Missing: ['ML', 'DL']). Clinician review recommended.",36,[],[],[],"Patient SYNTH_PAT_02176 evaluated under evidence level [SINGLE_MODALITY]. Synthesized integrated score is 0.4024 yielding raw risk class [MODERATE]. Contributions (NLP: 0.4024 risk weight). Cross-modal concordance: [SINGLE_MODALITY]. Safety Net Override: Elevated risk patient with incomplete modality coverage (Missing: ['ML', 'DL']). Clinician review recommended. Final assigned risk is [MODERATE]."
SYNTH_PAT_00273,0.2378,LOW,LOW,0.6343,SINGLE_MODALITY,['NLP'],"['ML', 'DL']",,,HIGH,SINGLE_MODALITY,False,No active safety alerts.,31,[],[],[],Patient SYNTH_PAT_00273 evaluated under evidence level [SINGLE_MODALITY]. Synthesized integrated score is 0.2378 yielding raw risk class [LOW]. Contributions (NLP: 0.2378 risk weight). Cross-modal concordance: [SINGLE_MODALITY]. No active safety escalations triggered. Final assigned risk is [LOW].
SYNTH_PAT_02364,0.306,MODERATE,LOW,0.63,SINGLE_MODALITY,['NLP'],"['ML', 'DL']",,,HIGH,SINGLE_MODALITY,True,"Acute clinical text probability P(HIGH)=0.306 >= 0.3; escalated LOW to MODERATE.; Elevated risk patient with incomplete modality coverage (Missing: ['ML', 'DL']). Clinician review recommended.",34,[],[],[],"Patient SYNTH_PAT_02364 evaluated under evidence level [SINGLE_MODALITY]. Synthesized integrated score is 0.3060 yielding raw risk class [LOW]. Contributions (NLP: 0.3060 risk weight). Cross-modal concordance: [SINGLE_MODALITY]. Safety Net Override: Acute clinical text probability P(HIGH)=0.306 >= 0.3; escalated LOW to MODERATE.; Elevated risk patient with incomplete modality coverage (Missing: ['ML', 'DL']). Clinician review recommended. Final assigned risk is [MODERATE]."
SYNTH_PAT_00198,0.1214,LOW,LOW,0.6304,SINGLE_MODALITY,['NLP'],"['ML', 'DL']",,,HIGH,SINGLE_MODALITY,False,No active safety alerts.,34,[],[],[],Patient SYNTH_PAT_00198 evaluated under evidence level [SINGLE_MODALITY]. Synthesized integrated score is 0.1214 yielding raw risk class [LOW]. Contributions (NLP: 0.1214 risk weight). Cross-modal concordance: [SINGLE_MODALITY]. No active safety escalations triggered. Final assigned risk is [LOW].
SYNTH_PAT_00289,0.3779,MODERATE,MODERATE,0.6241,SINGLE_MODALITY,['NLP'],"['ML', 'DL']",,,HIGH,SINGLE_MODALITY,True,"Elevated risk patient with incomplete modality coverage (Missing: ['ML', 'DL']). Clinician review recommended.",35,[],[],[],"Patient SYNTH_PAT_00289 evaluated under evidence level [SINGLE_MODALITY]. Synthesized integrated score is 0.3779 yielding raw risk class [MODERATE]. Contributions (NLP: 0.3779 risk weight). Cross-modal concordance: [SINGLE_MODALITY]. Safety Net Override: Elevated risk patient with incomplete modality coverage (Missing: ['ML', 'DL']). Clinician review recommended. Final assigned risk is [MODERATE]."
SYNTH_PAT_02059,0.486,MODERATE,MODERATE,0.625,SINGLE_MODALITY,['NLP'],"['ML', 'DL']",,,HIGH,SINGLE_MODALITY,True,"Elevated risk patient with incomplete modality coverage (Missing: ['ML', 'DL']). Clinician review recommended.",34,[],[],[],"Patient SYNTH_PAT_02059 evaluated under evidence level [SINGLE_MODALITY]. Synthesized integrated score is 0.4860 yielding raw risk class [MODERATE]. Contributions (NLP: 0.4860 risk weight). Cross-modal concordance: [SINGLE_MODALITY]. Safety Net Override: Elevated risk patient with incomplete modality coverage (Missing: ['ML', 'DL']). Clinician review recommended. Final assigned risk is [MODERATE]."
SYNTH_PAT_01932,0.389,MODERATE,MODERATE,0.6351,SINGLE_MODALITY,['NLP'],"['ML', 'DL']",,,HIGH,SINGLE_MODALITY,True,"Elevated risk patient with incomplete modality coverage (Missing: ['ML', 'DL']). Clinician review recommended.",35,[],[],[],"Patient SYNTH_PAT_01932 evaluated under evidence level [SINGLE_MODALITY]. Synthesized integrated score is 0.3890 yielding raw risk class [MODERATE]. Contributions (NLP: 0.3890 risk weight). Cross-modal concordance: [SINGLE_MODALITY]. Safety Net Override: Elevated risk patient with incomplete modality coverage (Missing: ['ML', 'DL']). Clinician review recommended. Final assigned risk is [MODERATE]."
SYNTH_PAT_01631,0.2139,LOW,LOW,0.628,SINGLE_MODALITY,['NLP'],"['ML', 'DL']",,,HIGH,SINGLE_MODALITY,False,No active safety alerts.,35,[],[],[],Patient SYNTH_PAT_01631 evaluated under evidence level [SINGLE_MODALITY]. Synthesized integrated score is 0.2139 yielding raw risk class [LOW]. Contributions (NLP: 0.2139 risk weight). Cross-modal concordance: [SINGLE_MODALITY]. No active safety escalations triggered. Final assigned risk is [LOW].
SYNTH_PAT_00831,0.57,MODERATE,MODERATE,0.6278,SINGLE_MODALITY,['NLP'],"['ML', 'DL']",,,HIGH,SINGLE_MODALITY,True,"Elevated risk patient with incomplete modality coverage (Missing: ['ML', 'DL']). Clinician review recommended.",30,[],[],[],"Patient SYNTH_PAT_00831 evaluated under evidence level [SINGLE_MODALITY]. Synthesized integrated score is 0.5700 yielding raw risk class [MODERATE]. Contributions (NLP: 0.5700 risk weight). Cross-modal concordance: [SINGLE_MODALITY]. Safety Net Override: Elevated risk patient with incomplete modality coverage (Missing: ['ML', 'DL']). Clinician review recommended. Final assigned risk is [MODERATE]."
SYNTH_PAT_02140,0.3169,MODERATE,LOW,0.634,SINGLE_MODALITY,['NLP'],"['ML', 'DL']",,,HIGH,SINGLE_MODALITY,True,"Acute clinical text probability P(HIGH)=0.3169 >= 0.3; escalated LOW to MODERATE.; Elevated risk patient with incomplete modality coverage (Missing: ['ML', 'DL']). Clinician review recommended.",36,[],[],[],"Patient SYNTH_PAT_02140 evaluated under evidence level [SINGLE_MODALITY]. Synthesized integrated score is 0.3169 yielding raw risk class [LOW]. Contributions (NLP: 0.3169 risk weight). Cross-modal concordance: [SINGLE_MODALITY]. Safety Net Override: Acute clinical text probability P(HIGH)=0.3169 >= 0.3; escalated LOW to MODERATE.; Elevated risk patient with incomplete modality coverage (Missing: ['ML', 'DL']). Clinician review recommended. Final assigned risk is [MODERATE]."
SYNTH_PAT_01004,0.4008,MODERATE,MODERATE,0.6341,SINGLE_MODALITY,['NLP'],"['ML', 'DL']",,,HIGH,SINGLE_MODALITY,True,"Elevated risk patient with incomplete modality coverage (Missing: ['ML', 'DL']). Clinician review recommended.",33,[],[],[],"Patient SYNTH_PAT_01004 evaluated under evidence level [SINGLE_MODALITY]. Synthesized integrated score is 0.4008 yielding raw risk class [MODERATE]. Contributions (NLP: 0.4008 risk weight). Cross-modal concordance: [SINGLE_MODALITY]. Safety Net Override: Elevated risk patient with incomplete modality coverage (Missing: ['ML', 'DL']). Clinician review recommended. Final assigned risk is [MODERATE]."
SYNTH_PAT_02385,0.3893,MODERATE,MODERATE,0.6363,SINGLE_MODALITY,['NLP'],"['ML', 'DL']",,,HIGH,SINGLE_MODALITY,True,"Elevated risk patient with incomplete modality coverage (Missing: ['ML', 'DL']). Clinician review recommended.",35,[],[],[],"Patient SYNTH_PAT_02385 evaluated under evidence level [SINGLE_MODALITY]. Synthesized integrated score is 0.3893 yielding raw risk class [MODERATE]. Contributions (NLP: 0.3893 risk weight). Cross-modal concordance: [SINGLE_MODALITY]. Safety Net Override: Elevated risk patient with incomplete modality coverage (Missing: ['ML', 'DL']). Clinician review recommended. Final assigned risk is [MODERATE]."
SYNTH_PAT_00922,0.4024,MODERATE,MODERATE,0.6242,SINGLE_MODALITY,['NLP'],"['ML', 'DL']",,,HIGH,SINGLE_MODALITY,True,"Elevated risk patient with incomplete modality coverage (Missing: ['ML', 'DL']). Clinician review recommended.",35,[],[],[],"Patient SYNTH_PAT_00922 evaluated under evidence level [SINGLE_MODALITY]. Synthesized integrated score is 0.4024 yielding raw risk class [MODERATE]. Contributions (NLP: 0.4024 risk weight). Cross-modal concordance: [SINGLE_MODALITY]. Safety Net Override: Elevated risk patient with incomplete modality coverage (Missing: ['ML', 'DL']). Clinician review recommended. Final assigned risk is [MODERATE]."
SYNTH_PAT_00536,0.3937,MODERATE,MODERATE,0.6363,SINGLE_MODALITY,['NLP'],"['ML', 'DL']",,,HIGH,SINGLE_MODALITY,True,"Elevated risk patient with incomplete modality coverage (Missing: ['ML', 'DL']). Clinician review recommended.",32,[],[],[],"Patient SYNTH_PAT_00536 evaluated under evidence level [SINGLE_MODALITY]. Synthesized integrated score is 0.3937 yielding raw risk class [MODERATE]. Contributions (NLP: 0.3937 risk weight). Cross-modal concordance: [SINGLE_MODALITY]. Safety Net Override: Elevated risk patient with incomplete modality coverage (Missing: ['ML', 'DL']). Clinician review recommended. Final assigned risk is [MODERATE]."
SYNTH_PAT_00987,0.2248,LOW,LOW,0.6288,SINGLE_MODALITY,['NLP'],"['ML', 'DL']",,,HIGH,SINGLE_MODALITY,False,No active safety alerts.,35,[],[],[],Patient SYNTH_PAT_00987 evaluated under evidence level [SINGLE_MODALITY]. Synthesized integrated score is 0.2248 yielding raw risk class [LOW]. Contributions (NLP: 0.2248 risk weight). Cross-modal concordance: [SINGLE_MODALITY]. No active safety escalations triggered. Final assigned risk is [LOW].
SYNTH_PAT_00256,0.2619,LOW,LOW,0.6309,SINGLE_MODALITY,['NLP'],"['ML', 'DL']",,,HIGH,SINGLE_MODALITY,False,No active safety alerts.,38,[],[],[],Patient SYNTH_PAT_00256 evaluated under evidence level [SINGLE_MODALITY]. Synthesized integrated score is 0.2619 yielding raw risk class [LOW]. Contributions (NLP: 0.2619 risk weight). Cross-modal concordance: [SINGLE_MODALITY]. No active safety escalations triggered. Final assigned risk is [LOW].
SYNTH_PAT_00898,0.2625,LOW,LOW,0.6343,SINGLE_MODALITY,['NLP'],"['ML', 'DL']",,,HIGH,SINGLE_MODALITY,False,No active safety alerts.,34,[],[],[],Patient SYNTH_PAT_00898 evaluated under evidence level [SINGLE_MODALITY]. Synthesized integrated score is 0.2625 yielding raw risk class [LOW]. Contributions (NLP: 0.2625 risk weight). Cross-modal concordance: [SINGLE_MODALITY]. No active safety escalations triggered. Final assigned risk is [LOW].
SYNTH_PAT_00314,0.0464,LOW,LOW,0.6343,SINGLE_MODALITY,['NLP'],"['ML', 'DL']",,,MODERATE,SINGLE_MODALITY,False,No active safety alerts.,37,[],[],[],Patient SYNTH_PAT_00314 evaluated under evidence level [SINGLE_MODALITY]. Synthesized integrated score is 0.0464 yielding raw risk class [LOW]. Contributions (NLP: 0.0464 risk weight). Cross-modal concordance: [SINGLE_MODALITY]. No active safety escalations triggered. Final assigned risk is [LOW].
SYNTH_PAT_02348,0.5682,MODERATE,MODERATE,0.6369,SINGLE_MODALITY,['NLP'],"['ML', 'DL']",,,HIGH,SINGLE_MODALITY,True,"Elevated risk patient with incomplete modality coverage (Missing: ['ML', 'DL']). Clinician review recommended.",31,[],[],[],"Patient SYNTH_PAT_02348 evaluated under evidence level [SINGLE_MODALITY]. Synthesized integrated score is 0.5682 yielding raw risk class [MODERATE]. Contributions (NLP: 0.5682 risk weight). Cross-modal concordance: [SINGLE_MODALITY]. Safety Net Override: Elevated risk patient with incomplete modality coverage (Missing: ['ML', 'DL']). Clinician review recommended. Final assigned risk is [MODERATE]."
SYNTH_PAT_01570,0.3613,MODERATE,MODERATE,0.6366,SINGLE_MODALITY,['NLP'],"['ML', 'DL']",,,HIGH,SINGLE_MODALITY,True,"Elevated risk patient with incomplete modality coverage (Missing: ['ML', 'DL']). Clinician review recommended.",34,[],[],[],"Patient SYNTH_PAT_01570 evaluated under evidence level [SINGLE_MODALITY]. Synthesized integrated score is 0.3613 yielding raw risk class [MODERATE]. Contributions (NLP: 0.3613 risk weight). Cross-modal concordance: [SINGLE_MODALITY]. Safety Net Override: Elevated risk patient with incomplete modality coverage (Missing: ['ML', 'DL']). Clinician review recommended. Final assigned risk is [MODERATE]."
SYNTH_PAT_01905,0.2948,LOW,LOW,0.6356,SINGLE_MODALITY,['NLP'],"['ML', 'DL']",,,HIGH,SINGLE_MODALITY,False,No active safety alerts.,33,[],[],[],Patient SYNTH_PAT_01905 evaluated under evidence level [SINGLE_MODALITY]. Synthesized integrated score is 0.2948 yielding raw risk class [LOW]. Contributions (NLP: 0.2948 risk weight). Cross-modal concordance: [SINGLE_MODALITY]. No active safety escalations triggered. Final assigned risk is [LOW].
SYNTH_PAT_00325,0.558,MODERATE,MODERATE,0.6247,SINGLE_MODALITY,['NLP'],"['ML', 'DL']",,,HIGH,SINGLE_MODALITY,True,"Elevated risk patient with incomplete modality coverage (Missing: ['ML', 'DL']). Clinician review recommended.",35,[],[],[],"Patient SYNTH_PAT_00325 evaluated under evidence level [SINGLE_MODALITY]. Synthesized integrated score is 0.5580 yielding raw risk class [MODERATE]. Contributions (NLP: 0.5580 risk weight). Cross-modal concordance: [SINGLE_MODALITY]. Safety Net Override: Elevated risk patient with incomplete modality coverage (Missing: ['ML', 'DL']). Clinician review recommended. Final assigned risk is [MODERATE]."
SYNTH_PAT_01973,0.5714,MODERATE,MODERATE,0.6343,SINGLE_MODALITY,['NLP'],"['ML', 'DL']",,,HIGH,SINGLE_MODALITY,True,"Elevated risk patient with incomplete modality coverage (Missing: ['ML', 'DL']). Clinician review recommended.",33,[],[],[],"Patient SYNTH_PAT_01973 evaluated under evidence level [SINGLE_MODALITY]. Synthesized integrated score is 0.5714 yielding raw risk class [MODERATE]. Contributions (NLP: 0.5714 risk weight). Cross-modal concordance: [SINGLE_MODALITY]. Safety Net Override: Elevated risk patient with incomplete modality coverage (Missing: ['ML', 'DL']). Clinician review recommended. Final assigned risk is [MODERATE]."
SYNTH_PAT_01663,0.1811,LOW,LOW,0.6183,SINGLE_MODALITY,['NLP'],"['ML', 'DL']",,,HIGH,SINGLE_MODALITY,False,No active safety alerts.,34,[],[],[],Patient SYNTH_PAT_01663 evaluated under evidence level [SINGLE_MODALITY]. Synthesized integrated score is 0.1811 yielding raw risk class [LOW]. Contributions (NLP: 0.1811 risk weight). Cross-modal concordance: [SINGLE_MODALITY]. No active safety escalations triggered. Final assigned risk is [LOW].
SYNTH_PAT_02237,0.4252,MODERATE,MODERATE,0.6218,SINGLE_MODALITY,['NLP'],"['ML', 'DL']",,,HIGH,SINGLE_MODALITY,True,"Elevated risk patient with incomplete modality coverage (Missing: ['ML', 'DL']). Clinician review recommended.",35,[],[],[],"Patient SYNTH_PAT_02237 evaluated under evidence level [SINGLE_MODALITY]. Synthesized integrated score is 0.4252 yielding raw risk class [MODERATE]. Contributions (NLP: 0.4252 risk weight). Cross-modal concordance: [SINGLE_MODALITY]. Safety Net Override: Elevated risk patient with incomplete modality coverage (Missing: ['ML', 'DL']). Clinician review recommended. Final assigned risk is [MODERATE]."
SYNTH_PAT_00306,0.2933,LOW,LOW,0.6319,SINGLE_MODALITY,['NLP'],"['ML', 'DL']",,,HIGH,SINGLE_MODALITY,False,No active safety alerts.,37,[],[],[],Patient SYNTH_PAT_00306 evaluated under evidence level [SINGLE_MODALITY]. Synthesized integrated score is 0.2933 yielding raw risk class [LOW]. Contributions (NLP: 0.2933 risk weight). Cross-modal concordance: [SINGLE_MODALITY]. No active safety escalations triggered. Final assigned risk is [LOW].
SYNTH_PAT_00848,0.2941,LOW,LOW,0.6356,SINGLE_MODALITY,['NLP'],"['ML', 'DL']",,,HIGH,SINGLE_MODALITY,False,No active safety alerts.,34,[],[],[],Patient SYNTH_PAT_00848 evaluated under evidence level [SINGLE_MODALITY]. Synthesized integrated score is 0.2941 yielding raw risk class [LOW]. Contributions (NLP: 0.2941 risk weight). Cross-modal concordance: [SINGLE_MODALITY]. No active safety escalations triggered. Final assigned risk is [LOW].
SYNTH_PAT_01591,0.3089,MODERATE,LOW,0.6278,SINGLE_MODALITY,['NLP'],"['ML', 'DL']",,,HIGH,SINGLE_MODALITY,True,"Acute clinical text probability P(HIGH)=0.3089 >= 0.3; escalated LOW to MODERATE.; Elevated risk patient with incomplete modality coverage (Missing: ['ML', 'DL']). Clinician review recommended.",33,[],[],[],"Patient SYNTH_PAT_01591 evaluated under evidence level [SINGLE_MODALITY]. Synthesized integrated score is 0.3089 yielding raw risk class [LOW]. Contributions (NLP: 0.3089 risk weight). Cross-modal concordance: [SINGLE_MODALITY]. Safety Net Override: Acute clinical text probability P(HIGH)=0.3089 >= 0.3; escalated LOW to MODERATE.; Elevated risk patient with incomplete modality coverage (Missing: ['ML', 'DL']). Clinician review recommended. Final assigned risk is [MODERATE]."
SYNTH_PAT_00640,0.4811,MODERATE,MODERATE,0.6283,SINGLE_MODALITY,['NLP'],"['ML', 'DL']",,,HIGH,SINGLE_MODALITY,True,"Elevated risk patient with incomplete modality coverage (Missing: ['ML', 'DL']). Clinician review recommended.",32,[],[],[],"Patient SYNTH_PAT_00640 evaluated under evidence level [SINGLE_MODALITY]. Synthesized integrated score is 0.4811 yielding raw risk class [MODERATE]. Contributions (NLP: 0.4811 risk weight). Cross-modal concordance: [SINGLE_MODALITY]. Safety Net Override: Elevated risk patient with incomplete modality coverage (Missing: ['ML', 'DL']). Clinician review recommended. Final assigned risk is [MODERATE]."
SYNTH_PAT_01536,0.3341,MODERATE,MODERATE,0.6304,SINGLE_MODALITY,['NLP'],"['ML', 'DL']",,,HIGH,SINGLE_MODALITY,True,"Elevated risk patient with incomplete modality coverage (Missing: ['ML', 'DL']). Clinician review recommended.",41,[],[],[],"Patient SYNTH_PAT_01536 evaluated under evidence level [SINGLE_MODALITY]. Synthesized integrated score is 0.3341 yielding raw risk class [MODERATE]. Contributions (NLP: 0.3341 risk weight). Cross-modal concordance: [SINGLE_MODALITY]. Safety Net Override: Elevated risk patient with incomplete modality coverage (Missing: ['ML', 'DL']). Clinician review recommended. Final assigned risk is [MODERATE]."
SYNTH_PAT_00777,0.5132,MODERATE,MODERATE,0.6313,SINGLE_MODALITY,['NLP'],"['ML', 'DL']",,,HIGH,SINGLE_MODALITY,True,"Elevated risk patient with incomplete modality coverage (Missing: ['ML', 'DL']). Clinician review recommended.",32,[],[],[],"Patient SYNTH_PAT_00777 evaluated under evidence level [SINGLE_MODALITY]. Synthesized integrated score is 0.5132 yielding raw risk class [MODERATE]. Contributions (NLP: 0.5132 risk weight). Cross-modal concordance: [SINGLE_MODALITY]. Safety Net Override: Elevated risk patient with incomplete modality coverage (Missing: ['ML', 'DL']). Clinician review recommended. Final assigned risk is [MODERATE]."
SYNTH_PAT_00393,0.4111,MODERATE,MODERATE,0.6349,SINGLE_MODALITY,['NLP'],"['ML', 'DL']",,,HIGH,SINGLE_MODALITY,True,"Elevated risk patient with incomplete modality coverage (Missing: ['ML', 'DL']). Clinician review recommended.",36,[],[],[],"Patient SYNTH_PAT_00393 evaluated under evidence level [SINGLE_MODALITY]. Synthesized integrated score is 0.4111 yielding raw risk class [MODERATE]. Contributions (NLP: 0.4111 risk weight). Cross-modal concordance: [SINGLE_MODALITY]. Safety Net Override: Elevated risk patient with incomplete modality coverage (Missing: ['ML', 'DL']). Clinician review recommended. Final assigned risk is [MODERATE]."
SYNTH_PAT_00575,0.3088,MODERATE,LOW,0.6354,SINGLE_MODALITY,['NLP'],"['ML', 'DL']",,,HIGH,SINGLE_MODALITY,True,"Acute clinical text probability P(HIGH)=0.3088 >= 0.3; escalated LOW to MODERATE.; Elevated risk patient with incomplete modality coverage (Missing: ['ML', 'DL']). Clinician review recommended.",33,[],[],[],"Patient SYNTH_PAT_00575 evaluated under evidence level [SINGLE_MODALITY]. Synthesized integrated score is 0.3088 yielding raw risk class [LOW]. Contributions (NLP: 0.3088 risk weight). Cross-modal concordance: [SINGLE_MODALITY]. Safety Net Override: Acute clinical text probability P(HIGH)=0.3088 >= 0.3; escalated LOW to MODERATE.; Elevated risk patient with incomplete modality coverage (Missing: ['ML', 'DL']). Clinician review recommended. Final assigned risk is [MODERATE]."
SYNTH_PAT_01471,0.3928,MODERATE,MODERATE,0.6367,SINGLE_MODALITY,['NLP'],"['ML', 'DL']",,,HIGH,SINGLE_MODALITY,True,"Elevated risk patient with incomplete modality coverage (Missing: ['ML', 'DL']). Clinician review recommended.",37,[],[],[],"Patient SYNTH_PAT_01471 evaluated under evidence level [SINGLE_MODALITY]. Synthesized integrated score is 0.3928 yielding raw risk class [MODERATE]. Contributions (NLP: 0.3928 risk weight). Cross-modal concordance: [SINGLE_MODALITY]. Safety Net Override: Elevated risk patient with incomplete modality coverage (Missing: ['ML', 'DL']). Clinician review recommended. Final assigned risk is [MODERATE]."
SYNTH_PAT_02095,0.564,MODERATE,MODERATE,0.6336,SINGLE_MODALITY,['NLP'],"['ML', 'DL']",,,HIGH,SINGLE_MODALITY,True,"Elevated risk patient with incomplete modality coverage (Missing: ['ML', 'DL']). Clinician review recommended.",30,[],[],[],"Patient SYNTH_PAT_02095 evaluated under evidence level [SINGLE_MODALITY]. Synthesized integrated score is 0.5640 yielding raw risk class [MODERATE]. Contributions (NLP: 0.5640 risk weight). Cross-modal concordance: [SINGLE_MODALITY]. Safety Net Override: Elevated risk patient with incomplete modality coverage (Missing: ['ML', 'DL']). Clinician review recommended. Final assigned risk is [MODERATE]."
SYNTH_PAT_00364,0.3854,MODERATE,MODERATE,0.6303,SINGLE_MODALITY,['NLP'],"['ML', 'DL']",,,HIGH,SINGLE_MODALITY,True,"Elevated risk patient with incomplete modality coverage (Missing: ['ML', 'DL']). Clinician review recommended.",36,[],[],[],"Patient SYNTH_PAT_00364 evaluated under evidence level [SINGLE_MODALITY]. Synthesized integrated score is 0.3854 yielding raw risk class [MODERATE]. Contributions (NLP: 0.3854 risk weight). Cross-modal concordance: [SINGLE_MODALITY]. Safety Net Override: Elevated risk patient with incomplete modality coverage (Missing: ['ML', 'DL']). Clinician review recommended. Final assigned risk is [MODERATE]."
SYNTH_PAT_01326,0.4876,MODERATE,MODERATE,0.6131,SINGLE_MODALITY,['NLP'],"['ML', 'DL']",,,HIGH,SINGLE_MODALITY,True,"Elevated risk patient with incomplete modality coverage (Missing: ['ML', 'DL']). Clinician review recommended.",35,[],[],[],"Patient SYNTH_PAT_01326 evaluated under evidence level [SINGLE_MODALITY]. Synthesized integrated score is 0.4876 yielding raw risk class [MODERATE]. Contributions (NLP: 0.4876 risk weight). Cross-modal concordance: [SINGLE_MODALITY]. Safety Net Override: Elevated risk patient with incomplete modality coverage (Missing: ['ML', 'DL']). Clinician review recommended. Final assigned risk is [MODERATE]."
SYNTH_PAT_00190,0.5501,MODERATE,MODERATE,0.6363,SINGLE_MODALITY,['NLP'],"['ML', 'DL']",,,HIGH,SINGLE_MODALITY,True,"Elevated risk patient with incomplete modality coverage (Missing: ['ML', 'DL']). Clinician review recommended.",32,[],[],[],"Patient SYNTH_PAT_00190 evaluated under evidence level [SINGLE_MODALITY]. Synthesized integrated score is 0.5501 yielding raw risk class [MODERATE]. Contributions (NLP: 0.5501 risk weight). Cross-modal concordance: [SINGLE_MODALITY]. Safety Net Override: Elevated risk patient with incomplete modality coverage (Missing: ['ML', 'DL']). Clinician review recommended. Final assigned risk is [MODERATE]."
SYNTH_PAT_02302,0.2998,LOW,LOW,0.6274,SINGLE_MODALITY,['NLP'],"['ML', 'DL']",,,HIGH,SINGLE_MODALITY,False,No active safety alerts.,37,[],[],[],Patient SYNTH_PAT_02302 evaluated under evidence level [SINGLE_MODALITY]. Synthesized integrated score is 0.2998 yielding raw risk class [LOW]. Contributions (NLP: 0.2998 risk weight). Cross-modal concordance: [SINGLE_MODALITY]. No active safety escalations triggered. Final assigned risk is [LOW].
SYNTH_PAT_01451,0.2278,LOW,LOW,0.6332,SINGLE_MODALITY,['NLP'],"['ML', 'DL']",,,HIGH,SINGLE_MODALITY,False,No active safety alerts.,34,[],[],[],Patient SYNTH_PAT_01451 evaluated under evidence level [SINGLE_MODALITY]. Synthesized integrated score is 0.2278 yielding raw risk class [LOW]. Contributions (NLP: 0.2278 risk weight). Cross-modal concordance: [SINGLE_MODALITY]. No active safety escalations triggered. Final assigned risk is [LOW].
SYNTH_PAT_02199,0.388,MODERATE,MODERATE,0.6274,SINGLE_MODALITY,['NLP'],"['ML', 'DL']",,,HIGH,SINGLE_MODALITY,True,"Elevated risk patient with incomplete modality coverage (Missing: ['ML', 'DL']). Clinician review recommended.",33,[],[],[],"Patient SYNTH_PAT_02199 evaluated under evidence level [SINGLE_MODALITY]. Synthesized integrated score is 0.3880 yielding raw risk class [MODERATE]. Contributions (NLP: 0.3880 risk weight). Cross-modal concordance: [SINGLE_MODALITY]. Safety Net Override: Elevated risk patient with incomplete modality coverage (Missing: ['ML', 'DL']). Clinician review recommended. Final assigned risk is [MODERATE]."
SYNTH_PAT_02490,0.2709,LOW,LOW,0.6351,SINGLE_MODALITY,['NLP'],"['ML', 'DL']",,,HIGH,SINGLE_MODALITY,False,No active safety alerts.,36,[],[],[],Patient SYNTH_PAT_02490 evaluated under evidence level [SINGLE_MODALITY]. Synthesized integrated score is 0.2709 yielding raw risk class [LOW]. Contributions (NLP: 0.2709 risk weight). Cross-modal concordance: [SINGLE_MODALITY]. No active safety escalations triggered. Final assigned risk is [LOW].
SYNTH_PAT_02370,0.2273,LOW,LOW,0.6332,SINGLE_MODALITY,['NLP'],"['ML', 'DL']",,,HIGH,SINGLE_MODALITY,False,No active safety alerts.,35,[],[],[],Patient SYNTH_PAT_02370 evaluated under evidence level [SINGLE_MODALITY]. Synthesized integrated score is 0.2273 yielding raw risk class [LOW]. Contributions (NLP: 0.2273 risk weight). Cross-modal concordance: [SINGLE_MODALITY]. No active safety escalations triggered. Final assigned risk is [LOW].
SYNTH_PAT_00195,0.5628,MODERATE,MODERATE,0.6312,SINGLE_MODALITY,['NLP'],"['ML', 'DL']",,,HIGH,SINGLE_MODALITY,True,"Elevated risk patient with incomplete modality coverage (Missing: ['ML', 'DL']). Clinician review recommended.",34,[],[],[],"Patient SYNTH_PAT_00195 evaluated under evidence level [SINGLE_MODALITY]. Synthesized integrated score is 0.5628 yielding raw risk class [MODERATE]. Contributions (NLP: 0.5628 risk weight). Cross-modal concordance: [SINGLE_MODALITY]. Safety Net Override: Elevated risk patient with incomplete modality coverage (Missing: ['ML', 'DL']). Clinician review recommended. Final assigned risk is [MODERATE]."
SYNTH_PAT_01130,0.2987,LOW,LOW,0.6234,SINGLE_MODALITY,['NLP'],"['ML', 'DL']",,,HIGH,SINGLE_MODALITY,False,No active safety alerts.,34,[],[],[],Patient SYNTH_PAT_01130 evaluated under evidence level [SINGLE_MODALITY]. Synthesized integrated score is 0.2987 yielding raw risk class [LOW]. Contributions (NLP: 0.2987 risk weight). Cross-modal concordance: [SINGLE_MODALITY]. No active safety escalations triggered. Final assigned risk is [LOW].
SYNTH_PAT_01059,0.2995,LOW,LOW,0.6252,SINGLE_MODALITY,['NLP'],"['ML', 'DL']",,,HIGH,SINGLE_MODALITY,False,No active safety alerts.,33,[],[],[],Patient SYNTH_PAT_01059 evaluated under evidence level [SINGLE_MODALITY]. Synthesized integrated score is 0.2995 yielding raw risk class [LOW]. Contributions (NLP: 0.2995 risk weight). Cross-modal concordance: [SINGLE_MODALITY]. No active safety escalations triggered. Final assigned risk is [LOW].
SYNTH_PAT_01994,0.3997,MODERATE,MODERATE,0.6341,SINGLE_MODALITY,['NLP'],"['ML', 'DL']",,,HIGH,SINGLE_MODALITY,True,"Elevated risk patient with incomplete modality coverage (Missing: ['ML', 'DL']). Clinician review recommended.",34,[],[],[],"Patient SYNTH_PAT_01994 evaluated under evidence level [SINGLE_MODALITY]. Synthesized integrated score is 0.3997 yielding raw risk class [MODERATE]. Contributions (NLP: 0.3997 risk weight). Cross-modal concordance: [SINGLE_MODALITY]. Safety Net Override: Elevated risk patient with incomplete modality coverage (Missing: ['ML', 'DL']). Clinician review recommended. Final assigned risk is [MODERATE]."
SYNTH_PAT_00413,0.3161,MODERATE,LOW,0.6313,SINGLE_MODALITY,['NLP'],"['ML', 'DL']",,,HIGH,SINGLE_MODALITY,True,"Acute clinical text probability P(HIGH)=0.3161 >= 0.3; escalated LOW to MODERATE.; Elevated risk patient with incomplete modality coverage (Missing: ['ML', 'DL']). Clinician review recommended.",33,[],[],[],"Patient SYNTH_PAT_00413 evaluated under evidence level [SINGLE_MODALITY]. Synthesized integrated score is 0.3161 yielding raw risk class [LOW]. Contributions (NLP: 0.3161 risk weight). Cross-modal concordance: [SINGLE_MODALITY]. Safety Net Override: Acute clinical text probability P(HIGH)=0.3161 >= 0.3; escalated LOW to MODERATE.; Elevated risk patient with incomplete modality coverage (Missing: ['ML', 'DL']). Clinician review recommended. Final assigned risk is [MODERATE]."
SYNTH_PAT_01266,0.2026,LOW,LOW,0.6286,SINGLE_MODALITY,['NLP'],"['ML', 'DL']",,,HIGH,SINGLE_MODALITY,False,No active safety alerts.,35,[],[],[],Patient SYNTH_PAT_01266 evaluated under evidence level [SINGLE_MODALITY]. Synthesized integrated score is 0.2026 yielding raw risk class [LOW]. Contributions (NLP: 0.2026 risk weight). Cross-modal concordance: [SINGLE_MODALITY]. No active safety escalations triggered. Final assigned risk is [LOW].
SYNTH_PAT_01041,0.4172,MODERATE,MODERATE,0.63,SINGLE_MODALITY,['NLP'],"['ML', 'DL']",,,HIGH,SINGLE_MODALITY,True,"Elevated risk patient with incomplete modality coverage (Missing: ['ML', 'DL']). Clinician review recommended.",34,[],[],[],"Patient SYNTH_PAT_01041 evaluated under evidence level [SINGLE_MODALITY]. Synthesized integrated score is 0.4172 yielding raw risk class [MODERATE]. Contributions (NLP: 0.4172 risk weight). Cross-modal concordance: [SINGLE_MODALITY]. Safety Net Override: Elevated risk patient with incomplete modality coverage (Missing: ['ML', 'DL']). Clinician review recommended. Final assigned risk is [MODERATE]."
SYNTH_PAT_01802,0.5358,MODERATE,MODERATE,0.6367,SINGLE_MODALITY,['NLP'],"['ML', 'DL']",,,HIGH,SINGLE_MODALITY,True,"Elevated risk patient with incomplete modality coverage (Missing: ['ML', 'DL']). Clinician review recommended.",38,[],[],[],"Patient SYNTH_PAT_01802 evaluated under evidence level [SINGLE_MODALITY]. Synthesized integrated score is 0.5358 yielding raw risk class [MODERATE]. Contributions (NLP: 0.5358 risk weight). Cross-modal concordance: [SINGLE_MODALITY]. Safety Net Override: Elevated risk patient with incomplete modality coverage (Missing: ['ML', 'DL']). Clinician review recommended. Final assigned risk is [MODERATE]."
SYNTH_PAT_00802,0.2962,LOW,LOW,0.6369,SINGLE_MODALITY,['NLP'],"['ML', 'DL']",,,HIGH,SINGLE_MODALITY,False,No active safety alerts.,33,[],[],[],Patient SYNTH_PAT_00802 evaluated under evidence level [SINGLE_MODALITY]. Synthesized integrated score is 0.2962 yielding raw risk class [LOW]. Contributions (NLP: 0.2962 risk weight). Cross-modal concordance: [SINGLE_MODALITY]. No active safety escalations triggered. Final assigned risk is [LOW].
SYNTH_PAT_00700,0.3122,MODERATE,LOW,0.6369,SINGLE_MODALITY,['NLP'],"['ML', 'DL']",,,HIGH,SINGLE_MODALITY,True,"Acute clinical text probability P(HIGH)=0.3122 >= 0.3; escalated LOW to MODERATE.; Elevated risk patient with incomplete modality coverage (Missing: ['ML', 'DL']). Clinician review recommended.",37,[],[],[],"Patient SYNTH_PAT_00700 evaluated under evidence level [SINGLE_MODALITY]. Synthesized integrated score is 0.3122 yielding raw risk class [LOW]. Contributions (NLP: 0.3122 risk weight). Cross-modal concordance: [SINGLE_MODALITY]. Safety Net Override: Acute clinical text probability P(HIGH)=0.3122 >= 0.3; escalated LOW to MODERATE.; Elevated risk patient with incomplete modality coverage (Missing: ['ML', 'DL']). Clinician review recommended. Final assigned risk is [MODERATE]."
SYNTH_PAT_02335,0.3196,MODERATE,LOW,0.6339,SINGLE_MODALITY,['NLP'],"['ML', 'DL']",,,HIGH,SINGLE_MODALITY,True,"Acute clinical text probability P(HIGH)=0.3196 >= 0.3; escalated LOW to MODERATE.; Elevated risk patient with incomplete modality coverage (Missing: ['ML', 'DL']). Clinician review recommended.",35,[],[],[],"Patient SYNTH_PAT_02335 evaluated under evidence level [SINGLE_MODALITY]. Synthesized integrated score is 0.3196 yielding raw risk class [LOW]. Contributions (NLP: 0.3196 risk weight). Cross-modal concordance: [SINGLE_MODALITY]. Safety Net Override: Acute clinical text probability P(HIGH)=0.3196 >= 0.3; escalated LOW to MODERATE.; Elevated risk patient with incomplete modality coverage (Missing: ['ML', 'DL']). Clinician review recommended. Final assigned risk is [MODERATE]."
SYNTH_PAT_02280,0.401,MODERATE,MODERATE,0.6332,SINGLE_MODALITY,['NLP'],"['ML', 'DL']",,,HIGH,SINGLE_MODALITY,True,"Elevated risk patient with incomplete modality coverage (Missing: ['ML', 'DL']). Clinician review recommended.",34,[],[],[],"Patient SYNTH_PAT_02280 evaluated under evidence level [SINGLE_MODALITY]. Synthesized integrated score is 0.4010 yielding raw risk class [MODERATE]. Contributions (NLP: 0.4010 risk weight). Cross-modal concordance: [SINGLE_MODALITY]. Safety Net Override: Elevated risk patient with incomplete modality coverage (Missing: ['ML', 'DL']). Clinician review recommended. Final assigned risk is [MODERATE]."
SYNTH_PAT_01421,0.1245,LOW,LOW,0.6315,SINGLE_MODALITY,['NLP'],"['ML', 'DL']",,,HIGH,SINGLE_MODALITY,False,No active safety alerts.,33,[],[],[],Patient SYNTH_PAT_01421 evaluated under evidence level [SINGLE_MODALITY]. Synthesized integrated score is 0.1245 yielding raw risk class [LOW]. Contributions (NLP: 0.1245 risk weight). Cross-modal concordance: [SINGLE_MODALITY]. No active safety escalations triggered. Final assigned risk is [LOW].
SYNTH_PAT_01185,0.3924,MODERATE,MODERATE,0.6321,SINGLE_MODALITY,['NLP'],"['ML', 'DL']",,,HIGH,SINGLE_MODALITY,True,"Elevated risk patient with incomplete modality coverage (Missing: ['ML', 'DL']). Clinician review recommended.",30,[],[],[],"Patient SYNTH_PAT_01185 evaluated under evidence level [SINGLE_MODALITY]. Synthesized integrated score is 0.3924 yielding raw risk class [MODERATE]. Contributions (NLP: 0.3924 risk weight). Cross-modal concordance: [SINGLE_MODALITY]. Safety Net Override: Elevated risk patient with incomplete modality coverage (Missing: ['ML', 'DL']). Clinician review recommended. Final assigned risk is [MODERATE]."
SYNTH_PAT_00641,0.0365,LOW,LOW,0.6357,SINGLE_MODALITY,['NLP'],"['ML', 'DL']",,,MODERATE,SINGLE_MODALITY,False,No active safety alerts.,35,[],[],[],Patient SYNTH_PAT_00641 evaluated under evidence level [SINGLE_MODALITY]. Synthesized integrated score is 0.0365 yielding raw risk class [LOW]. Contributions (NLP: 0.0365 risk weight). Cross-modal concordance: [SINGLE_MODALITY]. No active safety escalations triggered. Final assigned risk is [LOW].
SYNTH_PAT_01939,0.35,MODERATE,MODERATE,0.6169,SINGLE_MODALITY,['NLP'],"['ML', 'DL']",,,HIGH,SINGLE_MODALITY,True,"Elevated risk patient with incomplete modality coverage (Missing: ['ML', 'DL']). Clinician review recommended.",33,[],[],[],"Patient SYNTH_PAT_01939 evaluated under evidence level [SINGLE_MODALITY]. Synthesized integrated score is 0.3500 yielding raw risk class [MODERATE]. Contributions (NLP: 0.3500 risk weight). Cross-modal concordance: [SINGLE_MODALITY]. Safety Net Override: Elevated risk patient with incomplete modality coverage (Missing: ['ML', 'DL']). Clinician review recommended. Final assigned risk is [MODERATE]."
SYNTH_PAT_00579,0.2082,LOW,LOW,0.6362,SINGLE_MODALITY,['NLP'],"['ML', 'DL']",,,HIGH,SINGLE_MODALITY,False,No active safety alerts.,36,[],[],[],Patient SYNTH_PAT_00579 evaluated under evidence level [SINGLE_MODALITY]. Synthesized integrated score is 0.2082 yielding raw risk class [LOW]. Contributions (NLP: 0.2082 risk weight). Cross-modal concordance: [SINGLE_MODALITY]. No active safety escalations triggered. Final assigned risk is [LOW].
SYNTH_PAT_00512,0.178,LOW,LOW,0.6368,SINGLE_MODALITY,['NLP'],"['ML', 'DL']",,,HIGH,SINGLE_MODALITY,False,No active safety alerts.,32,[],[],[],Patient SYNTH_PAT_00512 evaluated under evidence level [SINGLE_MODALITY]. Synthesized integrated score is 0.1780 yielding raw risk class [LOW]. Contributions (NLP: 0.1780 risk weight). Cross-modal concordance: [SINGLE_MODALITY]. No active safety escalations triggered. Final assigned risk is [LOW].
SYNTH_PAT_02321,0.5539,MODERATE,MODERATE,0.6199,SINGLE_MODALITY,['NLP'],"['ML', 'DL']",,,HIGH,SINGLE_MODALITY,True,"Elevated risk patient with incomplete modality coverage (Missing: ['ML', 'DL']). Clinician review recommended.",33,[],[],[],"Patient SYNTH_PAT_02321 evaluated under evidence level [SINGLE_MODALITY]. Synthesized integrated score is 0.5539 yielding raw risk class [MODERATE]. Contributions (NLP: 0.5539 risk weight). Cross-modal concordance: [SINGLE_MODALITY]. Safety Net Override: Elevated risk patient with incomplete modality coverage (Missing: ['ML', 'DL']). Clinician review recommended. Final assigned risk is [MODERATE]."
SYNTH_PAT_02022,0.3912,MODERATE,MODERATE,0.6314,SINGLE_MODALITY,['NLP'],"['ML', 'DL']",,,HIGH,SINGLE_MODALITY,True,"Elevated risk patient with incomplete modality coverage (Missing: ['ML', 'DL']). Clinician review recommended.",31,[],[],[],"Patient SYNTH_PAT_02022 evaluated under evidence level [SINGLE_MODALITY]. Synthesized integrated score is 0.3912 yielding raw risk class [MODERATE]. Contributions (NLP: 0.3912 risk weight). Cross-modal concordance: [SINGLE_MODALITY]. Safety Net Override: Elevated risk patient with incomplete modality coverage (Missing: ['ML', 'DL']). Clinician review recommended. Final assigned risk is [MODERATE]."
SYNTH_PAT_00270,0.0904,LOW,LOW,0.6365,SINGLE_MODALITY,['NLP'],"['ML', 'DL']",,,HIGH,SINGLE_MODALITY,False,No active safety alerts.,40,[],[],[],Patient SYNTH_PAT_00270 evaluated under evidence level [SINGLE_MODALITY]. Synthesized integrated score is 0.0904 yielding raw risk class [LOW]. Contributions (NLP: 0.0904 risk weight). Cross-modal concordance: [SINGLE_MODALITY]. No active safety escalations triggered. Final assigned risk is [LOW].
SYNTH_PAT_00904,0.3844,MODERATE,MODERATE,0.6351,SINGLE_MODALITY,['NLP'],"['ML', 'DL']",,,HIGH,SINGLE_MODALITY,True,"Elevated risk patient with incomplete modality coverage (Missing: ['ML', 'DL']). Clinician review recommended.",36,[],[],[],"Patient SYNTH_PAT_00904 evaluated under evidence level [SINGLE_MODALITY]. Synthesized integrated score is 0.3844 yielding raw risk class [MODERATE]. Contributions (NLP: 0.3844 risk weight). Cross-modal concordance: [SINGLE_MODALITY]. Safety Net Override: Elevated risk patient with incomplete modality coverage (Missing: ['ML', 'DL']). Clinician review recommended. Final assigned risk is [MODERATE]."
SYNTH_PAT_01291,0.5804,MODERATE,MODERATE,0.6251,SINGLE_MODALITY,['NLP'],"['ML', 'DL']",,,HIGH,SINGLE_MODALITY,True,"Elevated risk patient with incomplete modality coverage (Missing: ['ML', 'DL']). Clinician review recommended.",32,[],[],[],"Patient SYNTH_PAT_01291 evaluated under evidence level [SINGLE_MODALITY]. Synthesized integrated score is 0.5804 yielding raw risk class [MODERATE]. Contributions (NLP: 0.5804 risk weight). Cross-modal concordance: [SINGLE_MODALITY]. Safety Net Override: Elevated risk patient with incomplete modality coverage (Missing: ['ML', 'DL']). Clinician review recommended. Final assigned risk is [MODERATE]."
SYNTH_PAT_01936,0.3118,MODERATE,LOW,0.6313,SINGLE_MODALITY,['NLP'],"['ML', 'DL']",,,HIGH,SINGLE_MODALITY,True,"Acute clinical text probability P(HIGH)=0.3118 >= 0.3; escalated LOW to MODERATE.; Elevated risk patient with incomplete modality coverage (Missing: ['ML', 'DL']). Clinician review recommended.",34,[],[],[],"Patient SYNTH_PAT_01936 evaluated under evidence level [SINGLE_MODALITY]. Synthesized integrated score is 0.3118 yielding raw risk class [LOW]. Contributions (NLP: 0.3118 risk weight). Cross-modal concordance: [SINGLE_MODALITY]. Safety Net Override: Acute clinical text probability P(HIGH)=0.3118 >= 0.3; escalated LOW to MODERATE.; Elevated risk patient with incomplete modality coverage (Missing: ['ML', 'DL']). Clinician review recommended. Final assigned risk is [MODERATE]."
SYNTH_PAT_01554,0.4613,MODERATE,MODERATE,0.6354,SINGLE_MODALITY,['NLP'],"['ML', 'DL']",,,HIGH,SINGLE_MODALITY,True,"Elevated risk patient with incomplete modality coverage (Missing: ['ML', 'DL']). Clinician review recommended.",31,[],[],[],"Patient SYNTH_PAT_01554 evaluated under evidence level [SINGLE_MODALITY]. Synthesized integrated score is 0.4613 yielding raw risk class [MODERATE]. Contributions (NLP: 0.4613 risk weight). Cross-modal concordance: [SINGLE_MODALITY]. Safety Net Override: Elevated risk patient with incomplete modality coverage (Missing: ['ML', 'DL']). Clinician review recommended. Final assigned risk is [MODERATE]."
SYNTH_PAT_00680,0.1323,LOW,LOW,0.6368,SINGLE_MODALITY,['NLP'],"['ML', 'DL']",,,HIGH,SINGLE_MODALITY,False,No active safety alerts.,37,[],[],[],Patient SYNTH_PAT_00680 evaluated under evidence level [SINGLE_MODALITY]. Synthesized integrated score is 0.1323 yielding raw risk class [LOW]. Contributions (NLP: 0.1323 risk weight). Cross-modal concordance: [SINGLE_MODALITY]. No active safety escalations triggered. Final assigned risk is [LOW].
SYNTH_PAT_00855,0.2059,LOW,LOW,0.6329,SINGLE_MODALITY,['NLP'],"['ML', 'DL']",,,HIGH,SINGLE_MODALITY,False,No active safety alerts.,35,[],[],[],Patient SYNTH_PAT_00855 evaluated under evidence level [SINGLE_MODALITY]. Synthesized integrated score is 0.2059 yielding raw risk class [LOW]. Contributions (NLP: 0.2059 risk weight). Cross-modal concordance: [SINGLE_MODALITY]. No active safety escalations triggered. Final assigned risk is [LOW].
SYNTH_PAT_01043,0.2239,LOW,LOW,0.6226,SINGLE_MODALITY,['NLP'],"['ML', 'DL']",,,HIGH,SINGLE_MODALITY,False,No active safety alerts.,34,[],[],[],Patient SYNTH_PAT_01043 evaluated under evidence level [SINGLE_MODALITY]. Synthesized integrated score is 0.2239 yielding raw risk class [LOW]. Contributions (NLP: 0.2239 risk weight). Cross-modal concordance: [SINGLE_MODALITY]. No active safety escalations triggered. Final assigned risk is [LOW].
SYNTH_PAT_01340,0.4454,MODERATE,MODERATE,0.6331,SINGLE_MODALITY,['NLP'],"['ML', 'DL']",,,HIGH,SINGLE_MODALITY,True,"Elevated risk patient with incomplete modality coverage (Missing: ['ML', 'DL']). Clinician review recommended.",39,[],[],[],"Patient SYNTH_PAT_01340 evaluated under evidence level [SINGLE_MODALITY]. Synthesized integrated score is 0.4454 yielding raw risk class [MODERATE]. Contributions (NLP: 0.4454 risk weight). Cross-modal concordance: [SINGLE_MODALITY]. Safety Net Override: Elevated risk patient with incomplete modality coverage (Missing: ['ML', 'DL']). Clinician review recommended. Final assigned risk is [MODERATE]."
SYNTH_PAT_02345,0.4159,MODERATE,MODERATE,0.6352,SINGLE_MODALITY,['NLP'],"['ML', 'DL']",,,HIGH,SINGLE_MODALITY,True,"Elevated risk patient with incomplete modality coverage (Missing: ['ML', 'DL']). Clinician review recommended.",31,[],[],[],"Patient SYNTH_PAT_02345 evaluated under evidence level [SINGLE_MODALITY]. Synthesized integrated score is 0.4159 yielding raw risk class [MODERATE]. Contributions (NLP: 0.4159 risk weight). Cross-modal concordance: [SINGLE_MODALITY]. Safety Net Override: Elevated risk patient with incomplete modality coverage (Missing: ['ML', 'DL']). Clinician review recommended. Final assigned risk is [MODERATE]."
SYNTH_PAT_01140,0.3049,MODERATE,LOW,0.6338,SINGLE_MODALITY,['NLP'],"['ML', 'DL']",,,HIGH,SINGLE_MODALITY,True,"Acute clinical text probability P(HIGH)=0.3049 >= 0.3; escalated LOW to MODERATE.; Elevated risk patient with incomplete modality coverage (Missing: ['ML', 'DL']). Clinician review recommended.",34,[],[],[],"Patient SYNTH_PAT_01140 evaluated under evidence level [SINGLE_MODALITY]. Synthesized integrated score is 0.3049 yielding raw risk class [LOW]. Contributions (NLP: 0.3049 risk weight). Cross-modal concordance: [SINGLE_MODALITY]. Safety Net Override: Acute clinical text probability P(HIGH)=0.3049 >= 0.3; escalated LOW to MODERATE.; Elevated risk patient with incomplete modality coverage (Missing: ['ML', 'DL']). Clinician review recommended. Final assigned risk is [MODERATE]."
SYNTH_PAT_02201,0.4,MODERATE,MODERATE,0.6291,SINGLE_MODALITY,['NLP'],"['ML', 'DL']",,,HIGH,SINGLE_MODALITY,True,"Elevated risk patient with incomplete modality coverage (Missing: ['ML', 'DL']). Clinician review recommended.",35,[],[],[],"Patient SYNTH_PAT_02201 evaluated under evidence level [SINGLE_MODALITY]. Synthesized integrated score is 0.4000 yielding raw risk class [MODERATE]. Contributions (NLP: 0.4000 risk weight). Cross-modal concordance: [SINGLE_MODALITY]. Safety Net Override: Elevated risk patient with incomplete modality coverage (Missing: ['ML', 'DL']). Clinician review recommended. Final assigned risk is [MODERATE]."
SYNTH_PAT_00678,0.1294,LOW,LOW,0.6368,SINGLE_MODALITY,['NLP'],"['ML', 'DL']",,,HIGH,SINGLE_MODALITY,False,No active safety alerts.,35,[],[],[],Patient SYNTH_PAT_00678 evaluated under evidence level [SINGLE_MODALITY]. Synthesized integrated score is 0.1294 yielding raw risk class [LOW]. Contributions (NLP: 0.1294 risk weight). Cross-modal concordance: [SINGLE_MODALITY]. No active safety escalations triggered. Final assigned risk is [LOW].
SYNTH_PAT_01460,0.3581,MODERATE,MODERATE,0.6363,SINGLE_MODALITY,['NLP'],"['ML', 'DL']",,,HIGH,SINGLE_MODALITY,True,"Elevated risk patient with incomplete modality coverage (Missing: ['ML', 'DL']). Clinician review recommended.",41,[],[],[],"Patient SYNTH_PAT_01460 evaluated under evidence level [SINGLE_MODALITY]. Synthesized integrated score is 0.3581 yielding raw risk class [MODERATE]. Contributions (NLP: 0.3581 risk weight). Cross-modal concordance: [SINGLE_MODALITY]. Safety Net Override: Elevated risk patient with incomplete modality coverage (Missing: ['ML', 'DL']). Clinician review recommended. Final assigned risk is [MODERATE]."
SYNTH_PAT_00952,0.2699,LOW,LOW,0.6302,SINGLE_MODALITY,['NLP'],"['ML', 'DL']",,,HIGH,SINGLE_MODALITY,False,No active safety alerts.,37,[],[],[],Patient SYNTH_PAT_00952 evaluated under evidence level [SINGLE_MODALITY]. Synthesized integrated score is 0.2699 yielding raw risk class [LOW]. Contributions (NLP: 0.2699 risk weight). Cross-modal concordance: [SINGLE_MODALITY]. No active safety escalations triggered. Final assigned risk is [LOW].
SYNTH_PAT_02065,0.3341,MODERATE,MODERATE,0.6346,SINGLE_MODALITY,['NLP'],"['ML', 'DL']",,,HIGH,SINGLE_MODALITY,True,"Elevated risk patient with incomplete modality coverage (Missing: ['ML', 'DL']). Clinician review recommended.",37,[],[],[],"Patient SYNTH_PAT_02065 evaluated under evidence level [SINGLE_MODALITY]. Synthesized integrated score is 0.3341 yielding raw risk class [MODERATE]. Contributions (NLP: 0.3341 risk weight). Cross-modal concordance: [SINGLE_MODALITY]. Safety Net Override: Elevated risk patient with incomplete modality coverage (Missing: ['ML', 'DL']). Clinician review recommended. Final assigned risk is [MODERATE]."
SYNTH_PAT_01691,0.0347,LOW,LOW,0.6268,SINGLE_MODALITY,['NLP'],"['ML', 'DL']",,,MODERATE,SINGLE_MODALITY,False,No active safety alerts.,38,[],[],[],Patient SYNTH_PAT_01691 evaluated under evidence level [SINGLE_MODALITY]. Synthesized integrated score is 0.0347 yielding raw risk class [LOW]. Contributions (NLP: 0.0347 risk weight). Cross-modal concordance: [SINGLE_MODALITY]. No active safety escalations triggered. Final assigned risk is [LOW].
SYNTH_PAT_00740,0.1245,LOW,LOW,0.6185,SINGLE_MODALITY,['NLP'],"['ML', 'DL']",,,HIGH,SINGLE_MODALITY,False,No active safety alerts.,37,[],[],[],Patient SYNTH_PAT_00740 evaluated under evidence level [SINGLE_MODALITY]. Synthesized integrated score is 0.1245 yielding raw risk class [LOW]. Contributions (NLP: 0.1245 risk weight). Cross-modal concordance: [SINGLE_MODALITY]. No active safety escalations triggered. Final assigned risk is [LOW].
SYNTH_PAT_02470,0.4584,MODERATE,MODERATE,0.6293,SINGLE_MODALITY,['NLP'],"['ML', 'DL']",,,HIGH,SINGLE_MODALITY,True,"Elevated risk patient with incomplete modality coverage (Missing: ['ML', 'DL']). Clinician review recommended.",31,[],[],[],"Patient SYNTH_PAT_02470 evaluated under evidence level [SINGLE_MODALITY]. Synthesized integrated score is 0.4584 yielding raw risk class [MODERATE]. Contributions (NLP: 0.4584 risk weight). Cross-modal concordance: [SINGLE_MODALITY]. Safety Net Override: Elevated risk patient with incomplete modality coverage (Missing: ['ML', 'DL']). Clinician review recommended. Final assigned risk is [MODERATE]."
SYNTH_PAT_00546,0.4102,MODERATE,MODERATE,0.6323,SINGLE_MODALITY,['NLP'],"['ML', 'DL']",,,HIGH,SINGLE_MODALITY,True,"Elevated risk patient with incomplete modality coverage (Missing: ['ML', 'DL']). Clinician review recommended.",33,[],[],[],"Patient SYNTH_PAT_00546 evaluated under evidence level [SINGLE_MODALITY]. Synthesized integrated score is 0.4102 yielding raw risk class [MODERATE]. Contributions (NLP: 0.4102 risk weight). Cross-modal concordance: [SINGLE_MODALITY]. Safety Net Override: Elevated risk patient with incomplete modality coverage (Missing: ['ML', 'DL']). Clinician review recommended. Final assigned risk is [MODERATE]."
SYNTH_PAT_02113,0.478,MODERATE,MODERATE,0.6359,SINGLE_MODALITY,['NLP'],"['ML', 'DL']",,,HIGH,SINGLE_MODALITY,True,"Elevated risk patient with incomplete modality coverage (Missing: ['ML', 'DL']). Clinician review recommended.",30,[],[],[],"Patient SYNTH_PAT_02113 evaluated under evidence level [SINGLE_MODALITY]. Synthesized integrated score is 0.4780 yielding raw risk class [MODERATE]. Contributions (NLP: 0.4780 risk weight). Cross-modal concordance: [SINGLE_MODALITY]. Safety Net Override: Elevated risk patient with incomplete modality coverage (Missing: ['ML', 'DL']). Clinician review recommended. Final assigned risk is [MODERATE]."
SYNTH_PAT_02459,0.3,MODERATE,LOW,0.6347,SINGLE_MODALITY,['NLP'],"['ML', 'DL']",,,HIGH,SINGLE_MODALITY,True,"Acute clinical text probability P(HIGH)=0.3 >= 0.3; escalated LOW to MODERATE.; Elevated risk patient with incomplete modality coverage (Missing: ['ML', 'DL']). Clinician review recommended.",32,[],[],[],"Patient SYNTH_PAT_02459 evaluated under evidence level [SINGLE_MODALITY]. Synthesized integrated score is 0.3000 yielding raw risk class [LOW]. Contributions (NLP: 0.3000 risk weight). Cross-modal concordance: [SINGLE_MODALITY]. Safety Net Override: Acute clinical text probability P(HIGH)=0.3 >= 0.3; escalated LOW to MODERATE.; Elevated risk patient with incomplete modality coverage (Missing: ['ML', 'DL']). Clinician review recommended. Final assigned risk is [MODERATE]."
SYNTH_PAT_01253,0.4855,MODERATE,MODERATE,0.6332,SINGLE_MODALITY,['NLP'],"['ML', 'DL']",,,HIGH,SINGLE_MODALITY,True,"Elevated risk patient with incomplete modality coverage (Missing: ['ML', 'DL']). Clinician review recommended.",36,[],[],[],"Patient SYNTH_PAT_01253 evaluated under evidence level [SINGLE_MODALITY]. Synthesized integrated score is 0.4855 yielding raw risk class [MODERATE]. Contributions (NLP: 0.4855 risk weight). Cross-modal concordance: [SINGLE_MODALITY]. Safety Net Override: Elevated risk patient with incomplete modality coverage (Missing: ['ML', 'DL']). Clinician review recommended. Final assigned risk is [MODERATE]."
SYNTH_PAT_01287,0.3911,MODERATE,MODERATE,0.6336,SINGLE_MODALITY,['NLP'],"['ML', 'DL']",,,HIGH,SINGLE_MODALITY,True,"Elevated risk patient with incomplete modality coverage (Missing: ['ML', 'DL']). Clinician review recommended.",36,[],[],[],"Patient SYNTH_PAT_01287 evaluated under evidence level [SINGLE_MODALITY]. Synthesized integrated score is 0.3911 yielding raw risk class [MODERATE]. Contributions (NLP: 0.3911 risk weight). Cross-modal concordance: [SINGLE_MODALITY]. Safety Net Override: Elevated risk patient with incomplete modality coverage (Missing: ['ML', 'DL']). Clinician review recommended. Final assigned risk is [MODERATE]."
SYNTH_PAT_00194,0.4171,MODERATE,MODERATE,0.6272,SINGLE_MODALITY,['NLP'],"['ML', 'DL']",,,HIGH,SINGLE_MODALITY,True,"Elevated risk patient with incomplete modality coverage (Missing: ['ML', 'DL']). Clinician review recommended.",34,[],[],[],"Patient SYNTH_PAT_00194 evaluated under evidence level [SINGLE_MODALITY]. Synthesized integrated score is 0.4171 yielding raw risk class [MODERATE]. Contributions (NLP: 0.4171 risk weight). Cross-modal concordance: [SINGLE_MODALITY]. Safety Net Override: Elevated risk patient with incomplete modality coverage (Missing: ['ML', 'DL']). Clinician review recommended. Final assigned risk is [MODERATE]."
SYNTH_PAT_02152,0.3902,MODERATE,MODERATE,0.6338,SINGLE_MODALITY,['NLP'],"['ML', 'DL']",,,HIGH,SINGLE_MODALITY,True,"Elevated risk patient with incomplete modality coverage (Missing: ['ML', 'DL']). Clinician review recommended.",32,[],[],[],"Patient SYNTH_PAT_02152 evaluated under evidence level [SINGLE_MODALITY]. Synthesized integrated score is 0.3902 yielding raw risk class [MODERATE]. Contributions (NLP: 0.3902 risk weight). Cross-modal concordance: [SINGLE_MODALITY]. Safety Net Override: Elevated risk patient with incomplete modality coverage (Missing: ['ML', 'DL']). Clinician review recommended. Final assigned risk is [MODERATE]."
SYNTH_PAT_02432,0.3187,MODERATE,LOW,0.6295,SINGLE_MODALITY,['NLP'],"['ML', 'DL']",,,HIGH,SINGLE_MODALITY,True,"Acute clinical text probability P(HIGH)=0.3187 >= 0.3; escalated LOW to MODERATE.; Elevated risk patient with incomplete modality coverage (Missing: ['ML', 'DL']). Clinician review recommended.",34,[],[],[],"Patient SYNTH_PAT_02432 evaluated under evidence level [SINGLE_MODALITY]. Synthesized integrated score is 0.3187 yielding raw risk class [LOW]. Contributions (NLP: 0.3187 risk weight). Cross-modal concordance: [SINGLE_MODALITY]. Safety Net Override: Acute clinical text probability P(HIGH)=0.3187 >= 0.3; escalated LOW to MODERATE.; Elevated risk patient with incomplete modality coverage (Missing: ['ML', 'DL']). Clinician review recommended. Final assigned risk is [MODERATE]."
SYNTH_PAT_00277,0.3448,MODERATE,MODERATE,0.6336,SINGLE_MODALITY,['NLP'],"['ML', 'DL']",,,HIGH,SINGLE_MODALITY,True,"Elevated risk patient with incomplete modality coverage (Missing: ['ML', 'DL']). Clinician review recommended.",32,[],[],[],"Patient SYNTH_PAT_00277 evaluated under evidence level [SINGLE_MODALITY]. Synthesized integrated score is 0.3448 yielding raw risk class [MODERATE]. Contributions (NLP: 0.3448 risk weight). Cross-modal concordance: [SINGLE_MODALITY]. Safety Net Override: Elevated risk patient with incomplete modality coverage (Missing: ['ML', 'DL']). Clinician review recommended. Final assigned risk is [MODERATE]."
SYNTH_PAT_01522,0.4492,MODERATE,MODERATE,0.6255,SINGLE_MODALITY,['NLP'],"['ML', 'DL']",,,HIGH,SINGLE_MODALITY,True,"Elevated risk patient with incomplete modality coverage (Missing: ['ML', 'DL']). Clinician review recommended.",35,[],[],[],"Patient SYNTH_PAT_01522 evaluated under evidence level [SINGLE_MODALITY]. Synthesized integrated score is 0.4492 yielding raw risk class [MODERATE]. Contributions (NLP: 0.4492 risk weight). Cross-modal concordance: [SINGLE_MODALITY]. Safety Net Override: Elevated risk patient with incomplete modality coverage (Missing: ['ML', 'DL']). Clinician review recommended. Final assigned risk is [MODERATE]."
SYNTH_PAT_00880,0.4064,MODERATE,MODERATE,0.628,SINGLE_MODALITY,['NLP'],"['ML', 'DL']",,,HIGH,SINGLE_MODALITY,True,"Elevated risk patient with incomplete modality coverage (Missing: ['ML', 'DL']). Clinician review recommended.",34,[],[],[],"Patient SYNTH_PAT_00880 evaluated under evidence level [SINGLE_MODALITY]. Synthesized integrated score is 0.4064 yielding raw risk class [MODERATE]. Contributions (NLP: 0.4064 risk weight). Cross-modal concordance: [SINGLE_MODALITY]. Safety Net Override: Elevated risk patient with incomplete modality coverage (Missing: ['ML', 'DL']). Clinician review recommended. Final assigned risk is [MODERATE]."
SYNTH_PAT_01814,0.2078,LOW,LOW,0.6328,SINGLE_MODALITY,['NLP'],"['ML', 'DL']",,,HIGH,SINGLE_MODALITY,False,No active safety alerts.,35,[],[],[],Patient SYNTH_PAT_01814 evaluated under evidence level [SINGLE_MODALITY]. Synthesized integrated score is 0.2078 yielding raw risk class [LOW]. Contributions (NLP: 0.2078 risk weight). Cross-modal concordance: [SINGLE_MODALITY]. No active safety escalations triggered. Final assigned risk is [LOW].
SYNTH_PAT_00914,0.4938,MODERATE,MODERATE,0.6361,SINGLE_MODALITY,['NLP'],"['ML', 'DL']",,,HIGH,SINGLE_MODALITY,True,"Elevated risk patient with incomplete modality coverage (Missing: ['ML', 'DL']). Clinician review recommended.",31,[],[],[],"Patient SYNTH_PAT_00914 evaluated under evidence level [SINGLE_MODALITY]. Synthesized integrated score is 0.4938 yielding raw risk class [MODERATE]. Contributions (NLP: 0.4938 risk weight). Cross-modal concordance: [SINGLE_MODALITY]. Safety Net Override: Elevated risk patient with incomplete modality coverage (Missing: ['ML', 'DL']). Clinician review recommended. Final assigned risk is [MODERATE]."
SYNTH_PAT_02058,0.2966,LOW,LOW,0.6302,SINGLE_MODALITY,['NLP'],"['ML', 'DL']",,,HIGH,SINGLE_MODALITY,False,No active safety alerts.,33,[],[],[],Patient SYNTH_PAT_02058 evaluated under evidence level [SINGLE_MODALITY]. Synthesized integrated score is 0.2966 yielding raw risk class [LOW]. Contributions (NLP: 0.2966 risk weight). Cross-modal concordance: [SINGLE_MODALITY]. No active safety escalations triggered. Final assigned risk is [LOW].
SYNTH_PAT_00383,0.4853,MODERATE,MODERATE,0.6298,SINGLE_MODALITY,['NLP'],"['ML', 'DL']",,,HIGH,SINGLE_MODALITY,True,"Elevated risk patient with incomplete modality coverage (Missing: ['ML', 'DL']). Clinician review recommended.",36,[],[],[],"Patient SYNTH_PAT_00383 evaluated under evidence level [SINGLE_MODALITY]. Synthesized integrated score is 0.4853 yielding raw risk class [MODERATE]. Contributions (NLP: 0.4853 risk weight). Cross-modal concordance: [SINGLE_MODALITY]. Safety Net Override: Elevated risk patient with incomplete modality coverage (Missing: ['ML', 'DL']). Clinician review recommended. Final assigned risk is [MODERATE]."
SYNTH_PAT_01465,0.6223,MODERATE,MODERATE,0.6202,SINGLE_MODALITY,['NLP'],"['ML', 'DL']",,,HIGH,SINGLE_MODALITY,True,"Elevated risk patient with incomplete modality coverage (Missing: ['ML', 'DL']). Clinician review recommended.",37,[],[],[],"Patient SYNTH_PAT_01465 evaluated under evidence level [SINGLE_MODALITY]. Synthesized integrated score is 0.6223 yielding raw risk class [MODERATE]. Contributions (NLP: 0.6223 risk weight). Cross-modal concordance: [SINGLE_MODALITY]. Safety Net Override: Elevated risk patient with incomplete modality coverage (Missing: ['ML', 'DL']). Clinician review recommended. Final assigned risk is [MODERATE]."
SYNTH_PAT_01079,0.3392,MODERATE,MODERATE,0.6338,SINGLE_MODALITY,['NLP'],"['ML', 'DL']",,,HIGH,SINGLE_MODALITY,True,"Elevated risk patient with incomplete modality coverage (Missing: ['ML', 'DL']). Clinician review recommended.",33,[],[],[],"Patient SYNTH_PAT_01079 evaluated under evidence level [SINGLE_MODALITY]. Synthesized integrated score is 0.3392 yielding raw risk class [MODERATE]. Contributions (NLP: 0.3392 risk weight). Cross-modal concordance: [SINGLE_MODALITY]. Safety Net Override: Elevated risk patient with incomplete modality coverage (Missing: ['ML', 'DL']). Clinician review recommended. Final assigned risk is [MODERATE]."
SYNTH_PAT_02413,0.4179,MODERATE,MODERATE,0.6362,SINGLE_MODALITY,['NLP'],"['ML', 'DL']",,,HIGH,SINGLE_MODALITY,True,"Elevated risk patient with incomplete modality coverage (Missing: ['ML', 'DL']). Clinician review recommended.",37,[],[],[],"Patient SYNTH_PAT_02413 evaluated under evidence level [SINGLE_MODALITY]. Synthesized integrated score is 0.4179 yielding raw risk class [MODERATE]. Contributions (NLP: 0.4179 risk weight). Cross-modal concordance: [SINGLE_MODALITY]. Safety Net Override: Elevated risk patient with incomplete modality coverage (Missing: ['ML', 'DL']). Clinician review recommended. Final assigned risk is [MODERATE]."
SYNTH_PAT_01346,0.2362,LOW,LOW,0.6275,SINGLE_MODALITY,['NLP'],"['ML', 'DL']",,,HIGH,SINGLE_MODALITY,False,No active safety alerts.,32,[],[],[],Patient SYNTH_PAT_01346 evaluated under evidence level [SINGLE_MODALITY]. Synthesized integrated score is 0.2362 yielding raw risk class [LOW]. Contributions (NLP: 0.2362 risk weight). Cross-modal concordance: [SINGLE_MODALITY]. No active safety escalations triggered. Final assigned risk is [LOW].
SYNTH_PAT_01540,0.2889,LOW,LOW,0.6341,SINGLE_MODALITY,['NLP'],"['ML', 'DL']",,,HIGH,SINGLE_MODALITY,False,No active safety alerts.,36,[],[],[],Patient SYNTH_PAT_01540 evaluated under evidence level [SINGLE_MODALITY]. Synthesized integrated score is 0.2889 yielding raw risk class [LOW]. Contributions (NLP: 0.2889 risk weight). Cross-modal concordance: [SINGLE_MODALITY]. No active safety escalations triggered. Final assigned risk is [LOW].
SYNTH_PAT_00339,0.3941,MODERATE,MODERATE,0.6355,SINGLE_MODALITY,['NLP'],"['ML', 'DL']",,,HIGH,SINGLE_MODALITY,True,"Elevated risk patient with incomplete modality coverage (Missing: ['ML', 'DL']). Clinician review recommended.",32,[],[],[],"Patient SYNTH_PAT_00339 evaluated under evidence level [SINGLE_MODALITY]. Synthesized integrated score is 0.3941 yielding raw risk class [MODERATE]. Contributions (NLP: 0.3941 risk weight). Cross-modal concordance: [SINGLE_MODALITY]. Safety Net Override: Elevated risk patient with incomplete modality coverage (Missing: ['ML', 'DL']). Clinician review recommended. Final assigned risk is [MODERATE]."
SYNTH_PAT_00450,0.6539,MODERATE,MODERATE,0.6363,SINGLE_MODALITY,['NLP'],"['ML', 'DL']",,,HIGH,SINGLE_MODALITY,True,"Elevated risk patient with incomplete modality coverage (Missing: ['ML', 'DL']). Clinician review recommended.",36,[],[],[],"Patient SYNTH_PAT_00450 evaluated under evidence level [SINGLE_MODALITY]. Synthesized integrated score is 0.6539 yielding raw risk class [MODERATE]. Contributions (NLP: 0.6539 risk weight). Cross-modal concordance: [SINGLE_MODALITY]. Safety Net Override: Elevated risk patient with incomplete modality coverage (Missing: ['ML', 'DL']). Clinician review recommended. Final assigned risk is [MODERATE]."
SYNTH_PAT_01898,0.3586,MODERATE,MODERATE,0.6363,SINGLE_MODALITY,['NLP'],"['ML', 'DL']",,,HIGH,SINGLE_MODALITY,True,"Elevated risk patient with incomplete modality coverage (Missing: ['ML', 'DL']). Clinician review recommended.",32,[],[],[],"Patient SYNTH_PAT_01898 evaluated under evidence level [SINGLE_MODALITY]. Synthesized integrated score is 0.3586 yielding raw risk class [MODERATE]. Contributions (NLP: 0.3586 risk weight). Cross-modal concordance: [SINGLE_MODALITY]. Safety Net Override: Elevated risk patient with incomplete modality coverage (Missing: ['ML', 'DL']). Clinician review recommended. Final assigned risk is [MODERATE]."
SYNTH_PAT_00282,0.4899,MODERATE,MODERATE,0.6322,SINGLE_MODALITY,['NLP'],"['ML', 'DL']",,,HIGH,SINGLE_MODALITY,True,"Elevated risk patient with incomplete modality coverage (Missing: ['ML', 'DL']). Clinician review recommended.",32,[],[],[],"Patient SYNTH_PAT_00282 evaluated under evidence level [SINGLE_MODALITY]. Synthesized integrated score is 0.4899 yielding raw risk class [MODERATE]. Contributions (NLP: 0.4899 risk weight). Cross-modal concordance: [SINGLE_MODALITY]. Safety Net Override: Elevated risk patient with incomplete modality coverage (Missing: ['ML', 'DL']). Clinician review recommended. Final assigned risk is [MODERATE]."
SYNTH_PAT_00992,0.2423,LOW,LOW,0.6287,SINGLE_MODALITY,['NLP'],"['ML', 'DL']",,,HIGH,SINGLE_MODALITY,False,No active safety alerts.,32,[],[],[],Patient SYNTH_PAT_00992 evaluated under evidence level [SINGLE_MODALITY]. Synthesized integrated score is 0.2423 yielding raw risk class [LOW]. Contributions (NLP: 0.2423 risk weight). Cross-modal concordance: [SINGLE_MODALITY]. No active safety escalations triggered. Final assigned risk is [LOW].
SYNTH_PAT_01492,0.2803,LOW,LOW,0.6195,SINGLE_MODALITY,['NLP'],"['ML', 'DL']",,,HIGH,SINGLE_MODALITY,False,No active safety alerts.,36,[],[],[],Patient SYNTH_PAT_01492 evaluated under evidence level [SINGLE_MODALITY]. Synthesized integrated score is 0.2803 yielding raw risk class [LOW]. Contributions (NLP: 0.2803 risk weight). Cross-modal concordance: [SINGLE_MODALITY]. No active safety escalations triggered. Final assigned risk is [LOW].
SYNTH_PAT_02485,0.2462,LOW,LOW,0.6238,SINGLE_MODALITY,['NLP'],"['ML', 'DL']",,,HIGH,SINGLE_MODALITY,False,No active safety alerts.,34,[],[],[],Patient SYNTH_PAT_02485 evaluated under evidence level [SINGLE_MODALITY]. Synthesized integrated score is 0.2462 yielding raw risk class [LOW]. Contributions (NLP: 0.2462 risk weight). Cross-modal concordance: [SINGLE_MODALITY]. No active safety escalations triggered. Final assigned risk is [LOW].
SYNTH_PAT_01739,0.2958,LOW,LOW,0.6339,SINGLE_MODALITY,['NLP'],"['ML', 'DL']",,,HIGH,SINGLE_MODALITY,False,No active safety alerts.,33,[],[],[],Patient SYNTH_PAT_01739 evaluated under evidence level [SINGLE_MODALITY]. Synthesized integrated score is 0.2958 yielding raw risk class [LOW]. Contributions (NLP: 0.2958 risk weight). Cross-modal concordance: [SINGLE_MODALITY]. No active safety escalations triggered. Final assigned risk is [LOW].
SYNTH_PAT_01099,0.5836,MODERATE,MODERATE,0.6229,SINGLE_MODALITY,['NLP'],"['ML', 'DL']",,,HIGH,SINGLE_MODALITY,True,"Elevated risk patient with incomplete modality coverage (Missing: ['ML', 'DL']). Clinician review recommended.",35,[],[],[],"Patient SYNTH_PAT_01099 evaluated under evidence level [SINGLE_MODALITY]. Synthesized integrated score is 0.5836 yielding raw risk class [MODERATE]. Contributions (NLP: 0.5836 risk weight). Cross-modal concordance: [SINGLE_MODALITY]. Safety Net Override: Elevated risk patient with incomplete modality coverage (Missing: ['ML', 'DL']). Clinician review recommended. Final assigned risk is [MODERATE]."
SYNTH_PAT_02210,0.2913,LOW,LOW,0.6314,SINGLE_MODALITY,['NLP'],"['ML', 'DL']",,,HIGH,SINGLE_MODALITY,False,No active safety alerts.,34,[],[],[],Patient SYNTH_PAT_02210 evaluated under evidence level [SINGLE_MODALITY]. Synthesized integrated score is 0.2913 yielding raw risk class [LOW]. Contributions (NLP: 0.2913 risk weight). Cross-modal concordance: [SINGLE_MODALITY]. No active safety escalations triggered. Final assigned risk is [LOW].
SYNTH_PAT_02311,0.3851,MODERATE,MODERATE,0.6297,SINGLE_MODALITY,['NLP'],"['ML', 'DL']",,,HIGH,SINGLE_MODALITY,True,"Elevated risk patient with incomplete modality coverage (Missing: ['ML', 'DL']). Clinician review recommended.",36,[],[],[],"Patient SYNTH_PAT_02311 evaluated under evidence level [SINGLE_MODALITY]. Synthesized integrated score is 0.3851 yielding raw risk class [MODERATE]. Contributions (NLP: 0.3851 risk weight). Cross-modal concordance: [SINGLE_MODALITY]. Safety Net Override: Elevated risk patient with incomplete modality coverage (Missing: ['ML', 'DL']). Clinician review recommended. Final assigned risk is [MODERATE]."
SYNTH_PAT_02011,0.5077,MODERATE,MODERATE,0.6321,SINGLE_MODALITY,['NLP'],"['ML', 'DL']",,,HIGH,SINGLE_MODALITY,True,"Elevated risk patient with incomplete modality coverage (Missing: ['ML', 'DL']). Clinician review recommended.",34,[],[],[],"Patient SYNTH_PAT_02011 evaluated under evidence level [SINGLE_MODALITY]. Synthesized integrated score is 0.5077 yielding raw risk class [MODERATE]. Contributions (NLP: 0.5077 risk weight). Cross-modal concordance: [SINGLE_MODALITY]. Safety Net Override: Elevated risk patient with incomplete modality coverage (Missing: ['ML', 'DL']). Clinician review recommended. Final assigned risk is [MODERATE]."
SYNTH_PAT_00487,0.3141,MODERATE,LOW,0.6358,SINGLE_MODALITY,['NLP'],"['ML', 'DL']",,,HIGH,SINGLE_MODALITY,True,"Acute clinical text probability P(HIGH)=0.3141 >= 0.3; escalated LOW to MODERATE.; Elevated risk patient with incomplete modality coverage (Missing: ['ML', 'DL']). Clinician review recommended.",36,[],[],[],"Patient SYNTH_PAT_00487 evaluated under evidence level [SINGLE_MODALITY]. Synthesized integrated score is 0.3141 yielding raw risk class [LOW]. Contributions (NLP: 0.3141 risk weight). Cross-modal concordance: [SINGLE_MODALITY]. Safety Net Override: Acute clinical text probability P(HIGH)=0.3141 >= 0.3; escalated LOW to MODERATE.; Elevated risk patient with incomplete modality coverage (Missing: ['ML', 'DL']). Clinician review recommended. Final assigned risk is [MODERATE]."
SYNTH_PAT_00468,0.3959,MODERATE,MODERATE,0.6363,SINGLE_MODALITY,['NLP'],"['ML', 'DL']",,,HIGH,SINGLE_MODALITY,True,"Elevated risk patient with incomplete modality coverage (Missing: ['ML', 'DL']). Clinician review recommended.",37,[],[],[],"Patient SYNTH_PAT_00468 evaluated under evidence level [SINGLE_MODALITY]. Synthesized integrated score is 0.3959 yielding raw risk class [MODERATE]. Contributions (NLP: 0.3959 risk weight). Cross-modal concordance: [SINGLE_MODALITY]. Safety Net Override: Elevated risk patient with incomplete modality coverage (Missing: ['ML', 'DL']). Clinician review recommended. Final assigned risk is [MODERATE]."
SYNTH_PAT_01361,0.2308,LOW,LOW,0.6275,SINGLE_MODALITY,['NLP'],"['ML', 'DL']",,,HIGH,SINGLE_MODALITY,False,No active safety alerts.,40,[],[],[],Patient SYNTH_PAT_01361 evaluated under evidence level [SINGLE_MODALITY]. Synthesized integrated score is 0.2308 yielding raw risk class [LOW]. Contributions (NLP: 0.2308 risk weight). Cross-modal concordance: [SINGLE_MODALITY]. No active safety escalations triggered. Final assigned risk is [LOW].
SYNTH_PAT_01653,0.3908,MODERATE,MODERATE,0.6315,SINGLE_MODALITY,['NLP'],"['ML', 'DL']",,,HIGH,SINGLE_MODALITY,True,"Elevated risk patient with incomplete modality coverage (Missing: ['ML', 'DL']). Clinician review recommended.",37,[],[],[],"Patient SYNTH_PAT_01653 evaluated under evidence level [SINGLE_MODALITY]. Synthesized integrated score is 0.3908 yielding raw risk class [MODERATE]. Contributions (NLP: 0.3908 risk weight). Cross-modal concordance: [SINGLE_MODALITY]. Safety Net Override: Elevated risk patient with incomplete modality coverage (Missing: ['ML', 'DL']). Clinician review recommended. Final assigned risk is [MODERATE]."
SYNTH_PAT_02024,0.2904,LOW,LOW,0.6275,SINGLE_MODALITY,['NLP'],"['ML', 'DL']",,,HIGH,SINGLE_MODALITY,False,No active safety alerts.,34,[],[],[],Patient SYNTH_PAT_02024 evaluated under evidence level [SINGLE_MODALITY]. Synthesized integrated score is 0.2904 yielding raw risk class [LOW]. Contributions (NLP: 0.2904 risk weight). Cross-modal concordance: [SINGLE_MODALITY]. No active safety escalations triggered. Final assigned risk is [LOW].
SYNTH_PAT_01596,0.2062,LOW,LOW,0.6359,SINGLE_MODALITY,['NLP'],"['ML', 'DL']",,,HIGH,SINGLE_MODALITY,False,No active safety alerts.,33,[],[],[],Patient SYNTH_PAT_01596 evaluated under evidence level [SINGLE_MODALITY]. Synthesized integrated score is 0.2062 yielding raw risk class [LOW]. Contributions (NLP: 0.2062 risk weight). Cross-modal concordance: [SINGLE_MODALITY]. No active safety escalations triggered. Final assigned risk is [LOW].
SYNTH_PAT_01518,0.3972,MODERATE,MODERATE,0.6361,SINGLE_MODALITY,['NLP'],"['ML', 'DL']",,,HIGH,SINGLE_MODALITY,True,"Elevated risk patient with incomplete modality coverage (Missing: ['ML', 'DL']). Clinician review recommended.",35,[],[],[],"Patient SYNTH_PAT_01518 evaluated under evidence level [SINGLE_MODALITY]. Synthesized integrated score is 0.3972 yielding raw risk class [MODERATE]. Contributions (NLP: 0.3972 risk weight). Cross-modal concordance: [SINGLE_MODALITY]. Safety Net Override: Elevated risk patient with incomplete modality coverage (Missing: ['ML', 'DL']). Clinician review recommended. Final assigned risk is [MODERATE]."
SYNTH_PAT_01474,0.3048,MODERATE,LOW,0.6345,SINGLE_MODALITY,['NLP'],"['ML', 'DL']",,,HIGH,SINGLE_MODALITY,True,"Acute clinical text probability P(HIGH)=0.3048 >= 0.3; escalated LOW to MODERATE.; Elevated risk patient with incomplete modality coverage (Missing: ['ML', 'DL']). Clinician review recommended.",37,[],[],[],"Patient SYNTH_PAT_01474 evaluated under evidence level [SINGLE_MODALITY]. Synthesized integrated score is 0.3048 yielding raw risk class [LOW]. Contributions (NLP: 0.3048 risk weight). Cross-modal concordance: [SINGLE_MODALITY]. Safety Net Override: Acute clinical text probability P(HIGH)=0.3048 >= 0.3; escalated LOW to MODERATE.; Elevated risk patient with incomplete modality coverage (Missing: ['ML', 'DL']). Clinician review recommended. Final assigned risk is [MODERATE]."
SYNTH_PAT_00737,0.2729,LOW,LOW,0.6345,SINGLE_MODALITY,['NLP'],"['ML', 'DL']",,,HIGH,SINGLE_MODALITY,False,No active safety alerts.,33,[],[],[],Patient SYNTH_PAT_00737 evaluated under evidence level [SINGLE_MODALITY]. Synthesized integrated score is 0.2729 yielding raw risk class [LOW]. Contributions (NLP: 0.2729 risk weight). Cross-modal concordance: [SINGLE_MODALITY]. No active safety escalations triggered. Final assigned risk is [LOW].
SYNTH_PAT_02078,0.4612,MODERATE,MODERATE,0.6349,SINGLE_MODALITY,['NLP'],"['ML', 'DL']",,,HIGH,SINGLE_MODALITY,True,"Elevated risk patient with incomplete modality coverage (Missing: ['ML', 'DL']). Clinician review recommended.",32,[],[],[],"Patient SYNTH_PAT_02078 evaluated under evidence level [SINGLE_MODALITY]. Synthesized integrated score is 0.4612 yielding raw risk class [MODERATE]. Contributions (NLP: 0.4612 risk weight). Cross-modal concordance: [SINGLE_MODALITY]. Safety Net Override: Elevated risk patient with incomplete modality coverage (Missing: ['ML', 'DL']). Clinician review recommended. Final assigned risk is [MODERATE]."
SYNTH_PAT_02267,0.1827,LOW,LOW,0.6282,SINGLE_MODALITY,['NLP'],"['ML', 'DL']",,,HIGH,SINGLE_MODALITY,False,No active safety alerts.,36,[],[],[],Patient SYNTH_PAT_02267 evaluated under evidence level [SINGLE_MODALITY]. Synthesized integrated score is 0.1827 yielding raw risk class [LOW]. Contributions (NLP: 0.1827 risk weight). Cross-modal concordance: [SINGLE_MODALITY]. No active safety escalations triggered. Final assigned risk is [LOW].
SYNTH_PAT_01956,0.4844,MODERATE,MODERATE,0.6337,SINGLE_MODALITY,['NLP'],"['ML', 'DL']",,,HIGH,SINGLE_MODALITY,True,"Elevated risk patient with incomplete modality coverage (Missing: ['ML', 'DL']). Clinician review recommended.",33,[],[],[],"Patient SYNTH_PAT_01956 evaluated under evidence level [SINGLE_MODALITY]. Synthesized integrated score is 0.4844 yielding raw risk class [MODERATE]. Contributions (NLP: 0.4844 risk weight). Cross-modal concordance: [SINGLE_MODALITY]. Safety Net Override: Elevated risk patient with incomplete modality coverage (Missing: ['ML', 'DL']). Clinician review recommended. Final assigned risk is [MODERATE]."
SYNTH_PAT_00567,0.4064,MODERATE,MODERATE,0.6317,SINGLE_MODALITY,['NLP'],"['ML', 'DL']",,,HIGH,SINGLE_MODALITY,True,"Elevated risk patient with incomplete modality coverage (Missing: ['ML', 'DL']). Clinician review recommended.",31,[],[],[],"Patient SYNTH_PAT_00567 evaluated under evidence level [SINGLE_MODALITY]. Synthesized integrated score is 0.4064 yielding raw risk class [MODERATE]. Contributions (NLP: 0.4064 risk weight). Cross-modal concordance: [SINGLE_MODALITY]. Safety Net Override: Elevated risk patient with incomplete modality coverage (Missing: ['ML', 'DL']). Clinician review recommended. Final assigned risk is [MODERATE]."
SYNTH_PAT_01405,0.2096,LOW,LOW,0.6323,SINGLE_MODALITY,['NLP'],"['ML', 'DL']",,,HIGH,SINGLE_MODALITY,False,No active safety alerts.,37,[],[],[],Patient SYNTH_PAT_01405 evaluated under evidence level [SINGLE_MODALITY]. Synthesized integrated score is 0.2096 yielding raw risk class [LOW]. Contributions (NLP: 0.2096 risk weight). Cross-modal concordance: [SINGLE_MODALITY]. No active safety escalations triggered. Final assigned risk is [LOW].
SYNTH_PAT_02165,0.1855,LOW,LOW,0.6365,SINGLE_MODALITY,['NLP'],"['ML', 'DL']",,,HIGH,SINGLE_MODALITY,False,No active safety alerts.,32,[],[],[],Patient SYNTH_PAT_02165 evaluated under evidence level [SINGLE_MODALITY]. Synthesized integrated score is 0.1855 yielding raw risk class [LOW]. Contributions (NLP: 0.1855 risk weight). Cross-modal concordance: [SINGLE_MODALITY]. No active safety escalations triggered. Final assigned risk is [LOW].
SYNTH_PAT_01441,0.2068,LOW,LOW,0.6319,SINGLE_MODALITY,['NLP'],"['ML', 'DL']",,,HIGH,SINGLE_MODALITY,False,No active safety alerts.,38,[],[],[],Patient SYNTH_PAT_01441 evaluated under evidence level [SINGLE_MODALITY]. Synthesized integrated score is 0.2068 yielding raw risk class [LOW]. Contributions (NLP: 0.2068 risk weight). Cross-modal concordance: [SINGLE_MODALITY]. No active safety escalations triggered. Final assigned risk is [LOW].
SYNTH_PAT_00634,0.2106,LOW,LOW,0.6342,SINGLE_MODALITY,['NLP'],"['ML', 'DL']",,,HIGH,SINGLE_MODALITY,False,No active safety alerts.,33,[],[],[],Patient SYNTH_PAT_00634 evaluated under evidence level [SINGLE_MODALITY]. Synthesized integrated score is 0.2106 yielding raw risk class [LOW]. Contributions (NLP: 0.2106 risk weight). Cross-modal concordance: [SINGLE_MODALITY]. No active safety escalations triggered. Final assigned risk is [LOW].
SYNTH_PAT_01987,0.2344,LOW,LOW,0.6361,SINGLE_MODALITY,['NLP'],"['ML', 'DL']",,,HIGH,SINGLE_MODALITY,False,No active safety alerts.,34,[],[],[],Patient SYNTH_PAT_01987 evaluated under evidence level [SINGLE_MODALITY]. Synthesized integrated score is 0.2344 yielding raw risk class [LOW]. Contributions (NLP: 0.2344 risk weight). Cross-modal concordance: [SINGLE_MODALITY]. No active safety escalations triggered. Final assigned risk is [LOW].
SYNTH_PAT_02142,0.1158,LOW,LOW,0.6345,SINGLE_MODALITY,['NLP'],"['ML', 'DL']",,,HIGH,SINGLE_MODALITY,False,No active safety alerts.,35,[],[],[],Patient SYNTH_PAT_02142 evaluated under evidence level [SINGLE_MODALITY]. Synthesized integrated score is 0.1158 yielding raw risk class [LOW]. Contributions (NLP: 0.1158 risk weight). Cross-modal concordance: [SINGLE_MODALITY]. No active safety escalations triggered. Final assigned risk is [LOW].
SYNTH_PAT_01363,0.3921,MODERATE,MODERATE,0.636,SINGLE_MODALITY,['NLP'],"['ML', 'DL']",,,HIGH,SINGLE_MODALITY,True,"Elevated risk patient with incomplete modality coverage (Missing: ['ML', 'DL']). Clinician review recommended.",38,[],[],[],"Patient SYNTH_PAT_01363 evaluated under evidence level [SINGLE_MODALITY]. Synthesized integrated score is 0.3921 yielding raw risk class [MODERATE]. Contributions (NLP: 0.3921 risk weight). Cross-modal concordance: [SINGLE_MODALITY]. Safety Net Override: Elevated risk patient with incomplete modality coverage (Missing: ['ML', 'DL']). Clinician review recommended. Final assigned risk is [MODERATE]."
SYNTH_PAT_00889,0.1289,LOW,LOW,0.6354,SINGLE_MODALITY,['NLP'],"['ML', 'DL']",,,HIGH,SINGLE_MODALITY,False,No active safety alerts.,32,[],[],[],Patient SYNTH_PAT_00889 evaluated under evidence level [SINGLE_MODALITY]. Synthesized integrated score is 0.1289 yielding raw risk class [LOW]. Contributions (NLP: 0.1289 risk weight). Cross-modal concordance: [SINGLE_MODALITY]. No active safety escalations triggered. Final assigned risk is [LOW].
SYNTH_PAT_00763,0.2653,LOW,LOW,0.6356,SINGLE_MODALITY,['NLP'],"['ML', 'DL']",,,HIGH,SINGLE_MODALITY,False,No active safety alerts.,34,[],[],[],Patient SYNTH_PAT_00763 evaluated under evidence level [SINGLE_MODALITY]. Synthesized integrated score is 0.2653 yielding raw risk class [LOW]. Contributions (NLP: 0.2653 risk weight). Cross-modal concordance: [SINGLE_MODALITY]. No active safety escalations triggered. Final assigned risk is [LOW].
SYNTH_PAT_00619,0.1228,LOW,LOW,0.6313,SINGLE_MODALITY,['NLP'],"['ML', 'DL']",,,HIGH,SINGLE_MODALITY,False,No active safety alerts.,36,[],[],[],Patient SYNTH_PAT_00619 evaluated under evidence level [SINGLE_MODALITY]. Synthesized integrated score is 0.1228 yielding raw risk class [LOW]. Contributions (NLP: 0.1228 risk weight). Cross-modal concordance: [SINGLE_MODALITY]. No active safety escalations triggered. Final assigned risk is [LOW].
SYNTH_PAT_01654,0.2086,LOW,LOW,0.6239,SINGLE_MODALITY,['NLP'],"['ML', 'DL']",,,HIGH,SINGLE_MODALITY,False,No active safety alerts.,36,[],[],[],Patient SYNTH_PAT_01654 evaluated under evidence level [SINGLE_MODALITY]. Synthesized integrated score is 0.2086 yielding raw risk class [LOW]. Contributions (NLP: 0.2086 risk weight). Cross-modal concordance: [SINGLE_MODALITY]. No active safety escalations triggered. Final assigned risk is [LOW].
SYNTH_PAT_00199,0.1859,LOW,LOW,0.6258,SINGLE_MODALITY,['NLP'],"['ML', 'DL']",,,HIGH,SINGLE_MODALITY,False,No active safety alerts.,34,[],[],[],Patient SYNTH_PAT_00199 evaluated under evidence level [SINGLE_MODALITY]. Synthesized integrated score is 0.1859 yielding raw risk class [LOW]. Contributions (NLP: 0.1859 risk weight). Cross-modal concordance: [SINGLE_MODALITY]. No active safety escalations triggered. Final assigned risk is [LOW].
SYNTH_PAT_00765,0.3752,MODERATE,MODERATE,0.6304,SINGLE_MODALITY,['NLP'],"['ML', 'DL']",,,HIGH,SINGLE_MODALITY,True,"Elevated risk patient with incomplete modality coverage (Missing: ['ML', 'DL']). Clinician review recommended.",33,[],[],[],"Patient SYNTH_PAT_00765 evaluated under evidence level [SINGLE_MODALITY]. Synthesized integrated score is 0.3752 yielding raw risk class [MODERATE]. Contributions (NLP: 0.3752 risk weight). Cross-modal concordance: [SINGLE_MODALITY]. Safety Net Override: Elevated risk patient with incomplete modality coverage (Missing: ['ML', 'DL']). Clinician review recommended. Final assigned risk is [MODERATE]."
SYNTH_PAT_02194,0.5474,MODERATE,MODERATE,0.6193,SINGLE_MODALITY,['NLP'],"['ML', 'DL']",,,HIGH,SINGLE_MODALITY,True,"Elevated risk patient with incomplete modality coverage (Missing: ['ML', 'DL']). Clinician review recommended.",31,[],[],[],"Patient SYNTH_PAT_02194 evaluated under evidence level [SINGLE_MODALITY]. Synthesized integrated score is 0.5474 yielding raw risk class [MODERATE]. Contributions (NLP: 0.5474 risk weight). Cross-modal concordance: [SINGLE_MODALITY]. Safety Net Override: Elevated risk patient with incomplete modality coverage (Missing: ['ML', 'DL']). Clinician review recommended. Final assigned risk is [MODERATE]."
SYNTH_PAT_00528,0.5812,MODERATE,MODERATE,0.6351,SINGLE_MODALITY,['NLP'],"['ML', 'DL']",,,HIGH,SINGLE_MODALITY,True,"Elevated risk patient with incomplete modality coverage (Missing: ['ML', 'DL']). Clinician review recommended.",46,[],[],[],"Patient SYNTH_PAT_00528 evaluated under evidence level [SINGLE_MODALITY]. Synthesized integrated score is 0.5812 yielding raw risk class [MODERATE]. Contributions (NLP: 0.5812 risk weight). Cross-modal concordance: [SINGLE_MODALITY]. Safety Net Override: Elevated risk patient with incomplete modality coverage (Missing: ['ML', 'DL']). Clinician review recommended. Final assigned risk is [MODERATE]."
SYNTH_PAT_00958,0.3391,MODERATE,MODERATE,0.6193,SINGLE_MODALITY,['NLP'],"['ML', 'DL']",,,HIGH,SINGLE_MODALITY,True,"Elevated risk patient with incomplete modality coverage (Missing: ['ML', 'DL']). Clinician review recommended.",36,[],[],[],"Patient SYNTH_PAT_00958 evaluated under evidence level [SINGLE_MODALITY]. Synthesized integrated score is 0.3391 yielding raw risk class [MODERATE]. Contributions (NLP: 0.3391 risk weight). Cross-modal concordance: [SINGLE_MODALITY]. Safety Net Override: Elevated risk patient with incomplete modality coverage (Missing: ['ML', 'DL']). Clinician review recommended. Final assigned risk is [MODERATE]."
SYNTH_PAT_00741,0.0371,LOW,LOW,0.6343,SINGLE_MODALITY,['NLP'],"['ML', 'DL']",,,MODERATE,SINGLE_MODALITY,False,No active safety alerts.,34,[],[],[],Patient SYNTH_PAT_00741 evaluated under evidence level [SINGLE_MODALITY]. Synthesized integrated score is 0.0371 yielding raw risk class [LOW]. Contributions (NLP: 0.0371 risk weight). Cross-modal concordance: [SINGLE_MODALITY]. No active safety escalations triggered. Final assigned risk is [LOW].
SYNTH_PAT_00675,0.4483,MODERATE,MODERATE,0.6302,SINGLE_MODALITY,['NLP'],"['ML', 'DL']",,,HIGH,SINGLE_MODALITY,True,"Elevated risk patient with incomplete modality coverage (Missing: ['ML', 'DL']). Clinician review recommended.",34,[],[],[],"Patient SYNTH_PAT_00675 evaluated under evidence level [SINGLE_MODALITY]. Synthesized integrated score is 0.4483 yielding raw risk class [MODERATE]. Contributions (NLP: 0.4483 risk weight). Cross-modal concordance: [SINGLE_MODALITY]. Safety Net Override: Elevated risk patient with incomplete modality coverage (Missing: ['ML', 'DL']). Clinician review recommended. Final assigned risk is [MODERATE]."
SYNTH_PAT_02236,0.2216,LOW,LOW,0.6334,SINGLE_MODALITY,['NLP'],"['ML', 'DL']",,,HIGH,SINGLE_MODALITY,False,No active safety alerts.,32,[],[],[],Patient SYNTH_PAT_02236 evaluated under evidence level [SINGLE_MODALITY]. Synthesized integrated score is 0.2216 yielding raw risk class [LOW]. Contributions (NLP: 0.2216 risk weight). Cross-modal concordance: [SINGLE_MODALITY]. No active safety escalations triggered. Final assigned risk is [LOW].
SYNTH_PAT_00246,0.2953,LOW,LOW,0.6353,SINGLE_MODALITY,['NLP'],"['ML', 'DL']",,,HIGH,SINGLE_MODALITY,False,No active safety alerts.,34,[],[],[],Patient SYNTH_PAT_00246 evaluated under evidence level [SINGLE_MODALITY]. Synthesized integrated score is 0.2953 yielding raw risk class [LOW]. Contributions (NLP: 0.2953 risk weight). Cross-modal concordance: [SINGLE_MODALITY]. No active safety escalations triggered. Final assigned risk is [LOW].
SYNTH_PAT_01688,0.21,LOW,LOW,0.6338,SINGLE_MODALITY,['NLP'],"['ML', 'DL']",,,HIGH,SINGLE_MODALITY,False,No active safety alerts.,33,[],[],[],Patient SYNTH_PAT_01688 evaluated under evidence level [SINGLE_MODALITY]. Synthesized integrated score is 0.2100 yielding raw risk class [LOW]. Contributions (NLP: 0.2100 risk weight). Cross-modal concordance: [SINGLE_MODALITY]. No active safety escalations triggered. Final assigned risk is [LOW].
SYNTH_PAT_01707,0.2945,LOW,LOW,0.6352,SINGLE_MODALITY,['NLP'],"['ML', 'DL']",,,HIGH,SINGLE_MODALITY,False,No active safety alerts.,36,[],[],[],Patient SYNTH_PAT_01707 evaluated under evidence level [SINGLE_MODALITY]. Synthesized integrated score is 0.2945 yielding raw risk class [LOW]. Contributions (NLP: 0.2945 risk weight). Cross-modal concordance: [SINGLE_MODALITY]. No active safety escalations triggered. Final assigned risk is [LOW].
SYNTH_PAT_00299,0.3607,MODERATE,MODERATE,0.6282,SINGLE_MODALITY,['NLP'],"['ML', 'DL']",,,HIGH,SINGLE_MODALITY,True,"Elevated risk patient with incomplete modality coverage (Missing: ['ML', 'DL']). Clinician review recommended.",33,[],[],[],"Patient SYNTH_PAT_00299 evaluated under evidence level [SINGLE_MODALITY]. Synthesized integrated score is 0.3607 yielding raw risk class [MODERATE]. Contributions (NLP: 0.3607 risk weight). Cross-modal concordance: [SINGLE_MODALITY]. Safety Net Override: Elevated risk patient with incomplete modality coverage (Missing: ['ML', 'DL']). Clinician review recommended. Final assigned risk is [MODERATE]."
SYNTH_PAT_01594,0.2327,LOW,LOW,0.6251,SINGLE_MODALITY,['NLP'],"['ML', 'DL']",,,HIGH,SINGLE_MODALITY,False,No active safety alerts.,33,[],[],[],Patient SYNTH_PAT_01594 evaluated under evidence level [SINGLE_MODALITY]. Synthesized integrated score is 0.2327 yielding raw risk class [LOW]. Contributions (NLP: 0.2327 risk weight). Cross-modal concordance: [SINGLE_MODALITY]. No active safety escalations triggered. Final assigned risk is [LOW].
SYNTH_PAT_00616,0.4619,MODERATE,MODERATE,0.6282,SINGLE_MODALITY,['NLP'],"['ML', 'DL']",,,HIGH,SINGLE_MODALITY,True,"Elevated risk patient with incomplete modality coverage (Missing: ['ML', 'DL']). Clinician review recommended.",33,[],[],[],"Patient SYNTH_PAT_00616 evaluated under evidence level [SINGLE_MODALITY]. Synthesized integrated score is 0.4619 yielding raw risk class [MODERATE]. Contributions (NLP: 0.4619 risk weight). Cross-modal concordance: [SINGLE_MODALITY]. Safety Net Override: Elevated risk patient with incomplete modality coverage (Missing: ['ML', 'DL']). Clinician review recommended. Final assigned risk is [MODERATE]."
SYNTH_PAT_02499,0.2063,LOW,LOW,0.6327,SINGLE_MODALITY,['NLP'],"['ML', 'DL']",,,HIGH,SINGLE_MODALITY,False,No active safety alerts.,37,[],[],[],Patient SYNTH_PAT_02499 evaluated under evidence level [SINGLE_MODALITY]. Synthesized integrated score is 0.2063 yielding raw risk class [LOW]. Contributions (NLP: 0.2063 risk weight). Cross-modal concordance: [SINGLE_MODALITY]. No active safety escalations triggered. Final assigned risk is [LOW].
SYNTH_PAT_01078,0.362,MODERATE,MODERATE,0.6348,SINGLE_MODALITY,['NLP'],"['ML', 'DL']",,,HIGH,SINGLE_MODALITY,True,"Elevated risk patient with incomplete modality coverage (Missing: ['ML', 'DL']). Clinician review recommended.",32,[],[],[],"Patient SYNTH_PAT_01078 evaluated under evidence level [SINGLE_MODALITY]. Synthesized integrated score is 0.3620 yielding raw risk class [MODERATE]. Contributions (NLP: 0.3620 risk weight). Cross-modal concordance: [SINGLE_MODALITY]. Safety Net Override: Elevated risk patient with incomplete modality coverage (Missing: ['ML', 'DL']). Clinician review recommended. Final assigned risk is [MODERATE]."
SYNTH_PAT_00621,0.3943,MODERATE,MODERATE,0.6363,SINGLE_MODALITY,['NLP'],"['ML', 'DL']",,,HIGH,SINGLE_MODALITY,True,"Elevated risk patient with incomplete modality coverage (Missing: ['ML', 'DL']). Clinician review recommended.",33,[],[],[],"Patient SYNTH_PAT_00621 evaluated under evidence level [SINGLE_MODALITY]. Synthesized integrated score is 0.3943 yielding raw risk class [MODERATE]. Contributions (NLP: 0.3943 risk weight). Cross-modal concordance: [SINGLE_MODALITY]. Safety Net Override: Elevated risk patient with incomplete modality coverage (Missing: ['ML', 'DL']). Clinician review recommended. Final assigned risk is [MODERATE]."
SYNTH_PAT_01023,0.1995,LOW,LOW,0.6276,SINGLE_MODALITY,['NLP'],"['ML', 'DL']",,,HIGH,SINGLE_MODALITY,False,No active safety alerts.,35,[],[],[],Patient SYNTH_PAT_01023 evaluated under evidence level [SINGLE_MODALITY]. Synthesized integrated score is 0.1995 yielding raw risk class [LOW]. Contributions (NLP: 0.1995 risk weight). Cross-modal concordance: [SINGLE_MODALITY]. No active safety escalations triggered. Final assigned risk is [LOW].
SYNTH_PAT_01700,0.5142,MODERATE,MODERATE,0.631,SINGLE_MODALITY,['NLP'],"['ML', 'DL']",,,HIGH,SINGLE_MODALITY,True,"Elevated risk patient with incomplete modality coverage (Missing: ['ML', 'DL']). Clinician review recommended.",37,[],[],[],"Patient SYNTH_PAT_01700 evaluated under evidence level [SINGLE_MODALITY]. Synthesized integrated score is 0.5142 yielding raw risk class [MODERATE]. Contributions (NLP: 0.5142 risk weight). Cross-modal concordance: [SINGLE_MODALITY]. Safety Net Override: Elevated risk patient with incomplete modality coverage (Missing: ['ML', 'DL']). Clinician review recommended. Final assigned risk is [MODERATE]."
SYNTH_PAT_01423,0.2361,LOW,LOW,0.6307,SINGLE_MODALITY,['NLP'],"['ML', 'DL']",,,HIGH,SINGLE_MODALITY,False,No active safety alerts.,33,[],[],[],Patient SYNTH_PAT_01423 evaluated under evidence level [SINGLE_MODALITY]. Synthesized integrated score is 0.2361 yielding raw risk class [LOW]. Contributions (NLP: 0.2361 risk weight). Cross-modal concordance: [SINGLE_MODALITY]. No active safety escalations triggered. Final assigned risk is [LOW].
SYNTH_PAT_01635,0.3005,MODERATE,LOW,0.6297,SINGLE_MODALITY,['NLP'],"['ML', 'DL']",,,HIGH,SINGLE_MODALITY,True,"Acute clinical text probability P(HIGH)=0.3005 >= 0.3; escalated LOW to MODERATE.; Elevated risk patient with incomplete modality coverage (Missing: ['ML', 'DL']). Clinician review recommended.",33,[],[],[],"Patient SYNTH_PAT_01635 evaluated under evidence level [SINGLE_MODALITY]. Synthesized integrated score is 0.3005 yielding raw risk class [LOW]. Contributions (NLP: 0.3005 risk weight). Cross-modal concordance: [SINGLE_MODALITY]. Safety Net Override: Acute clinical text probability P(HIGH)=0.3005 >= 0.3; escalated LOW to MODERATE.; Elevated risk patient with incomplete modality coverage (Missing: ['ML', 'DL']). Clinician review recommended. Final assigned risk is [MODERATE]."
SYNTH_PAT_02430,0.3051,MODERATE,LOW,0.6176,SINGLE_MODALITY,['NLP'],"['ML', 'DL']",,,HIGH,SINGLE_MODALITY,True,"Acute clinical text probability P(HIGH)=0.3051 >= 0.3; escalated LOW to MODERATE.; Elevated risk patient with incomplete modality coverage (Missing: ['ML', 'DL']). Clinician review recommended.",34,[],[],[],"Patient SYNTH_PAT_02430 evaluated under evidence level [SINGLE_MODALITY]. Synthesized integrated score is 0.3051 yielding raw risk class [LOW]. Contributions (NLP: 0.3051 risk weight). Cross-modal concordance: [SINGLE_MODALITY]. Safety Net Override: Acute clinical text probability P(HIGH)=0.3051 >= 0.3; escalated LOW to MODERATE.; Elevated risk patient with incomplete modality coverage (Missing: ['ML', 'DL']). Clinician review recommended. Final assigned risk is [MODERATE]."
SYNTH_PAT_02077,0.3,MODERATE,LOW,0.6323,SINGLE_MODALITY,['NLP'],"['ML', 'DL']",,,HIGH,SINGLE_MODALITY,True,"Acute clinical text probability P(HIGH)=0.3 >= 0.3; escalated LOW to MODERATE.; Elevated risk patient with incomplete modality coverage (Missing: ['ML', 'DL']). Clinician review recommended.",34,[],[],[],"Patient SYNTH_PAT_02077 evaluated under evidence level [SINGLE_MODALITY]. Synthesized integrated score is 0.3000 yielding raw risk class [LOW]. Contributions (NLP: 0.3000 risk weight). Cross-modal concordance: [SINGLE_MODALITY]. Safety Net Override: Acute clinical text probability P(HIGH)=0.3 >= 0.3; escalated LOW to MODERATE.; Elevated risk patient with incomplete modality coverage (Missing: ['ML', 'DL']). Clinician review recommended. Final assigned risk is [MODERATE]."
SYNTH_PAT_01208,0.1092,LOW,LOW,0.6367,SINGLE_MODALITY,['NLP'],"['ML', 'DL']",,,HIGH,SINGLE_MODALITY,False,No active safety alerts.,34,[],[],[],Patient SYNTH_PAT_01208 evaluated under evidence level [SINGLE_MODALITY]. Synthesized integrated score is 0.1092 yielding raw risk class [LOW]. Contributions (NLP: 0.1092 risk weight). Cross-modal concordance: [SINGLE_MODALITY]. No active safety escalations triggered. Final assigned risk is [LOW].
SYNTH_PAT_01352,0.3055,MODERATE,LOW,0.6365,SINGLE_MODALITY,['NLP'],"['ML', 'DL']",,,HIGH,SINGLE_MODALITY,True,"Acute clinical text probability P(HIGH)=0.3055 >= 0.3; escalated LOW to MODERATE.; Elevated risk patient with incomplete modality coverage (Missing: ['ML', 'DL']). Clinician review recommended.",35,[],[],[],"Patient SYNTH_PAT_01352 evaluated under evidence level [SINGLE_MODALITY]. Synthesized integrated score is 0.3055 yielding raw risk class [LOW]. Contributions (NLP: 0.3055 risk weight). Cross-modal concordance: [SINGLE_MODALITY]. Safety Net Override: Acute clinical text probability P(HIGH)=0.3055 >= 0.3; escalated LOW to MODERATE.; Elevated risk patient with incomplete modality coverage (Missing: ['ML', 'DL']). Clinician review recommended. Final assigned risk is [MODERATE]."
SYNTH_PAT_01429,0.226,LOW,LOW,0.6235,SINGLE_MODALITY,['NLP'],"['ML', 'DL']",,,HIGH,SINGLE_MODALITY,False,No active safety alerts.,38,[],[],[],Patient SYNTH_PAT_01429 evaluated under evidence level [SINGLE_MODALITY]. Synthesized integrated score is 0.2260 yielding raw risk class [LOW]. Contributions (NLP: 0.2260 risk weight). Cross-modal concordance: [SINGLE_MODALITY]. No active safety escalations triggered. Final assigned risk is [LOW].
SYNTH_PAT_01992,0.2267,LOW,LOW,0.6287,SINGLE_MODALITY,['NLP'],"['ML', 'DL']",,,HIGH,SINGLE_MODALITY,False,No active safety alerts.,32,[],[],[],Patient SYNTH_PAT_01992 evaluated under evidence level [SINGLE_MODALITY]. Synthesized integrated score is 0.2267 yielding raw risk class [LOW]. Contributions (NLP: 0.2267 risk weight). Cross-modal concordance: [SINGLE_MODALITY]. No active safety escalations triggered. Final assigned risk is [LOW].
SYNTH_PAT_02424,0.231,LOW,LOW,0.6299,SINGLE_MODALITY,['NLP'],"['ML', 'DL']",,,HIGH,SINGLE_MODALITY,False,No active safety alerts.,36,[],[],[],Patient SYNTH_PAT_02424 evaluated under evidence level [SINGLE_MODALITY]. Synthesized integrated score is 0.2310 yielding raw risk class [LOW]. Contributions (NLP: 0.2310 risk weight). Cross-modal concordance: [SINGLE_MODALITY]. No active safety escalations triggered. Final assigned risk is [LOW].
SYNTH_PAT_01151,0.3137,MODERATE,LOW,0.6369,SINGLE_MODALITY,['NLP'],"['ML', 'DL']",,,HIGH,SINGLE_MODALITY,True,"Acute clinical text probability P(HIGH)=0.3137 >= 0.3; escalated LOW to MODERATE.; Elevated risk patient with incomplete modality coverage (Missing: ['ML', 'DL']). Clinician review recommended.",30,[],[],[],"Patient SYNTH_PAT_01151 evaluated under evidence level [SINGLE_MODALITY]. Synthesized integrated score is 0.3137 yielding raw risk class [LOW]. Contributions (NLP: 0.3137 risk weight). Cross-modal concordance: [SINGLE_MODALITY]. Safety Net Override: Acute clinical text probability P(HIGH)=0.3137 >= 0.3; escalated LOW to MODERATE.; Elevated risk patient with incomplete modality coverage (Missing: ['ML', 'DL']). Clinician review recommended. Final assigned risk is [MODERATE]."
SYNTH_PAT_00681,0.1359,LOW,LOW,0.6367,SINGLE_MODALITY,['NLP'],"['ML', 'DL']",,,HIGH,SINGLE_MODALITY,False,No active safety alerts.,33,[],[],[],Patient SYNTH_PAT_00681 evaluated under evidence level [SINGLE_MODALITY]. Synthesized integrated score is 0.1359 yielding raw risk class [LOW]. Contributions (NLP: 0.1359 risk weight). Cross-modal concordance: [SINGLE_MODALITY]. No active safety escalations triggered. Final assigned risk is [LOW].
SYNTH_PAT_00762,0.3808,MODERATE,MODERATE,0.6366,SINGLE_MODALITY,['NLP'],"['ML', 'DL']",,,HIGH,SINGLE_MODALITY,True,"Elevated risk patient with incomplete modality coverage (Missing: ['ML', 'DL']). Clinician review recommended.",44,[],[],[],"Patient SYNTH_PAT_00762 evaluated under evidence level [SINGLE_MODALITY]. Synthesized integrated score is 0.3808 yielding raw risk class [MODERATE]. Contributions (NLP: 0.3808 risk weight). Cross-modal concordance: [SINGLE_MODALITY]. Safety Net Override: Elevated risk patient with incomplete modality coverage (Missing: ['ML', 'DL']). Clinician review recommended. Final assigned risk is [MODERATE]."
SYNTH_PAT_01761,0.3662,MODERATE,MODERATE,0.6342,SINGLE_MODALITY,['NLP'],"['ML', 'DL']",,,HIGH,SINGLE_MODALITY,True,"Elevated risk patient with incomplete modality coverage (Missing: ['ML', 'DL']). Clinician review recommended.",46,[],[],[],"Patient SYNTH_PAT_01761 evaluated under evidence level [SINGLE_MODALITY]. Synthesized integrated score is 0.3662 yielding raw risk class [MODERATE]. Contributions (NLP: 0.3662 risk weight). Cross-modal concordance: [SINGLE_MODALITY]. Safety Net Override: Elevated risk patient with incomplete modality coverage (Missing: ['ML', 'DL']). Clinician review recommended. Final assigned risk is [MODERATE]."
SYNTH_PAT_00220,0.4539,MODERATE,MODERATE,0.6221,SINGLE_MODALITY,['NLP'],"['ML', 'DL']",,,HIGH,SINGLE_MODALITY,True,"Elevated risk patient with incomplete modality coverage (Missing: ['ML', 'DL']). Clinician review recommended.",32,[],[],[],"Patient SYNTH_PAT_00220 evaluated under evidence level [SINGLE_MODALITY]. Synthesized integrated score is 0.4539 yielding raw risk class [MODERATE]. Contributions (NLP: 0.4539 risk weight). Cross-modal concordance: [SINGLE_MODALITY]. Safety Net Override: Elevated risk patient with incomplete modality coverage (Missing: ['ML', 'DL']). Clinician review recommended. Final assigned risk is [MODERATE]."
SYNTH_PAT_02173,0.1248,LOW,LOW,0.6351,SINGLE_MODALITY,['NLP'],"['ML', 'DL']",,,HIGH,SINGLE_MODALITY,False,No active safety alerts.,31,[],[],[],Patient SYNTH_PAT_02173 evaluated under evidence level [SINGLE_MODALITY]. Synthesized integrated score is 0.1248 yielding raw risk class [LOW]. Contributions (NLP: 0.1248 risk weight). Cross-modal concordance: [SINGLE_MODALITY]. No active safety escalations triggered. Final assigned risk is [LOW].
SYNTH_PAT_01789,0.4196,MODERATE,MODERATE,0.6369,SINGLE_MODALITY,['NLP'],"['ML', 'DL']",,,HIGH,SINGLE_MODALITY,True,"Elevated risk patient with incomplete modality coverage (Missing: ['ML', 'DL']). Clinician review recommended.",36,[],[],[],"Patient SYNTH_PAT_01789 evaluated under evidence level [SINGLE_MODALITY]. Synthesized integrated score is 0.4196 yielding raw risk class [MODERATE]. Contributions (NLP: 0.4196 risk weight). Cross-modal concordance: [SINGLE_MODALITY]. Safety Net Override: Elevated risk patient with incomplete modality coverage (Missing: ['ML', 'DL']). Clinician review recommended. Final assigned risk is [MODERATE]."
SYNTH_PAT_00480,0.305,MODERATE,LOW,0.6343,SINGLE_MODALITY,['NLP'],"['ML', 'DL']",,,HIGH,SINGLE_MODALITY,True,"Acute clinical text probability P(HIGH)=0.305 >= 0.3; escalated LOW to MODERATE.; Elevated risk patient with incomplete modality coverage (Missing: ['ML', 'DL']). Clinician review recommended.",42,[],[],[],"Patient SYNTH_PAT_00480 evaluated under evidence level [SINGLE_MODALITY]. Synthesized integrated score is 0.3050 yielding raw risk class [LOW]. Contributions (NLP: 0.3050 risk weight). Cross-modal concordance: [SINGLE_MODALITY]. Safety Net Override: Acute clinical text probability P(HIGH)=0.305 >= 0.3; escalated LOW to MODERATE.; Elevated risk patient with incomplete modality coverage (Missing: ['ML', 'DL']). Clinician review recommended. Final assigned risk is [MODERATE]."
SYNTH_PAT_01133,0.3753,MODERATE,MODERATE,0.6241,SINGLE_MODALITY,['NLP'],"['ML', 'DL']",,,HIGH,SINGLE_MODALITY,True,"Elevated risk patient with incomplete modality coverage (Missing: ['ML', 'DL']). Clinician review recommended.",39,[],[],[],"Patient SYNTH_PAT_01133 evaluated under evidence level [SINGLE_MODALITY]. Synthesized integrated score is 0.3753 yielding raw risk class [MODERATE]. Contributions (NLP: 0.3753 risk weight). Cross-modal concordance: [SINGLE_MODALITY]. Safety Net Override: Elevated risk patient with incomplete modality coverage (Missing: ['ML', 'DL']). Clinician review recommended. Final assigned risk is [MODERATE]."
SYNTH_PAT_02339,0.388,MODERATE,MODERATE,0.6304,SINGLE_MODALITY,['NLP'],"['ML', 'DL']",,,HIGH,SINGLE_MODALITY,True,"Elevated risk patient with incomplete modality coverage (Missing: ['ML', 'DL']). Clinician review recommended.",37,[],[],[],"Patient SYNTH_PAT_02339 evaluated under evidence level [SINGLE_MODALITY]. Synthesized integrated score is 0.3880 yielding raw risk class [MODERATE]. Contributions (NLP: 0.3880 risk weight). Cross-modal concordance: [SINGLE_MODALITY]. Safety Net Override: Elevated risk patient with incomplete modality coverage (Missing: ['ML', 'DL']). Clinician review recommended. Final assigned risk is [MODERATE]."
SYNTH_PAT_00360,0.1092,LOW,LOW,0.6368,SINGLE_MODALITY,['NLP'],"['ML', 'DL']",,,HIGH,SINGLE_MODALITY,False,No active safety alerts.,38,[],[],[],Patient SYNTH_PAT_00360 evaluated under evidence level [SINGLE_MODALITY]. Synthesized integrated score is 0.1092 yielding raw risk class [LOW]. Contributions (NLP: 0.1092 risk weight). Cross-modal concordance: [SINGLE_MODALITY]. No active safety escalations triggered. Final assigned risk is [LOW].
SYNTH_PAT_01444,0.4027,MODERATE,MODERATE,0.6334,SINGLE_MODALITY,['NLP'],"['ML', 'DL']",,,HIGH,SINGLE_MODALITY,True,"Elevated risk patient with incomplete modality coverage (Missing: ['ML', 'DL']). Clinician review recommended.",34,[],[],[],"Patient SYNTH_PAT_01444 evaluated under evidence level [SINGLE_MODALITY]. Synthesized integrated score is 0.4027 yielding raw risk class [MODERATE]. Contributions (NLP: 0.4027 risk weight). Cross-modal concordance: [SINGLE_MODALITY]. Safety Net Override: Elevated risk patient with incomplete modality coverage (Missing: ['ML', 'DL']). Clinician review recommended. Final assigned risk is [MODERATE]."
SYNTH_PAT_01621,0.3051,MODERATE,LOW,0.6267,SINGLE_MODALITY,['NLP'],"['ML', 'DL']",,,HIGH,SINGLE_MODALITY,True,"Acute clinical text probability P(HIGH)=0.3051 >= 0.3; escalated LOW to MODERATE.; Elevated risk patient with incomplete modality coverage (Missing: ['ML', 'DL']). Clinician review recommended.",37,[],[],[],"Patient SYNTH_PAT_01621 evaluated under evidence level [SINGLE_MODALITY]. Synthesized integrated score is 0.3051 yielding raw risk class [LOW]. Contributions (NLP: 0.3051 risk weight). Cross-modal concordance: [SINGLE_MODALITY]. Safety Net Override: Acute clinical text probability P(HIGH)=0.3051 >= 0.3; escalated LOW to MODERATE.; Elevated risk patient with incomplete modality coverage (Missing: ['ML', 'DL']). Clinician review recommended. Final assigned risk is [MODERATE]."
SYNTH_PAT_00318,0.3166,MODERATE,LOW,0.6311,SINGLE_MODALITY,['NLP'],"['ML', 'DL']",,,HIGH,SINGLE_MODALITY,True,"Acute clinical text probability P(HIGH)=0.3166 >= 0.3; escalated LOW to MODERATE.; Elevated risk patient with incomplete modality coverage (Missing: ['ML', 'DL']). Clinician review recommended.",33,[],[],[],"Patient SYNTH_PAT_00318 evaluated under evidence level [SINGLE_MODALITY]. Synthesized integrated score is 0.3166 yielding raw risk class [LOW]. Contributions (NLP: 0.3166 risk weight). Cross-modal concordance: [SINGLE_MODALITY]. Safety Net Override: Acute clinical text probability P(HIGH)=0.3166 >= 0.3; escalated LOW to MODERATE.; Elevated risk patient with incomplete modality coverage (Missing: ['ML', 'DL']). Clinician review recommended. Final assigned risk is [MODERATE]."
SYNTH_PAT_01167,0.3162,MODERATE,LOW,0.6284,SINGLE_MODALITY,['NLP'],"['ML', 'DL']",,,HIGH,SINGLE_MODALITY,True,"Acute clinical text probability P(HIGH)=0.3162 >= 0.3; escalated LOW to MODERATE.; Elevated risk patient with incomplete modality coverage (Missing: ['ML', 'DL']). Clinician review recommended.",34,[],[],[],"Patient SYNTH_PAT_01167 evaluated under evidence level [SINGLE_MODALITY]. Synthesized integrated score is 0.3162 yielding raw risk class [LOW]. Contributions (NLP: 0.3162 risk weight). Cross-modal concordance: [SINGLE_MODALITY]. Safety Net Override: Acute clinical text probability P(HIGH)=0.3162 >= 0.3; escalated LOW to MODERATE.; Elevated risk patient with incomplete modality coverage (Missing: ['ML', 'DL']). Clinician review recommended. Final assigned risk is [MODERATE]."
SYNTH_PAT_01238,0.2312,LOW,LOW,0.6344,SINGLE_MODALITY,['NLP'],"['ML', 'DL']",,,HIGH,SINGLE_MODALITY,False,No active safety alerts.,33,[],[],[],Patient SYNTH_PAT_01238 evaluated under evidence level [SINGLE_MODALITY]. Synthesized integrated score is 0.2312 yielding raw risk class [LOW]. Contributions (NLP: 0.2312 risk weight). Cross-modal concordance: [SINGLE_MODALITY]. No active safety escalations triggered. Final assigned risk is [LOW].
SYNTH_PAT_01717,0.029,LOW,LOW,0.6283,SINGLE_MODALITY,['NLP'],"['ML', 'DL']",,,MODERATE,SINGLE_MODALITY,False,No active safety alerts.,35,[],[],[],Patient SYNTH_PAT_01717 evaluated under evidence level [SINGLE_MODALITY]. Synthesized integrated score is 0.0290 yielding raw risk class [LOW]. Contributions (NLP: 0.0290 risk weight). Cross-modal concordance: [SINGLE_MODALITY]. No active safety escalations triggered. Final assigned risk is [LOW].
SYNTH_PAT_00990,0.3024,MODERATE,LOW,0.6332,SINGLE_MODALITY,['NLP'],"['ML', 'DL']",,,HIGH,SINGLE_MODALITY,True,"Acute clinical text probability P(HIGH)=0.3024 >= 0.3; escalated LOW to MODERATE.; Elevated risk patient with incomplete modality coverage (Missing: ['ML', 'DL']). Clinician review recommended.",37,[],[],[],"Patient SYNTH_PAT_00990 evaluated under evidence level [SINGLE_MODALITY]. Synthesized integrated score is 0.3024 yielding raw risk class [LOW]. Contributions (NLP: 0.3024 risk weight). Cross-modal concordance: [SINGLE_MODALITY]. Safety Net Override: Acute clinical text probability P(HIGH)=0.3024 >= 0.3; escalated LOW to MODERATE.; Elevated risk patient with incomplete modality coverage (Missing: ['ML', 'DL']). Clinician review recommended. Final assigned risk is [MODERATE]."
SYNTH_PAT_01267,0.1147,LOW,LOW,0.6326,SINGLE_MODALITY,['NLP'],"['ML', 'DL']",,,HIGH,SINGLE_MODALITY,False,No active safety alerts.,33,[],[],[],Patient SYNTH_PAT_01267 evaluated under evidence level [SINGLE_MODALITY]. Synthesized integrated score is 0.1147 yielding raw risk class [LOW]. Contributions (NLP: 0.1147 risk weight). Cross-modal concordance: [SINGLE_MODALITY]. No active safety escalations triggered. Final assigned risk is [LOW].
SYNTH_PAT_02266,0.5917,MODERATE,MODERATE,0.6306,SINGLE_MODALITY,['NLP'],"['ML', 'DL']",,,HIGH,SINGLE_MODALITY,True,"Elevated risk patient with incomplete modality coverage (Missing: ['ML', 'DL']). Clinician review recommended.",31,[],[],[],"Patient SYNTH_PAT_02266 evaluated under evidence level [SINGLE_MODALITY]. Synthesized integrated score is 0.5917 yielding raw risk class [MODERATE]. Contributions (NLP: 0.5917 risk weight). Cross-modal concordance: [SINGLE_MODALITY]. Safety Net Override: Elevated risk patient with incomplete modality coverage (Missing: ['ML', 'DL']). Clinician review recommended. Final assigned risk is [MODERATE]."
SYNTH_PAT_02178,0.3208,MODERATE,LOW,0.6339,SINGLE_MODALITY,['NLP'],"['ML', 'DL']",,,HIGH,SINGLE_MODALITY,True,"Acute clinical text probability P(HIGH)=0.3208 >= 0.3; escalated LOW to MODERATE.; Elevated risk patient with incomplete modality coverage (Missing: ['ML', 'DL']). Clinician review recommended.",32,[],[],[],"Patient SYNTH_PAT_02178 evaluated under evidence level [SINGLE_MODALITY]. Synthesized integrated score is 0.3208 yielding raw risk class [LOW]. Contributions (NLP: 0.3208 risk weight). Cross-modal concordance: [SINGLE_MODALITY]. Safety Net Override: Acute clinical text probability P(HIGH)=0.3208 >= 0.3; escalated LOW to MODERATE.; Elevated risk patient with incomplete modality coverage (Missing: ['ML', 'DL']). Clinician review recommended. Final assigned risk is [MODERATE]."
SYNTH_PAT_00629,0.4376,MODERATE,MODERATE,0.6277,SINGLE_MODALITY,['NLP'],"['ML', 'DL']",,,HIGH,SINGLE_MODALITY,True,"Elevated risk patient with incomplete modality coverage (Missing: ['ML', 'DL']). Clinician review recommended.",34,[],[],[],"Patient SYNTH_PAT_00629 evaluated under evidence level [SINGLE_MODALITY]. Synthesized integrated score is 0.4376 yielding raw risk class [MODERATE]. Contributions (NLP: 0.4376 risk weight). Cross-modal concordance: [SINGLE_MODALITY]. Safety Net Override: Elevated risk patient with incomplete modality coverage (Missing: ['ML', 'DL']). Clinician review recommended. Final assigned risk is [MODERATE]."
SYNTH_PAT_01821,0.116,LOW,LOW,0.6282,SINGLE_MODALITY,['NLP'],"['ML', 'DL']",,,HIGH,SINGLE_MODALITY,False,No active safety alerts.,33,[],[],[],Patient SYNTH_PAT_01821 evaluated under evidence level [SINGLE_MODALITY]. Synthesized integrated score is 0.1160 yielding raw risk class [LOW]. Contributions (NLP: 0.1160 risk weight). Cross-modal concordance: [SINGLE_MODALITY]. No active safety escalations triggered. Final assigned risk is [LOW].
SYNTH_PAT_01843,0.4184,MODERATE,MODERATE,0.6367,SINGLE_MODALITY,['NLP'],"['ML', 'DL']",,,HIGH,SINGLE_MODALITY,True,"Elevated risk patient with incomplete modality coverage (Missing: ['ML', 'DL']). Clinician review recommended.",33,[],[],[],"Patient SYNTH_PAT_01843 evaluated under evidence level [SINGLE_MODALITY]. Synthesized integrated score is 0.4184 yielding raw risk class [MODERATE]. Contributions (NLP: 0.4184 risk weight). Cross-modal concordance: [SINGLE_MODALITY]. Safety Net Override: Elevated risk patient with incomplete modality coverage (Missing: ['ML', 'DL']). Clinician review recommended. Final assigned risk is [MODERATE]."
SYNTH_PAT_00305,0.3973,MODERATE,MODERATE,0.6266,SINGLE_MODALITY,['NLP'],"['ML', 'DL']",,,HIGH,SINGLE_MODALITY,True,"Elevated risk patient with incomplete modality coverage (Missing: ['ML', 'DL']). Clinician review recommended.",32,[],[],[],"Patient SYNTH_PAT_00305 evaluated under evidence level [SINGLE_MODALITY]. Synthesized integrated score is 0.3973 yielding raw risk class [MODERATE]. Contributions (NLP: 0.3973 risk weight). Cross-modal concordance: [SINGLE_MODALITY]. Safety Net Override: Elevated risk patient with incomplete modality coverage (Missing: ['ML', 'DL']). Clinician review recommended. Final assigned risk is [MODERATE]."
SYNTH_PAT_00624,0.392,MODERATE,MODERATE,0.6258,SINGLE_MODALITY,['NLP'],"['ML', 'DL']",,,HIGH,SINGLE_MODALITY,True,"Elevated risk patient with incomplete modality coverage (Missing: ['ML', 'DL']). Clinician review recommended.",35,[],[],[],"Patient SYNTH_PAT_00624 evaluated under evidence level [SINGLE_MODALITY]. Synthesized integrated score is 0.3920 yielding raw risk class [MODERATE]. Contributions (NLP: 0.3920 risk weight). Cross-modal concordance: [SINGLE_MODALITY]. Safety Net Override: Elevated risk patient with incomplete modality coverage (Missing: ['ML', 'DL']). Clinician review recommended. Final assigned risk is [MODERATE]."
SYNTH_PAT_01677,0.3344,MODERATE,MODERATE,0.6312,SINGLE_MODALITY,['NLP'],"['ML', 'DL']",,,HIGH,SINGLE_MODALITY,True,"Elevated risk patient with incomplete modality coverage (Missing: ['ML', 'DL']). Clinician review recommended.",32,[],[],[],"Patient SYNTH_PAT_01677 evaluated under evidence level [SINGLE_MODALITY]. Synthesized integrated score is 0.3344 yielding raw risk class [MODERATE]. Contributions (NLP: 0.3344 risk weight). Cross-modal concordance: [SINGLE_MODALITY]. Safety Net Override: Elevated risk patient with incomplete modality coverage (Missing: ['ML', 'DL']). Clinician review recommended. Final assigned risk is [MODERATE]."
SYNTH_PAT_01887,0.3386,MODERATE,MODERATE,0.6345,SINGLE_MODALITY,['NLP'],"['ML', 'DL']",,,HIGH,SINGLE_MODALITY,True,"Elevated risk patient with incomplete modality coverage (Missing: ['ML', 'DL']). Clinician review recommended.",35,[],[],[],"Patient SYNTH_PAT_01887 evaluated under evidence level [SINGLE_MODALITY]. Synthesized integrated score is 0.3386 yielding raw risk class [MODERATE]. Contributions (NLP: 0.3386 risk weight). Cross-modal concordance: [SINGLE_MODALITY]. Safety Net Override: Elevated risk patient with incomplete modality coverage (Missing: ['ML', 'DL']). Clinician review recommended. Final assigned risk is [MODERATE]."
SYNTH_PAT_01073,0.5851,MODERATE,MODERATE,0.6326,SINGLE_MODALITY,['NLP'],"['ML', 'DL']",,,HIGH,SINGLE_MODALITY,True,"Elevated risk patient with incomplete modality coverage (Missing: ['ML', 'DL']). Clinician review recommended.",38,[],[],[],"Patient SYNTH_PAT_01073 evaluated under evidence level [SINGLE_MODALITY]. Synthesized integrated score is 0.5851 yielding raw risk class [MODERATE]. Contributions (NLP: 0.5851 risk weight). Cross-modal concordance: [SINGLE_MODALITY]. Safety Net Override: Elevated risk patient with incomplete modality coverage (Missing: ['ML', 'DL']). Clinician review recommended. Final assigned risk is [MODERATE]."
SYNTH_PAT_01668,0.6839,HIGH,HIGH,0.6365,SINGLE_MODALITY,['NLP'],"['ML', 'DL']",,,HIGH,SINGLE_MODALITY,True,"Elevated risk patient with incomplete modality coverage (Missing: ['ML', 'DL']). Clinician review recommended.",38,[],[],[],"Patient SYNTH_PAT_01668 evaluated under evidence level [SINGLE_MODALITY]. Synthesized integrated score is 0.6839 yielding raw risk class [HIGH]. Contributions (NLP: 0.6839 risk weight). Cross-modal concordance: [SINGLE_MODALITY]. Safety Net Override: Elevated risk patient with incomplete modality coverage (Missing: ['ML', 'DL']). Clinician review recommended. Final assigned risk is [HIGH]."
SYNTH_PAT_00862,0.3264,MODERATE,LOW,0.6256,SINGLE_MODALITY,['NLP'],"['ML', 'DL']",,,HIGH,SINGLE_MODALITY,True,"Acute clinical text probability P(HIGH)=0.3264 >= 0.3; escalated LOW to MODERATE.; Elevated risk patient with incomplete modality coverage (Missing: ['ML', 'DL']). Clinician review recommended.",34,[],[],[],"Patient SYNTH_PAT_00862 evaluated under evidence level [SINGLE_MODALITY]. Synthesized integrated score is 0.3264 yielding raw risk class [LOW]. Contributions (NLP: 0.3264 risk weight). Cross-modal concordance: [SINGLE_MODALITY]. Safety Net Override: Acute clinical text probability P(HIGH)=0.3264 >= 0.3; escalated LOW to MODERATE.; Elevated risk patient with incomplete modality coverage (Missing: ['ML', 'DL']). Clinician review recommended. Final assigned risk is [MODERATE]."
SYNTH_PAT_00484,0.2114,LOW,LOW,0.6274,SINGLE_MODALITY,['NLP'],"['ML', 'DL']",,,HIGH,SINGLE_MODALITY,False,No active safety alerts.,34,[],[],[],Patient SYNTH_PAT_00484 evaluated under evidence level [SINGLE_MODALITY]. Synthesized integrated score is 0.2114 yielding raw risk class [LOW]. Contributions (NLP: 0.2114 risk weight). Cross-modal concordance: [SINGLE_MODALITY]. No active safety escalations triggered. Final assigned risk is [LOW].
SYNTH_PAT_00235,0.2148,LOW,LOW,0.6365,SINGLE_MODALITY,['NLP'],"['ML', 'DL']",,,HIGH,SINGLE_MODALITY,False,No active safety alerts.,35,[],[],[],Patient SYNTH_PAT_00235 evaluated under evidence level [SINGLE_MODALITY]. Synthesized integrated score is 0.2148 yielding raw risk class [LOW]. Contributions (NLP: 0.2148 risk weight). Cross-modal concordance: [SINGLE_MODALITY]. No active safety escalations triggered. Final assigned risk is [LOW].
SYNTH_PAT_00729,0.2143,LOW,LOW,0.6357,SINGLE_MODALITY,['NLP'],"['ML', 'DL']",,,HIGH,SINGLE_MODALITY,False,No active safety alerts.,35,[],[],[],Patient SYNTH_PAT_00729 evaluated under evidence level [SINGLE_MODALITY]. Synthesized integrated score is 0.2143 yielding raw risk class [LOW]. Contributions (NLP: 0.2143 risk weight). Cross-modal concordance: [SINGLE_MODALITY]. No active safety escalations triggered. Final assigned risk is [LOW].
SYNTH_PAT_01393,0.2745,LOW,LOW,0.6211,SINGLE_MODALITY,['NLP'],"['ML', 'DL']",,,HIGH,SINGLE_MODALITY,False,No active safety alerts.,32,[],[],[],Patient SYNTH_PAT_01393 evaluated under evidence level [SINGLE_MODALITY]. Synthesized integrated score is 0.2745 yielding raw risk class [LOW]. Contributions (NLP: 0.2745 risk weight). Cross-modal concordance: [SINGLE_MODALITY]. No active safety escalations triggered. Final assigned risk is [LOW].
SYNTH_PAT_00715,0.469,MODERATE,MODERATE,0.6354,SINGLE_MODALITY,['NLP'],"['ML', 'DL']",,,HIGH,SINGLE_MODALITY,True,"Elevated risk patient with incomplete modality coverage (Missing: ['ML', 'DL']). Clinician review recommended.",35,[],[],[],"Patient SYNTH_PAT_00715 evaluated under evidence level [SINGLE_MODALITY]. Synthesized integrated score is 0.4690 yielding raw risk class [MODERATE]. Contributions (NLP: 0.4690 risk weight). Cross-modal concordance: [SINGLE_MODALITY]. Safety Net Override: Elevated risk patient with incomplete modality coverage (Missing: ['ML', 'DL']). Clinician review recommended. Final assigned risk is [MODERATE]."
SYNTH_PAT_01649,0.0495,LOW,LOW,0.6302,SINGLE_MODALITY,['NLP'],"['ML', 'DL']",,,MODERATE,SINGLE_MODALITY,False,No active safety alerts.,35,[],[],[],Patient SYNTH_PAT_01649 evaluated under evidence level [SINGLE_MODALITY]. Synthesized integrated score is 0.0495 yielding raw risk class [LOW]. Contributions (NLP: 0.0495 risk weight). Cross-modal concordance: [SINGLE_MODALITY]. No active safety escalations triggered. Final assigned risk is [LOW].
SYNTH_PAT_01020,0.4574,MODERATE,MODERATE,0.6368,SINGLE_MODALITY,['NLP'],"['ML', 'DL']",,,HIGH,SINGLE_MODALITY,True,"Elevated risk patient with incomplete modality coverage (Missing: ['ML', 'DL']). Clinician review recommended.",33,[],[],[],"Patient SYNTH_PAT_01020 evaluated under evidence level [SINGLE_MODALITY]. Synthesized integrated score is 0.4574 yielding raw risk class [MODERATE]. Contributions (NLP: 0.4574 risk weight). Cross-modal concordance: [SINGLE_MODALITY]. Safety Net Override: Elevated risk patient with incomplete modality coverage (Missing: ['ML', 'DL']). Clinician review recommended. Final assigned risk is [MODERATE]."
SYNTH_PAT_01993,0.4056,MODERATE,MODERATE,0.6365,SINGLE_MODALITY,['NLP'],"['ML', 'DL']",,,HIGH,SINGLE_MODALITY,True,"Elevated risk patient with incomplete modality coverage (Missing: ['ML', 'DL']). Clinician review recommended.",35,[],[],[],"Patient SYNTH_PAT_01993 evaluated under evidence level [SINGLE_MODALITY]. Synthesized integrated score is 0.4056 yielding raw risk class [MODERATE]. Contributions (NLP: 0.4056 risk weight). Cross-modal concordance: [SINGLE_MODALITY]. Safety Net Override: Elevated risk patient with incomplete modality coverage (Missing: ['ML', 'DL']). Clinician review recommended. Final assigned risk is [MODERATE]."
SYNTH_PAT_02425,0.3818,MODERATE,MODERATE,0.6315,SINGLE_MODALITY,['NLP'],"['ML', 'DL']",,,HIGH,SINGLE_MODALITY,True,"Elevated risk patient with incomplete modality coverage (Missing: ['ML', 'DL']). Clinician review recommended.",30,[],[],[],"Patient SYNTH_PAT_02425 evaluated under evidence level [SINGLE_MODALITY]. Synthesized integrated score is 0.3818 yielding raw risk class [MODERATE]. Contributions (NLP: 0.3818 risk weight). Cross-modal concordance: [SINGLE_MODALITY]. Safety Net Override: Elevated risk patient with incomplete modality coverage (Missing: ['ML', 'DL']). Clinician review recommended. Final assigned risk is [MODERATE]."
SYNTH_PAT_01961,0.1346,LOW,LOW,0.6363,SINGLE_MODALITY,['NLP'],"['ML', 'DL']",,,HIGH,SINGLE_MODALITY,False,No active safety alerts.,39,[],[],[],Patient SYNTH_PAT_01961 evaluated under evidence level [SINGLE_MODALITY]. Synthesized integrated score is 0.1346 yielding raw risk class [LOW]. Contributions (NLP: 0.1346 risk weight). Cross-modal concordance: [SINGLE_MODALITY]. No active safety escalations triggered. Final assigned risk is [LOW].
SYNTH_PAT_01871,0.3007,MODERATE,LOW,0.6364,SINGLE_MODALITY,['NLP'],"['ML', 'DL']",,,HIGH,SINGLE_MODALITY,True,"Acute clinical text probability P(HIGH)=0.3007 >= 0.3; escalated LOW to MODERATE.; Elevated risk patient with incomplete modality coverage (Missing: ['ML', 'DL']). Clinician review recommended.",37,[],[],[],"Patient SYNTH_PAT_01871 evaluated under evidence level [SINGLE_MODALITY]. Synthesized integrated score is 0.3007 yielding raw risk class [LOW]. Contributions (NLP: 0.3007 risk weight). Cross-modal concordance: [SINGLE_MODALITY]. Safety Net Override: Acute clinical text probability P(HIGH)=0.3007 >= 0.3; escalated LOW to MODERATE.; Elevated risk patient with incomplete modality coverage (Missing: ['ML', 'DL']). Clinician review recommended. Final assigned risk is [MODERATE]."
SYNTH_PAT_01658,0.2933,LOW,LOW,0.6302,SINGLE_MODALITY,['NLP'],"['ML', 'DL']",,,HIGH,SINGLE_MODALITY,False,No active safety alerts.,38,[],[],[],Patient SYNTH_PAT_01658 evaluated under evidence level [SINGLE_MODALITY]. Synthesized integrated score is 0.2933 yielding raw risk class [LOW]. Contributions (NLP: 0.2933 risk weight). Cross-modal concordance: [SINGLE_MODALITY]. No active safety escalations triggered. Final assigned risk is [LOW].
SYNTH_PAT_00791,0.295,LOW,LOW,0.6352,SINGLE_MODALITY,['NLP'],"['ML', 'DL']",,,HIGH,SINGLE_MODALITY,False,No active safety alerts.,32,[],[],[],Patient SYNTH_PAT_00791 evaluated under evidence level [SINGLE_MODALITY]. Synthesized integrated score is 0.2950 yielding raw risk class [LOW]. Contributions (NLP: 0.2950 risk weight). Cross-modal concordance: [SINGLE_MODALITY]. No active safety escalations triggered. Final assigned risk is [LOW].
SYNTH_PAT_02337,0.3908,MODERATE,MODERATE,0.6291,SINGLE_MODALITY,['NLP'],"['ML', 'DL']",,,HIGH,SINGLE_MODALITY,True,"Elevated risk patient with incomplete modality coverage (Missing: ['ML', 'DL']). Clinician review recommended.",30,[],[],[],"Patient SYNTH_PAT_02337 evaluated under evidence level [SINGLE_MODALITY]. Synthesized integrated score is 0.3908 yielding raw risk class [MODERATE]. Contributions (NLP: 0.3908 risk weight). Cross-modal concordance: [SINGLE_MODALITY]. Safety Net Override: Elevated risk patient with incomplete modality coverage (Missing: ['ML', 'DL']). Clinician review recommended. Final assigned risk is [MODERATE]."
SYNTH_PAT_02422,0.3067,MODERATE,LOW,0.6322,SINGLE_MODALITY,['NLP'],"['ML', 'DL']",,,HIGH,SINGLE_MODALITY,True,"Acute clinical text probability P(HIGH)=0.3067 >= 0.3; escalated LOW to MODERATE.; Elevated risk patient with incomplete modality coverage (Missing: ['ML', 'DL']). Clinician review recommended.",32,[],[],[],"Patient SYNTH_PAT_02422 evaluated under evidence level [SINGLE_MODALITY]. Synthesized integrated score is 0.3067 yielding raw risk class [LOW]. Contributions (NLP: 0.3067 risk weight). Cross-modal concordance: [SINGLE_MODALITY]. Safety Net Override: Acute clinical text probability P(HIGH)=0.3067 >= 0.3; escalated LOW to MODERATE.; Elevated risk patient with incomplete modality coverage (Missing: ['ML', 'DL']). Clinician review recommended. Final assigned risk is [MODERATE]."
SYNTH_PAT_02307,0.2996,LOW,LOW,0.6354,SINGLE_MODALITY,['NLP'],"['ML', 'DL']",,,HIGH,SINGLE_MODALITY,False,No active safety alerts.,34,[],[],[],Patient SYNTH_PAT_02307 evaluated under evidence level [SINGLE_MODALITY]. Synthesized integrated score is 0.2996 yielding raw risk class [LOW]. Contributions (NLP: 0.2996 risk weight). Cross-modal concordance: [SINGLE_MODALITY]. No active safety escalations triggered. Final assigned risk is [LOW].
SYNTH_PAT_00402,0.3923,MODERATE,MODERATE,0.636,SINGLE_MODALITY,['NLP'],"['ML', 'DL']",,,HIGH,SINGLE_MODALITY,True,"Elevated risk patient with incomplete modality coverage (Missing: ['ML', 'DL']). Clinician review recommended.",33,[],[],[],"Patient SYNTH_PAT_00402 evaluated under evidence level [SINGLE_MODALITY]. Synthesized integrated score is 0.3923 yielding raw risk class [MODERATE]. Contributions (NLP: 0.3923 risk weight). Cross-modal concordance: [SINGLE_MODALITY]. Safety Net Override: Elevated risk patient with incomplete modality coverage (Missing: ['ML', 'DL']). Clinician review recommended. Final assigned risk is [MODERATE]."
SYNTH_PAT_01060,0.3891,MODERATE,MODERATE,0.6339,SINGLE_MODALITY,['NLP'],"['ML', 'DL']",,,HIGH,SINGLE_MODALITY,True,"Elevated risk patient with incomplete modality coverage (Missing: ['ML', 'DL']). Clinician review recommended.",36,[],[],[],"Patient SYNTH_PAT_01060 evaluated under evidence level [SINGLE_MODALITY]. Synthesized integrated score is 0.3891 yielding raw risk class [MODERATE]. Contributions (NLP: 0.3891 risk weight). Cross-modal concordance: [SINGLE_MODALITY]. Safety Net Override: Elevated risk patient with incomplete modality coverage (Missing: ['ML', 'DL']). Clinician review recommended. Final assigned risk is [MODERATE]."
SYNTH_PAT_01733,0.49,MODERATE,MODERATE,0.6305,SINGLE_MODALITY,['NLP'],"['ML', 'DL']",,,HIGH,SINGLE_MODALITY,True,"Elevated risk patient with incomplete modality coverage (Missing: ['ML', 'DL']). Clinician review recommended.",33,[],[],[],"Patient SYNTH_PAT_01733 evaluated under evidence level [SINGLE_MODALITY]. Synthesized integrated score is 0.4900 yielding raw risk class [MODERATE]. Contributions (NLP: 0.4900 risk weight). Cross-modal concordance: [SINGLE_MODALITY]. Safety Net Override: Elevated risk patient with incomplete modality coverage (Missing: ['ML', 'DL']). Clinician review recommended. Final assigned risk is [MODERATE]."
SYNTH_PAT_02449,0.1532,LOW,LOW,0.6344,SINGLE_MODALITY,['NLP'],"['ML', 'DL']",,,HIGH,SINGLE_MODALITY,False,No active safety alerts.,35,[],[],[],Patient SYNTH_PAT_02449 evaluated under evidence level [SINGLE_MODALITY]. Synthesized integrated score is 0.1532 yielding raw risk class [LOW]. Contributions (NLP: 0.1532 risk weight). Cross-modal concordance: [SINGLE_MODALITY]. No active safety escalations triggered. Final assigned risk is [LOW].
SYNTH_PAT_02301,0.3197,MODERATE,LOW,0.6317,SINGLE_MODALITY,['NLP'],"['ML', 'DL']",,,HIGH,SINGLE_MODALITY,True,"Acute clinical text probability P(HIGH)=0.3197 >= 0.3; escalated LOW to MODERATE.; Elevated risk patient with incomplete modality coverage (Missing: ['ML', 'DL']). Clinician review recommended.",31,[],[],[],"Patient SYNTH_PAT_02301 evaluated under evidence level [SINGLE_MODALITY]. Synthesized integrated score is 0.3197 yielding raw risk class [LOW]. Contributions (NLP: 0.3197 risk weight). Cross-modal concordance: [SINGLE_MODALITY]. Safety Net Override: Acute clinical text probability P(HIGH)=0.3197 >= 0.3; escalated LOW to MODERATE.; Elevated risk patient with incomplete modality coverage (Missing: ['ML', 'DL']). Clinician review recommended. Final assigned risk is [MODERATE]."
SYNTH_PAT_00649,0.3269,MODERATE,LOW,0.6248,SINGLE_MODALITY,['NLP'],"['ML', 'DL']",,,HIGH,SINGLE_MODALITY,True,"Acute clinical text probability P(HIGH)=0.3269 >= 0.3; escalated LOW to MODERATE.; Elevated risk patient with incomplete modality coverage (Missing: ['ML', 'DL']). Clinician review recommended.",30,[],[],[],"Patient SYNTH_PAT_00649 evaluated under evidence level [SINGLE_MODALITY]. Synthesized integrated score is 0.3269 yielding raw risk class [LOW]. Contributions (NLP: 0.3269 risk weight). Cross-modal concordance: [SINGLE_MODALITY]. Safety Net Override: Acute clinical text probability P(HIGH)=0.3269 >= 0.3; escalated LOW to MODERATE.; Elevated risk patient with incomplete modality coverage (Missing: ['ML', 'DL']). Clinician review recommended. Final assigned risk is [MODERATE]."
SYNTH_PAT_00622,0.4228,MODERATE,MODERATE,0.6366,SINGLE_MODALITY,['NLP'],"['ML', 'DL']",,,HIGH,SINGLE_MODALITY,True,"Elevated risk patient with incomplete modality coverage (Missing: ['ML', 'DL']). Clinician review recommended.",32,[],[],[],"Patient SYNTH_PAT_00622 evaluated under evidence level [SINGLE_MODALITY]. Synthesized integrated score is 0.4228 yielding raw risk class [MODERATE]. Contributions (NLP: 0.4228 risk weight). Cross-modal concordance: [SINGLE_MODALITY]. Safety Net Override: Elevated risk patient with incomplete modality coverage (Missing: ['ML', 'DL']). Clinician review recommended. Final assigned risk is [MODERATE]."
SYNTH_PAT_00483,0.4842,MODERATE,MODERATE,0.6164,SINGLE_MODALITY,['NLP'],"['ML', 'DL']",,,HIGH,SINGLE_MODALITY,True,"Elevated risk patient with incomplete modality coverage (Missing: ['ML', 'DL']). Clinician review recommended.",38,[],[],[],"Patient SYNTH_PAT_00483 evaluated under evidence level [SINGLE_MODALITY]. Synthesized integrated score is 0.4842 yielding raw risk class [MODERATE]. Contributions (NLP: 0.4842 risk weight). Cross-modal concordance: [SINGLE_MODALITY]. Safety Net Override: Elevated risk patient with incomplete modality coverage (Missing: ['ML', 'DL']). Clinician review recommended. Final assigned risk is [MODERATE]."
SYNTH_PAT_01470,0.4016,MODERATE,MODERATE,0.6304,SINGLE_MODALITY,['NLP'],"['ML', 'DL']",,,HIGH,SINGLE_MODALITY,True,"Elevated risk patient with incomplete modality coverage (Missing: ['ML', 'DL']). Clinician review recommended.",37,[],[],[],"Patient SYNTH_PAT_01470 evaluated under evidence level [SINGLE_MODALITY]. Synthesized integrated score is 0.4016 yielding raw risk class [MODERATE]. Contributions (NLP: 0.4016 risk weight). Cross-modal concordance: [SINGLE_MODALITY]. Safety Net Override: Elevated risk patient with incomplete modality coverage (Missing: ['ML', 'DL']). Clinician review recommended. Final assigned risk is [MODERATE]."
SYNTH_PAT_02498,0.3081,MODERATE,LOW,0.6328,SINGLE_MODALITY,['NLP'],"['ML', 'DL']",,,HIGH,SINGLE_MODALITY,True,"Acute clinical text probability P(HIGH)=0.3081 >= 0.3; escalated LOW to MODERATE.; Elevated risk patient with incomplete modality coverage (Missing: ['ML', 'DL']). Clinician review recommended.",33,[],[],[],"Patient SYNTH_PAT_02498 evaluated under evidence level [SINGLE_MODALITY]. Synthesized integrated score is 0.3081 yielding raw risk class [LOW]. Contributions (NLP: 0.3081 risk weight). Cross-modal concordance: [SINGLE_MODALITY]. Safety Net Override: Acute clinical text probability P(HIGH)=0.3081 >= 0.3; escalated LOW to MODERATE.; Elevated risk patient with incomplete modality coverage (Missing: ['ML', 'DL']). Clinician review recommended. Final assigned risk is [MODERATE]."
SYNTH_PAT_01226,0.3899,MODERATE,MODERATE,0.6269,SINGLE_MODALITY,['NLP'],"['ML', 'DL']",,,HIGH,SINGLE_MODALITY,True,"Elevated risk patient with incomplete modality coverage (Missing: ['ML', 'DL']). Clinician review recommended.",35,[],[],[],"Patient SYNTH_PAT_01226 evaluated under evidence level [SINGLE_MODALITY]. Synthesized integrated score is 0.3899 yielding raw risk class [MODERATE]. Contributions (NLP: 0.3899 risk weight). Cross-modal concordance: [SINGLE_MODALITY]. Safety Net Override: Elevated risk patient with incomplete modality coverage (Missing: ['ML', 'DL']). Clinician review recommended. Final assigned risk is [MODERATE]."
SYNTH_PAT_01610,0.2423,LOW,LOW,0.6143,SINGLE_MODALITY,['NLP'],"['ML', 'DL']",,,HIGH,SINGLE_MODALITY,False,No active safety alerts.,33,[],[],[],Patient SYNTH_PAT_01610 evaluated under evidence level [SINGLE_MODALITY]. Synthesized integrated score is 0.2423 yielding raw risk class [LOW]. Contributions (NLP: 0.2423 risk weight). Cross-modal concordance: [SINGLE_MODALITY]. No active safety escalations triggered. Final assigned risk is [LOW].
SYNTH_PAT_00628,0.2138,LOW,LOW,0.6308,SINGLE_MODALITY,['NLP'],"['ML', 'DL']",,,HIGH,SINGLE_MODALITY,False,No active safety alerts.,34,[],[],[],Patient SYNTH_PAT_00628 evaluated under evidence level [SINGLE_MODALITY]. Synthesized integrated score is 0.2138 yielding raw risk class [LOW]. Contributions (NLP: 0.2138 risk weight). Cross-modal concordance: [SINGLE_MODALITY]. No active safety escalations triggered. Final assigned risk is [LOW].
SYNTH_PAT_02334,0.2658,LOW,LOW,0.6323,SINGLE_MODALITY,['NLP'],"['ML', 'DL']",,,HIGH,SINGLE_MODALITY,False,No active safety alerts.,42,[],[],[],Patient SYNTH_PAT_02334 evaluated under evidence level [SINGLE_MODALITY]. Synthesized integrated score is 0.2658 yielding raw risk class [LOW]. Contributions (NLP: 0.2658 risk weight). Cross-modal concordance: [SINGLE_MODALITY]. No active safety escalations triggered. Final assigned risk is [LOW].
SYNTH_PAT_01588,0.4767,MODERATE,MODERATE,0.6299,SINGLE_MODALITY,['NLP'],"['ML', 'DL']",,,HIGH,SINGLE_MODALITY,True,"Elevated risk patient with incomplete modality coverage (Missing: ['ML', 'DL']). Clinician review recommended.",34,[],[],[],"Patient SYNTH_PAT_01588 evaluated under evidence level [SINGLE_MODALITY]. Synthesized integrated score is 0.4767 yielding raw risk class [MODERATE]. Contributions (NLP: 0.4767 risk weight). Cross-modal concordance: [SINGLE_MODALITY]. Safety Net Override: Elevated risk patient with incomplete modality coverage (Missing: ['ML', 'DL']). Clinician review recommended. Final assigned risk is [MODERATE]."
SYNTH_PAT_00725,0.3953,MODERATE,MODERATE,0.6257,SINGLE_MODALITY,['NLP'],"['ML', 'DL']",,,HIGH,SINGLE_MODALITY,True,"Elevated risk patient with incomplete modality coverage (Missing: ['ML', 'DL']). Clinician review recommended.",43,[],[],[],"Patient SYNTH_PAT_00725 evaluated under evidence level [SINGLE_MODALITY]. Synthesized integrated score is 0.3953 yielding raw risk class [MODERATE]. Contributions (NLP: 0.3953 risk weight). Cross-modal concordance: [SINGLE_MODALITY]. Safety Net Override: Elevated risk patient with incomplete modality coverage (Missing: ['ML', 'DL']). Clinician review recommended. Final assigned risk is [MODERATE]."
